UserId	Reason
0000DF31B2A566372420C9D9B6A5647B	invalid_price_value
0001CC21DD0965AE11B2DAD8DCA164CA	invalid_gender_value
0003075E5A0E57E3DFADC7EEFFFFFFFF	invalid_price_value
0003D8409CF268E81975CF479DA16913	invalid_price_value
00053339E469F888C17A10E6FFFFFFFF	invalid_price_value
000565D53C9F691E301D6956389F6A61	invalid_price_value
0005892358A8D3FF953006D3FFFFFFFF	invalid_price_value
00072F8668786EB30F993B9069F46F91	invalid_price_value
0007F930451E057E16526427FFFFFFFF	invalid_price_value
000911770BD264922104078D0A7965DD	invalid_price_value
000BD94298EE6D38099CD21AFFFFFFFF	invalid_price_value
000C4E9253506E4B1CC15990528F6F60	missing_fields
000CBC1612ED69F628C0AAEB13CD6893	invalid_price_value
000E7B5A7462659705156EBD757E6478	invalid_price_value
000EEA862D1F68703A57FC722C3F6911	invalid_price_value
00113EAF8DD76D360912285D8C5A6C9E	invalid_price_value
00126BA2E7C8C5618F534708FFFFFFFF	invalid_price_value
0013A927D8FB9071E6BD56BCFFFFFFFF	invalid_price_value
001527F618014FA5E5410A2CFFFFFFFF	invalid_price_value
00169649C1CCB4C624E34903FFFFFFFF	invalid_price_value
00178C2DFEDD8367F181A93DFFFFFFFF	invalid_price_value
00182F8EB7066BD331EE3B7EB6B86A68	invalid_price_value
0018D947F4B4F3289F58CA36FFFFFFFF	invalid_price_value
0018E0DCD1D860AF22DDF203D06F61B2	invalid_price_value
001C039D5E7D60BC21CD16575F8C61CB	invalid_price_value
001CF0AFB968658128C4E649B867644E	invalid_price_value
001DF95ED97E687F16BFEF20D8E369E2	invalid_price_value
001FE3F30FF36A222F6EF65A0EF16BC7	invalid_price_value
0020591DEAF06449208A4D33EB7E65F0	invalid_gender_value
0020F89F20CD69E81B6AF51C2145689C	missing_fields
002212EDB06065C71E510470B11B64D9	invalid_price_value
00231FD7F81E64FF15330AD1F993659E	invalid_price_value
0025316AE0E0EE9835ED1162FFFFFFFF	invalid_price_value
0027F8720DE1629833A6EF7B0C8E6326	invalid_price_value
0029D172EE1A61591487C78AEF9160D2	invalid_price_value
0029D5CDF028690421F9C2C6F15E68DF	invalid_price_value
002B46D084F1BF7822EABBCEFFFFFFFF	invalid_price_value
002B6054660366D6134476ED67D5677B	invalid_price_value
002CACA11D966E790212BA4B1CBD6FF9	invalid_price_value
002E35145DEE6F9A02F920A15CC36E07	invalid_price_value
0033102F7FC5B704EB4719E1FFFFFFFF	invalid_price_value
0034C290F2AF6CC30AFFD415F33C6D98	invalid_price_value
0034FB062F4D3E73BA34C67FFFFFFFFF	invalid_price_value
0036BAFE1C03625638D5ADF71D6C6327	invalid_price_value
003822F9F3D0859E2B13DECAFFFFFFFF	invalid_price_value
00384854A2F86E0B3F105EAAA3FB6F6C	invalid_price_value
00387897792368AB0A526D6678E46992	invalid_price_value
00394AB08A2B640D12ED5C5E8B95650E	json_parse_error
003A9544744D67891E4483B175A366D2	invalid_price_value
003ADC64017FCC9A446AE259FFFFFFFF	invalid_price_value
003BBB329F1C66DC0399AD789ED36727	invalid_price_value
003D36D1FE956F981D27202DFF556E71	invalid_price_value
003DD15544515DB7FBE4270FFFFFFFFF	invalid_price_value
003F4C4ED4EC690989E86C98FFFFFFFF	invalid_price_value
004043B628567CDAC09A0187FFFFFFFF	invalid_price_value
0041A9C2713B3B7FE41D80B1FFFFFFFF	invalid_price_value
0041CF7CEF816AC82B37D9DEEE6D6BBD	invalid_price_value
0042885B0D9DD7ECFC8EB052FFFFFFFF	invalid_price_value
0044A8275A906C153980A0B45B876D3A	invalid_price_value
004640E09A35618E15E2562D9B3D6044	invalid_price_value
0048D18E19216CD8247DC32718366D8A	invalid_price_value
004930CB69A9DE9EC4538644FFFFFFFF	invalid_price_value
0049B88DD29E6F71376CAE64D3676E45	invalid_price_value
004A0D7D8BC56EB12C951C158AB46F8B	invalid_price_value
004DD39FE0526EC01645C726E15A6FD4	missing_fields
004E965836EE6E513EBA808737926F95	invalid_price_value
005051D57D2E1BF522B02210FFFFFFFF	missing_fields
0050E5623FD867992349F3993E00664C	invalid_price_value
00519A40365D46E1A1B95A22FFFFFFFF	invalid_price_value
00542A1FF6CE750BC0369DA6FFFFFFFF	invalid_price_value
0055B8D0CE296CAB0438AD81CFCE6D00	invalid_price_value
0058846F54A26E4C319791AD55326F28	invalid_price_value
00599499810C61343CE78081806E6006	invalid_price_value
005A42B2EF616F56152556C3EE486EF1	invalid_gender_value
005B1E7A3BD668AB3DE308893A006946	invalid_gender_value
005C01E6B173603803BA1700B00D615C	invalid_price_value
005D68D8DE3F6BD628C77E34DFB96A91	invalid_price_value
005DF3CE9252A961C12B85E9FFFFFFFF	missing_fields
005E00B0DFD660DC19FD158ADEA3615D	invalid_price_value
0062C2F94986F068464150D9FFFFFFFF	invalid_price_value
0062ECF0F607D6A859A61E64FFFFFFFF	invalid_price_value
0063DCD435A76A2F1F9ACA6131A76C5A	invalid_price_value
006462F7B8B339AB8DEFD50CFFFFFFFF	invalid_price_value
006575B1DF13655D1D1A60EEDE906489	invalid_price_value
0067F7BEFA2B624A0F04E5F6FB836329	invalid_gender_value
0069BC13F50A08186444D74BFFFFFFFF	invalid_price_value
0069EBF50C6246B1F4A89783FFFFFFFF	invalid_price_value
006A4B4FF977300ED38C106BFFFFFFFF	invalid_gender_value
006AE75DCC4AA8C2F270293FFFFFFFFF	invalid_price_value
006B0B16DD1426DCA8A3DCC4FFFFFFFF	invalid_price_value
006B4F9A53E5148DBD88CB70FFFFFFFF	invalid_price_value
006C08FC028A692022181E7C03FF6808	invalid_price_value
006CC1DBE60EFEADEA79C359FFFFFFFF	invalid_price_value
006E16EAA3C8641E1B7701EEA2386582	missing_fields
006E4822A7616DEF0ACB5EA9A6CC6CD4	invalid_price_value
006E70B0E0D4D32DF0F9D9B7FFFFFFFF	invalid_price_value
007068E094CB6F9E3E597E1B95EE6E5D	invalid_price_value
00710A60ABAB62AD071CC461FFFFFFFF	invalid_price_value
00723D5D4BACA77FD966ABE4FFFFFFFF	invalid_price_value
00741C5A73936C5B3E300AAB72DA6DD0	missing_fields
007430F066465BE9CF342ED6FFFFFFFF	invalid_price_value
00757357515D67C93575661D503166D6	invalid_price_value
00766ADB68BD65700A5F7F696924643A	missing_fields
007ABED285F064EB11C3A85484486505	invalid_price_value
007AD286F08CB844ADF6FEBCFFFFFFFF	invalid_gender_value
007AE683372660070823F184362F6136	invalid_price_value
007E497E9BF462FC10B15E749A36630A	invalid_price_value
007F21D33D1B64F733C936D53CCF65F5	invalid_price_value
007F4204944E66A7164A55099598675C	invalid_price_value
007FBC9A013769F62319AA2D004C68C9	invalid_price_value
00814584466E4077B0BD9F83FFFFFFFF	invalid_price_value
008324E41C016F461D48329C1D266EBA	invalid_price_value
0083FBE29B0480680B22E871FFFFFFFF	invalid_price_value
008649DB54AA81AB685A19C1FFFFFFFF	invalid_price_value
0087FD617584648D125BF48974686511	invalid_price_value
008861432FE063153F7177542E91629E	invalid_price_value
008B8F400EEA65031EFB99B90FBC64AC	invalid_price_value
008D7ED944410E3288FFF7B4FFFFFFFF	invalid_price_value
008EBF9F180C0EBE93BE61D1FFFFFFFF	invalid_price_value
008F48A207666F5622CB5D47064B6E6C	invalid_price_value
008F86C6CD2B68571884939FCCDB6942	invalid_gender_value
009238718A63A75F0CAD43B9FFFFFFFF	invalid_gender_value
00924D1990006BB633DB599891936AF9	invalid_price_value
0094BC91EBB5659B2583AA51EAE36470	invalid_price_value
00951F0D9078697534780B139155685C	invalid_price_value
009A30CE7D54D988E0E399E9FFFFFFFF	invalid_price_value
009C44A4DF0B65EF0DF050BFDE756405	invalid_price_value
009CF89BD8837B18A78A1007FFFFFFFF	invalid_price_value
009E0D3FB52227BAFFF2C4E0FFFFFFFF	invalid_price_value
009FD9C9717C63C52F19CF2870EB625E	invalid_price_value
00A29ACA6E95649E32468F786F83659E	invalid_price_value
00A29C8FC76462F2124D8A67C6F96318	invalid_price_value
00A30D431A64624421A91BCB1B3B6305	invalid_price_value
00A4D813DE4744E5E4AA9CFCFFFFFFFF	invalid_price_value
00A4E009DBC0E23AA7EEDDC1FFFFFFFF	invalid_price_value
00A67FDAB82860D527E270BEB9AC61AD	invalid_price_value
00A6ADEFFA596B9C2734BB1EFBE76A80	invalid_price_value
00A742AD367768EF0AA5545A37A36966	invalid_price_value
00A88F3CBB5B69B14F90B75BFFFFFFFF	invalid_price_value
00A91DA1A46F66A609670BB1A5AD67E1	invalid_price_value
00A92035267A1947ACF56CDFFFFFFFFF	invalid_price_value
00A9709B90886AF914D9666191EA6BDE	missing_fields
00AA8A178EF46A5301EF9C918F7F6BAA	invalid_price_value
00ABE04FE0DF6D42297FF74DE11E6C63	invalid_price_value
00AE6EDBC00860BF2B4F79D5C1FC61BA	invalid_price_value
00B0041B722667C13D1312E273266641	invalid_price_value
00B067C064DE64660749713565C96561	invalid_price_value
00B0D7FC7D4EF59D4B15B1B4FFFFFFFF	invalid_price_value
00B271B72E6F02BBB20FA8CEFFFFFFFF	invalid_gender_value
00B524483ACD9BBD8D189E24FFFFFFFF	invalid_price_value
00B5B3FC69836C9C283CA4F968146D22	invalid_gender_value
00B5C20403D163F32B69D6E502866209	invalid_price_value
00B6A85ABBD8248F5646B65AFFFFFFFF	invalid_price_value
00B6BBCA722460AA211BAD25737861A6	invalid_price_value
00BA0601E7A0BC7D212D27E3FFFFFFFF	invalid_price_value
00BA183A8D4B6D3F1AE30D418CCD6C24	invalid_price_value
00BB5A7BBC7C6D0A30D24CD4BDF76C20	invalid_price_value
00BC851BCAE43D7293527382FFFFFFFF	invalid_price_value
00BCF09A3E4460CF12C6E66F3F9561AE	invalid_price_value
00BCF9D2E9F963291858EF10E823628C	invalid_price_value
00BD697448D1ED15B88E7578FFFFFFFF	invalid_price_value
00BE3211EB356B4319A42483EA436A61	invalid_price_value
00BE5BB60A416447165C4D250B9F6501	invalid_price_value
00C172325A95EB8AB31E32B5FFFFFFFF	invalid_price_value
00C4B456CA4168F805F0A2B1CB3F6917	invalid_price_value
00C4D85BFC4961661BC3CEB7FD3660CE	invalid_price_value
00C560089496811D512791B5FFFFFFFF	invalid_price_value
00C8C06F9542F45846E76C47FFFFFFFF	invalid_price_value
00C923C5E516796B6836579AFFFFFFFF	invalid_price_value
00C9E2560837FEEF75736EDBFFFFFFFF	invalid_gender_value
00CAA5EA591D0DB359A07834FFFFFFFF	invalid_price_value
00CB7E2ACF57C6B14E01D196FFFFFFFF	invalid_price_value
00CBCF1BDBBE689132ACD81DDA50697C	missing_fields
00CC081D9CCDAA239FD29C1BFFFFFFFF	invalid_price_value
00CD2D9E763817E3CBB45355FFFFFFFF	invalid_price_value
00CD3D2CAD536D64164C283EACE36C13	invalid_price_value
00CE4F38BE696C0D36055BF6BFC86D76	invalid_price_value
00CE68B3980E61EB1BF37AE8992E6029	invalid_price_value
00D26D3293CB0BB53FEFCCE0FFFFFFFF	invalid_price_value
00D5D02BD4ED6CD83226C725D5936D47	invalid_gender_value
00D5F93152C667732089EF9F534866B2	invalid_price_value
00D688327D5C6503354C9ECD7C336425	invalid_gender_value
00D69507208D65850EF786E021206464	invalid_price_value
00D81AD0DBAA68AC09DF0A2BDA4E69F0	invalid_price_value
00DCECC481C65FB6F88A24B7FFFFFFFF	invalid_price_value
00DD9EF84D456C16041B88A44C286D24	invalid_price_value
00DFD0FA0555A3A38E1A6A9DFFFFFFFF	invalid_price_value
00E07AF5CFE91D8CBEF3D376FFFFFFFF	invalid_price_value
00E1F04AA0C76E1C3C73E4E3A18B6FF9	invalid_price_value
00E23DDEA2DDF9D22BD18289FFFFFFFF	invalid_price_value
00E45C0911AB67B032314ABF108766AD	invalid_price_value
00E55FCCE71F635F2FB84936E68D6257	invalid_price_value
00E6048EDD62619133B21276DCE9605A	invalid_price_value
00E6D323ED456B763F60C0C7EC126A72	invalid_price_value
00E8A967DC186DD61101BE69DDEC6C92	invalid_price_value
00EB330E342A811A2239BD65FFFFFFFF	invalid_price_value
00EC23CCE8216F4F366A3562EC21617B	invalid_price_value
00ED770420102E897C31459FFFFFFFFF	invalid_price_value
00EED389FB93F328E70EDE2EFFFFFFFF	invalid_gender_value
00F2A93A3C2C60A80EE9BFC63D1C611A	invalid_price_value
00F2CF86F163ACD61CBEEF61FFFFFFFF	invalid_price_value
00F3A9DEE0139A379E0F6F72FFFFFFFF	invalid_price_value
00F3FDC2BCAD6E501BBFEB38BD176F5C	invalid_price_value
00F4911C48A4C6E7A6910F36FFFFFFFF	invalid_price_value
00F569EE4603DC57FB568D1FFFFFFFFF	invalid_price_value
00F61CC07FD1C34E11A135EEFFFFFFFF	invalid_price_value
00F789BF7CBA47F7C15F192BFFFFFFFF	invalid_price_value
00F797C7F7A869AA852C86B1FFFFFFFF	invalid_price_value
00F80C904BB2E004EC105EC5FFFFFFFF	invalid_price_value
00F8314E4A196D1333F325444B056CC7	invalid_price_value
00FC72E9C8B7EC0B27B90C97FFFFFFFF	invalid_price_value
00FE8DAAB403501CAE66A032FFFFFFFF	invalid_gender_value
00FFE6545A7364870D6AF4455E736247	invalid_price_value
0100651FFE2F4B3A2F9FFADAFFFFFFFF	invalid_price_value
0101C17CF801A04BD9E2B28BFFFFFFFF	invalid_gender_value
0103D2CB6EDE64E43CBAC44F6F5E65A3	invalid_gender_value
0104016FC11D48525225AE11FFFFFFFF	invalid_price_value
01041A561C3D60C63F600CAC1D966195	invalid_price_value
01092909AC5F6164062A8E8BFFFFFFFF	invalid_gender_value
0109FC59FAA466F42B5AE8BDFB4D6743	invalid_price_value
010AF3C1BD5A69F93B7DE59ABC9468D3	invalid_price_value
010C3729A3A0690A38792206A20A68CB	invalid_price_value
010D0D02975788A91E447BADFFFFFFFF	invalid_price_value
010DCF528E6361090D7DD8518FA860E4	invalid_price_value
010DF21FB44F680AA45B2862FFFFFFFF	invalid_price_value
010DF37943073709359EF92FFFFFFFFF	invalid_price_value
010E9BF7D6636D76095E8D0DD7CE6CA2	invalid_price_value
010FD2C635E864F62E88C6EB348A658C	invalid_price_value
0111829590D16AA10E8E959C91DD6BD0	invalid_price_value
011365D526AB4A56B2D5CA18FFFFFFFF	invalid_price_value
0113BFBFA46D6B20249DA8B8A53F6A73	invalid_price_value
01143D95647D62C73D002B7F659363F6	invalid_price_value
0115BDF7889CB78DA4CDF383FFFFFFFF	invalid_price_value
0116C306E9DC6FE83A65D5EEE8506EDE	invalid_price_value
01172DE48CE025EB2D2D9C65FFFFFFFF	invalid_price_value
0117C8F6D0B361BF10CADE41D18B60D1	invalid_price_value
0118EF7C71AF6CA12383F87170296DBB	invalid_price_value
01194A9FE115612E2C595F85E07460A9	invalid_price_value
01197FA1018C6E980D8369C200CF6FA9	invalid_price_value
011B23737F6A054FFD7917DAFFFFFFFF	invalid_price_value
011CB538D297CA21A9CA5278FFFFFFFF	invalid_price_value
0120D2455FE1D6AC750EAC35FFFFFFFF	invalid_price_value
0120F7BB0CD7694206BCE3620DB66816	missing_fields
012133F63B820D2D0BBF4A61FFFFFFFF	invalid_price_value
012384FB2A0563F80A9292EF2B6F6287	invalid_price_value
0123B25DC726662D023AA4A7C6B6675C	invalid_price_value
0123D04C847B67410F6FC0B9FFFFFFFF	invalid_price_value
01241F4EBA05DAACD474CD40FFFFFFFF	invalid_price_value
01247376B3EB67533B2A650CB2A266DA	invalid_gender_value
0125420C8AF2A193E8EAB1BBFFFFFFFF	invalid_price_value
0125818CCA6FEE7E68475A24FFFFFFFF	invalid_price_value
01281B864450694525D60C81452068FB	invalid_price_value
01283F4AD3EB668B359C2A3DD25B670C	invalid_price_value
012840AF4B12639D18AF56434AD06246	invalid_price_value
0128EBDA9FE6403E4CD7CFF9FFFFFFFF	invalid_price_value
012905E1B8156BB22C97131DB9026AA2	invalid_price_value
012936DB07CEDB83F85131B7FFFFFFFF	invalid_price_value
012ABB55BE4EE3536585193DFFFFFFFF	invalid_price_value
012B0FA923E06C1C0E2C195322B46DF7	invalid_price_value
012BAECEE26D6A641DF5A3E8E66D699D	invalid_price_value
012BB832C066605A06F2AE8FC16461F7	invalid_price_value
012C7FA0B7B66D6F0B02693AB61B6C43	invalid_price_value
012F03511B446711009A15CB1A356625	invalid_price_value
012F833F3FCE80B42C3C6221FFFFFFFF	invalid_price_value
012FCBD54F186B70219DDD534ED86A32	invalid_price_value
0130E84057EB6F9629ECFCC956796E43	invalid_price_value
013468CAE1DB447E3CD8C561FFFFFFFF	invalid_price_value
0135A2618934622A0409B4C1883363A8	invalid_price_value
0135CB37074ECF7F066815A6FFFFFFFF	invalid_price_value
013603E9B0B08D86CD2A05B7FFFFFFFF	invalid_price_value
0136E74D165B63242980F1B11702628A	invalid_gender_value
01390329F3EA9D77028417C7FFFFFFFF	invalid_price_value
013AD595691D615C13B0C36E684460AC	invalid_price_value
013B9E7126AE62C43920897B273F6388	invalid_gender_value
013DE67D8005EAD1C000B39CFFFFFFFF	invalid_gender_value
013F1A79505E665703360F2A5148679E	missing_fields
013F6DA50EFE62063E5878D90FDB6322	invalid_price_value
0140D116B9F3E67886554443FFFFFFFF	invalid_price_value
0141544882D131F9DA18D4E7FFFFFFFF	invalid_price_value
01432148C0A267A516403640C1E1663C	invalid_price_value
0143795B5B9A6C13311D6F1F5A036D1C	invalid_price_value
0144646C259869B4209C7360246D68B6	invalid_price_value
01494200A496C6F3D11283F0FFFFFFFF	invalid_price_value
014A3C60583BA6729FAE82A5FFFFFFFF	invalid_price_value
014AAE9DD6B56D9E0F26B994D7616C02	invalid_price_value
014C74BAC4B8698E24A06259C57F684F	invalid_price_value
014CB0D92D9F0F9D6AB5E943FFFFFFFF	invalid_price_value
014CE5E781BA3B01ED5750DBFFFFFFFF	invalid_price_value
014D08F8A90C24E393D73182FFFFFFFF	invalid_price_value
014D2064DAB23DA5C5EF40FBFFFFFFFF	invalid_price_value
014D348A0BE963E613EF220D0A5362B0	missing_fields
014FD7E4026E678C33A7C10E03FC6690	invalid_price_value
014FEE715D24C01E8968C167FFFFFFFF	invalid_price_value
0151961F04C2686120B180F6052B69E0	invalid_gender_value
015236C2F7A9D9965CBA2140FFFFFFFF	invalid_price_value
01525FCBAAF68043A0C937DDFFFFFFFF	invalid_price_value
01539E479C9443BD30D81B31FFFFFFFF	invalid_price_value
0155C65A785968260B86D3487916690C	invalid_price_value
01566C58BB8C629011007ABCBA4F63E9	invalid_price_value
015EDCA30E45653411DAC9670F6C6456	invalid_price_value
015F49C7353464FA3ED15CC031346AC8	invalid_price_value
0160915609BE6F751D0887A508DE6E97	invalid_price_value
016148780199B5730157E037FFFFFFFF	invalid_price_value
01625A2402F2195E202F9FD0FFFFFFFF	invalid_price_value
0162BC2458A164F505E5AADF59E16586	invalid_price_value
0162DF8B87A82BD8D0934631FFFFFFFF	invalid_price_value
01646014B51570562FBECB94FFFFFFFF	invalid_price_value
016486F7EEFA44992F7C690BFFFFFFFF	invalid_price_value
0167E95F649601A43A8C87AAFFFFFFFF	invalid_price_value
01696405DBC377ABE4B599CBFFFFFFFF	invalid_price_value
016B17CFE5136DAB18FD01C9E4016CEA	invalid_price_value
016D27D1F01A1CAFD133CE3CFFFFFFFF	invalid_price_value
016E03FB30CA6C2A396116FD31646D25	invalid_gender_value
016E9FB8E18A6B4A1F008B6EE07A6A04	invalid_gender_value
01731A3F58D5602D3F460CD959C26122	invalid_price_value
0173205FBDFED2C62B1A7003FFFFFFFF	invalid_price_value
0173797F593CE89B230121ADFFFFFFFF	invalid_price_value
01755078B4486A941635457DB5C66BAD	invalid_gender_value
0176197D4B866FCF38030F8D4AF86E9F	invalid_price_value
0179D87164076B2238B7CE88652A6A22	invalid_price_value
017A669E66D82B7BF5C90AAEFFFFFFFF	invalid_gender_value
017B072FD0FACD7CE0E664ECFFFFFFFF	invalid_price_value
017B0E7ACC096E0F3E801FB6CDED6F5C	invalid_price_value
017B6A889206CE3152335C7FFFFFFFFF	invalid_price_value
017D8418150941C09AC642A6FFFFFFFF	invalid_price_value
017DA89215AD6F0D0295BF9F14766EEF	invalid_price_value
017FE0A0835764CA09EDF6E6823365AE	invalid_price_value
018103388CBF6AD52E7114338D736B83	invalid_price_value
018185F941AA654D1DB1933B408F64A5	invalid_price_value
0181B45D23EB12539AF05D54FFFFFFFF	invalid_price_value
01820E2947D56E2E13D41DB646F96F94	invalid_price_value
01822F0B427169722A3639E443576825	invalid_price_value
018322FAB4772C251329B076FFFFFFFF	invalid_price_value
01832FB887338376A6EA86D9FFFFFFFF	invalid_price_value
0185A9A41FB993E1F2574A64FFFFFFFF	invalid_price_value
0185F90783D62E5B1666E749FFFFFFFF	invalid_price_value
018687F745B267D7213892BA44D2660B	invalid_price_value
01873BE7E5F3CFBF5B8FB1F2FFFFFFFF	invalid_price_value
018ABE99DF549BC271C998D1FFFFFFFF	invalid_price_value
018CA51D51B01CB25D61B313FFFFFFFF	invalid_price_value
018CC124707B608B318FCF8371D36151	invalid_price_value
018CEFE777734EF4C06BEDA4FFFFFFFF	invalid_price_value
018DE6F55EF568690106F1FE5F1E694E	missing_fields
018E8EAFFBDF7A4C538D7BECFFFFFFFF	invalid_price_value
018EE8DAD535590DA671D6BDFFFFFFFF	invalid_price_value
018F224EB00564C12AB334A1B16A6576	invalid_price_value
018FCD68B7A699455DDEE9C5FFFFFFFF	invalid_price_value
01910B09EFFBACD6EFB6ECCFFFFFFFFF	invalid_gender_value
01917A4E07DBE7F9AB3817CDFFFFFFFF	invalid_price_value
01918D2EE7CCD52E09D905AEFFFFFFFF	invalid_price_value
0192193695E04EF20797A486FFFFFFFF	invalid_price_value
01935A257D4AECCF8D861EEAFFFFFFFF	invalid_price_value
0193AA6FBE6A603105E0BC82BFDF61A6	invalid_price_value
01944244ABB023526C62D42CFFFFFFFF	invalid_price_value
0195C0CE174D67FB3CF0D62316C766E0	missing_fields
0196896C0FD56D9C236C9FE80E1D6C65	invalid_gender_value
01979C3363296D0C37AD8AEA622E6CD8	invalid_price_value
019811FDE65E6D8523840475E7D56CC0	invalid_price_value
019B9419BD87E5AFD003E6EBFFFFFFFF	invalid_price_value
019C1528A73968440D0900DBA62B6967	invalid_price_value
019CB746FA38F371DA2C4A01FFFFFFFF	invalid_price_value
019CB94AFD2960F33744AFBCFC756162	invalid_price_value
019DF37BC16063EB0770E584C5606162	invalid_price_value
019F6E820378CC45BB895D67FFFFFFFF	invalid_price_value
019FB827988869DD1B6AAC6F99AD68AA	invalid_price_value
01A403BF4CBAA80794BC4E63FFFFFFFF	invalid_price_value
01A4399D3A726AD83D7E2F5E3BE06B34	invalid_price_value
01A5F753C2AF607F226FE1A0C31B6193	invalid_price_value
01A6D4BEFBEA630306B5C3B3FA246291	missing_fields
01A77BD28354681411F46DBD82C069D2	invalid_price_value
01A8614DD615D8248A06AFDEFFFFFFFF	invalid_price_value
01A8EB5B55149CA28778C472FFFFFFFF	invalid_price_value
01A9CB541AA7626E2554DE691B1063E8	invalid_price_value
01AB16692674206713FBF0EBFFFFFFFF	invalid_price_value
01AD5C1782EB66310AC24AEE8321674B	invalid_price_value
01AED128A6FB69BF00E3C7DEA7B868AF	missing_fields
01B0E131BAA80D3229EB9F4CFFFFFFFF	invalid_price_value
01B140A4F20C6DA125A156CCF3F96CEA	invalid_price_value
01B2BE0F2F96683F3FA3A8FE2EB36956	invalid_gender_value
01B368E5478461BB01087E14464660D5	invalid_price_value
01B5DE74DF9E6B811173CD87DEFC6A30	invalid_price_value
01B5F43A3AFCEC0E3A9E0A34FFFFFFFF	invalid_gender_value
01B751B42D886D132C7346B42C0E6C91	invalid_price_value
01B75A13C56A6DE32A0C4C8FC45D6C96	invalid_price_value
01B8BDDE7A72C04E91E0348BFFFFFFFF	invalid_price_value
01B96D69BA2B65C231027B84BB6B640E	invalid_price_value
01BA2A7BC321CE7738D2BA02FFFFFFFF	invalid_price_value
01BAFAEE2D81B46774AC09B9FFFFFFFF	invalid_price_value
01BB12E7D15660E41A390416D01461EC	invalid_gender_value
01BB621BD14D6F36157F74E2D05A6ECA	missing_fields
01BC626178F861AA33AB749A7986607F	invalid_price_value
01BFA5EC4C5862A82F01B3054DD363DF	invalid_price_value
01C0A937CE256EED108DBFF7CF746F9B	invalid_gender_value
01C0B50034CE6C7C1B75A62535796D5C	invalid_price_value
01C1B0267FCD6DC70184A56F7ECA6C03	invalid_price_value
01C256B09B474ED0379B1CFDFFFFFFFF	invalid_price_value
01C2A720FFB2C69F4E2E0A7AFFFFFFFF	invalid_price_value
01C2F2F322C569363234E40723D0684E	missing_fields
01C3EA25F1E6FBE49904773CFFFFFFFF	invalid_price_value
01C4662A8A0B636A090F73AE8B8F62C3	invalid_gender_value
01C47420CD2868A92F4862F8CCE5697F	invalid_price_value
01C792444E136BB42C7684B04FFD6A42	invalid_price_value
01CACC595099680731C2DA2751D86950	invalid_gender_value
01CBE2ABD4895FE50FA0F758FFFFFFFF	invalid_price_value
01CD25D47B02653D19D033827A6D64C5	invalid_price_value
01CD360475945D857176E97CFFFFFFFF	invalid_price_value
01CE6B0467FB69342BF07DFA663F684B	missing_fields
01CF3D076B01BE997B0BF591FFFFFFFF	invalid_price_value
01CFF10596DB609B3F81E7B2976761D2	invalid_price_value
01D05FA9DEE668EF10B84998DF48698B	invalid_price_value
01D076CA15F66D81110561C814206C61	invalid_price_value
01D1293CFF0F6AC509023BFDFE8B6B6D	invalid_price_value
01D1F622C75967862403E0DCC61A66C1	missing_fields
01D3D743412E0C8F1CAAEE6DFFFFFFFF	invalid_price_value
01D4EE034AEC013B0E84FEAAFFFFFFFF	invalid_price_value
01D76097C48464D02F9C7032C52565CC	invalid_price_value
01D8CADC828F67391E8CDDDF83A166D4	bad_type_priceSensitivity
01D995EBFA6AFAEFEE8B109EFFFFFFFF	invalid_price_value
01DC0A54FBB199BC839DB66AFFFFFFFF	invalid_price_value
01DCE7E5093285D73279914BFFFFFFFF	invalid_price_value
01DFE39EB65103BBCE7FE43BFFFFFFFF	invalid_price_value
01E04DC5C796D1EA95D91617FFFFFFFF	invalid_price_value
01E0AF653E626A4E0666B99A3FF06BCD	invalid_price_value
01E206E7324F6E4030C9127433D66FDD	invalid_price_value
01E38CFEC2484ECF2B68DEA5FFFFFFFF	invalid_price_value
01E4C8D208A046524F9A1D6DFFFFFFFF	invalid_price_value
01E70AB1DF9D1F9B7525F946FFFFFFFF	invalid_price_value
01E779460F0F617923906AB50E1A602C	invalid_price_value
01E7FD58C7E46B8FB743F9E4FFFFFFFF	invalid_price_value
01E9A6DCF0D7D170E388D220FFFFFFFF	invalid_price_value
01EA6DB91EE36F572BD67B9F1FCE6EFE	invalid_price_value
01EAEA10911861DF1322FCF9901B6073	invalid_price_value
01EC363FB33E60980853213FB27661EC	invalid_price_value
01ECFDDA68895227FBD713D0FFFFFFFF	invalid_price_value
01EE6326B030D787165E648BFFFFFFFF	invalid_price_value
01EEEC2AB551AA9742C58A90FFFFFFFF	invalid_price_value
01EF5AC69B9297F7D4BDAA36FFFFFFFF	invalid_price_value
01EFCEE05A6D96A6F66D2740FFFFFFFF	invalid_price_value
01F4ED03BB61635C0B01FB56BABD6254	invalid_price_value
01F517F368E8F17909107978FFFFFFFF	invalid_price_value
01F5E682DCDBF7D15D0DF2AEFFFFFFFF	invalid_price_value
01F62F358D236F5F3DBF39CB8C7F6E8F	invalid_price_value
01F6F73C8D74678C1359E5568C5466F1	invalid_price_value
01F81A384201EB86EE30806DFFFFFFFF	invalid_price_value
01F88F6164ED61B12D1F986F654D6097	missing_fields
01F9B510CA0C63980D9CA3E1CB5062FE	invalid_price_value
01FCE9C1EDFB97C428D8C865FFFFFFFF	invalid_price_value
01FD24D978C765A33F9D323879F964B4	invalid_price_value
01FDAD928DDB6B161C38BBC18C5D6AEF	invalid_price_value
01FDC167117C6FCA3F56D79A10E96EB5	invalid_gender_value
01FE0BE8EDD968FC1F5E1D99ECBA693A	invalid_price_value
01FF458C5DC62F2698E61B6AFFFFFFFF	invalid_price_value
01FF9F5EBC876E3206BF89ABBDCE6F4F	invalid_price_value
01FFAAB654C76C5D2F32BC49554B6DBF	invalid_price_value
0200DB57EE71FB21AD7B4113FFFFFFFF	invalid_price_value
0201A604DBB13D7FF65F090EFFFFFFFF	invalid_price_value
0201D80903856A3C2A38CE1002D76BCA	invalid_price_value
0201E99844D365AC3F70FF7F45E9643F	invalid_price_value
02025A92DED665CA2BDC4C7CDF02647E	invalid_gender_value
02033EF251556B17301C29F950116A01	invalid_price_value
0203C36F40C2672F3207D58644C26527	invalid_price_value
0204CC1EA6B66B6A3C58DB19A7C36A3A	invalid_price_value
020A90E9D50965A1314F8632D40E647A	invalid_price_value
020AA1F4CA474DB8FCF691B4FFFFFFFF	invalid_price_value
020B1201D15465CD1594017DD5546B03	invalid_price_value
020C7C91E98EB99526D62EC1FFFFFFFF	invalid_price_value
020C867A7C9462FB133F92D87D126306	invalid_price_value
020E07FDB5806B0C3E5A1102B4FB6AEE	invalid_price_value
020FA317D4886C9623DE6F53FFFFFFFF	missing_fields
02103A239A0861BE17112CD79B836063	invalid_price_value
02108D6C395670E8DBBB7D49FFFFFFFF	invalid_price_value
0210E6DD21F8657E2F53F1D220AB64C2	missing_fields
02130224C6CFDAD1EA7E5C6BFFFFFFFF	invalid_price_value
02135040A0CDD1136E4AF9E9FFFFFFFF	invalid_price_value
0213C329763D686C09B3D56C772B69CA	invalid_price_value
0213F1389A094FB5F926BE42FFFFFFFF	invalid_price_value
0214127762D86E853E7307EA63C46FBA	invalid_price_value
02159DF549E66F8A29B9883F48DB6E4C	invalid_price_value
0215B5E351D86D370C06A2E050E26CC4	invalid_price_value
02161B98ACD46D2A3B380D68ADCB6C5A	invalid_price_value
02161DFE57E363013F010B0C562A62F9	invalid_price_value
0216923633E86BC407D284A032C76A14	invalid_price_value
021795CB34380472C42ADDC9FFFFFFFF	invalid_price_value
021D57703C086CDA1D5842B23DA36D82	invalid_price_value
021E620C00F2623B3BCC0D06FFFFFFFF	invalid_price_value
021F42C578CCF766B060DD9AFFFFFFFF	invalid_price_value
021FD8D3AADC6F070835CE34ABDD6EFB	invalid_price_value
022013D0AE87E83EAE898899FFFFFFFF	invalid_price_value
0221CE196EBB6FE33483DA9E6F5D6E03	invalid_gender_value
02237D869EAEE9405A5190CFFFFFFFFF	invalid_price_value
0223E3F851B361A33007F51550DC6071	invalid_price_value
022444CF9F156743260752789E95666E	invalid_gender_value
02246DD04820023B47BEFCBCFFFFFFFF	invalid_price_value
022708ADAD03069893B722FCFFFFFFFF	invalid_price_value
02295DC6154436D29663187EFFFFFFFF	invalid_price_value
0229ED01D3B8869D96436586FFFFFFFF	invalid_price_value
022A1BEF436B6A4933360E4042966BEE	invalid_price_value
022A5336B93763B02E4A45DFB8D0629C	invalid_price_value
022B46CB0EE0DE60DCD840B1FFFFFFFF	invalid_price_value
022C530DFE513CA6B20A2B28FFFFFFFF	invalid_price_value
022F2D67F0D92F6D3B63A448FFFFFFFF	invalid_price_value
022FEE7B49106F3E39F8F895480A6EEC	invalid_price_value
0230535959C7689314B545BE58A36964	invalid_price_value
023165E2A8296C1D0A5B731DA9286D43	invalid_price_value
023181DECA206F3002479737CBD86EBA	invalid_price_value
02319FC97DDD60333F51894B7C1161B8	invalid_price_value
0231F6B7040E30381FE4D4F9FFFFFFFF	invalid_price_value
02329BDB7EB763F7273A8FAA7F646237	invalid_price_value
02350B52562566E8382B1E9057D46797	invalid_price_value
0236A11F18B96C9D2E23B0EF19116D23	missing_fields
0237345C5F7D6641032322B65E126793	invalid_price_value
023A61E2B7A8A4BC1AB3FD41FFFFFFFF	invalid_gender_value
023BB6D501A227019A7CB08CFFFFFFFF	invalid_price_value
023BBFA5CECA93D574981527FFFFFFFF	invalid_price_value
023ED7DFC69A465A4A74002CFFFFFFFF	invalid_gender_value
023F3F6AAF756EB11A762980AE296F5D	invalid_price_value
024030420D506EA30CE826AD0C256FF7	invalid_price_value
02419B780A7B6B4601AD8C710BD66A0C	invalid_price_value
024205D4B85765DE19DB12D4B9746481	invalid_price_value
02448FF8505F652D3C10999051456417	invalid_price_value
024870E091F4649BE51C74D6FFFFFFFF	invalid_price_value
024AC531D50B68D222CCD3DED4776957	invalid_price_value
024AD97D9E8422B765691079FFFFFFFF	invalid_price_value
025263E4C20F6C5B129D750BC37E6DD1	invalid_price_value
0252670CD29CB986734C6FF8FFFFFFFF	invalid_price_value
02564C63C79561E6042E5A88C68360A7	invalid_price_value
02565DA4DD366D9724F74AADDCE06CB8	invalid_price_value
0257FF605C208FEC104DB575FFFFFFFF	invalid_price_value
025BD42E0BDD6B142205C0850AC46A0A	invalid_price_value
025C4715D59AA36FE23FEC73FFFFFFFF	invalid_price_value
025F9492B11567A23E09839BB09E6637	invalid_price_value
025FB029B16E6E8A1341A624B04B6F40	invalid_price_value
02604AAFF1FC698B0D2B5C50F0936897	missing_fields
026084252E946AEA163F91432F106B7F	invalid_price_value
0263C7FDEEE165560886D410EF2D6426	invalid_price_value
0264F4AF37D866381A1DE24436866790	invalid_price_value
02672812AF3C6A893CD53F18AE816BD8	missing_fields
0268F8655BC566E629C3EEB75A9967A9	invalid_price_value
026AA2E21AFD660D1C40B4011BBF67F2	invalid_price_value
026B4AFFF2712DDC64733C97FFFFFFFF	invalid_price_value
026B8656668B8815187A9D29FFFFFFFF	invalid_price_value
026C8FABDB96E414654640B3FFFFFFFF	invalid_price_value
026DBA46BFE1F6398ABAFA07FFFFFFFF	invalid_price_value
026EACD4BDEB6A22184EBA2CBC466B39	invalid_price_value
026F9F0230DB6AF605848929317A6BA5	invalid_price_value
027024F8C99D63F21E0832F0C8E36289	invalid_price_value
02706C8943106D602E747A0642B16C9F	invalid_price_value
0271196D486565350C620F9D491B64D2	missing_fields
0272C48B87BA61662E86D38986C460E2	invalid_price_value
0274B7667689617A1D76A196779D60D0	invalid_price_value
0275872958F960A9A43B5C90FFFFFFFF	invalid_price_value
02767684F4CE67692F3F60F3F55A66F4	invalid_price_value
027699ECAD9C623F161E888FA99C6CD6	invalid_price_value
0276A53EE2F460820D23B3D4E3D7611E	invalid_price_value
02791B07FF8B3A825C2D8DB6FFFFFFFF	invalid_price_value
027B762E33A467902CD460D9322866F7	invalid_price_value
028745533E5D1BB0FB114D20FFFFFFFF	invalid_price_value
02875D7D083C69C10C674B85096B68E7	invalid_gender_value
02887DD10FDE6A9C05A46AD70E4B6B2E	invalid_price_value
028A642A2DA46AA929DE72642CAA6B58	invalid_price_value
028CC28950386D8226B3D73E51A16C98	invalid_price_value
02934CB67F3763CE17515F777E7462A0	invalid_price_value
0293FADA45ED143F8CB05080FFFFFFFF	invalid_price_value
0295F3182F3C63D6330CE7DD2EDB6204	invalid_price_value
02962BAC7108B7C3326CBE20FFFFFFFF	missing_fields
029731F50A076CF7318E23C60BB96D73	invalid_gender_value
029C792CD5E265702EC26FDED4A764D8	invalid_gender_value
029E50D95098640936FE463A51BD65DB	invalid_price_value
029EA940351A64DD38FDBFB03488658D	invalid_price_value
02A0F0011B1C65633000E6F91AAE6445	invalid_price_value
02A15A0F4DCCDB7911A2E2A0FFFFFFFF	invalid_price_value
02A29D8EE05A4BF73DD825A8FFFFFFFF	invalid_gender_value
02A77C7EACDF6AD30CB26A38AD096B11	invalid_price_value
02A831F82CA66446151F22CA2D3F65BB	invalid_price_value
02A9072411A060E62FACA9E7FFFFFFFF	invalid_price_value
02AA1C4657A1900167D4FB69FFFFFFFF	invalid_price_value
02AA3BF1E210558357338170FFFFFFFF	invalid_price_value
02AAFF06029E69582734EA5903E06891	invalid_gender_value
02AD95D14BAD470801DDB0E7FFFFFFFF	invalid_price_value
02AFBB033B74604A3A23AF033A596185	invalid_price_value
02B058F63ECC6E3B3F544FFE3F8B6F07	invalid_price_value
02B15C816ED160300FAF482B6FBE6189	invalid_price_value
02B2F152B03B89221FD08348FFFFFFFF	invalid_price_value
02B33DED5ACE202CBF2CC12EFFFFFFFF	invalid_price_value
02B39AA81A1D69CF31A08C461B7B68D7	invalid_price_value
02B4AFD7CB8E64052AB7B9F3CA4C6522	invalid_price_value
02B50282431A2883B4CACA17FFFFFFFF	invalid_price_value
02B7AFDC0E672DE15FAB717BFFFFFFFF	invalid_price_value
02B84813D5A2D2ED73969F6EFFFFFFFF	invalid_price_value
02BADBBF49FE65EE13C0CD4248DC645C	invalid_price_value
02BBA5B58FA268530AB0B3118E576994	missing_fields
02BC249A0D0A627D33EB32D80CA7637C	invalid_price_value
02BE630E7AEBC03E712AACA7FFFFFFFF	invalid_price_value
02BE9FD7ABA76AC51B7C8B67AA7F6BF5	invalid_price_value
02BF6F8EB557648A21087970B4D465A1	invalid_price_value
02BFE1E544106A363B9EF6E145EF6BC7	invalid_gender_value
02C0A9A17A411D15C9ECA399FFFFFFFF	invalid_price_value
02C256A31C64F2FC1F1E78F6FFFFFFFF	invalid_price_value
02C38A4E5A99C91A88A79C74FFFFFFFF	json_parse_error
02C3FE799D0A6EF83770E97E9C726F31	invalid_price_value
02C44BFD68526CEE0BC55E7F691E6DFF	invalid_price_value
02C5A259AE8164493C76B4A2AFBB6595	invalid_price_value
02C62FBC5773647F25A1394156286521	invalid_price_value
02C766CA98536069379B703B993461C7	invalid_price_value
02C8A6F576956DED108CB5CB778C6C61	invalid_price_value
02CAD23490CF06EE7B19AF89FFFFFFFF	invalid_price_value
02CB62378DF663761D6774C88C62624E	invalid_price_value
02CC1BEE873F67DF3E250D1D86F86605	invalid_price_value
02CC77CC6369623E25F86137629963E5	invalid_price_value
02CD9A85A28257D5A0880693FFFFFFFF	invalid_price_value
02CFD4B5FF32640B35F5C248FE4C65F5	invalid_price_value
02D0F838EE2B6E0E1321EA52EFB26FBE	invalid_price_value
02D22CAE2C77CBD7BB13D5C3FFFFFFFF	invalid_price_value
02D253EF83606C7F3BC9430A82B96D77	invalid_price_value
02D4BE57B8D6639C2C15A864B91162E5	invalid_price_value
02D5E77F964961751695F19297E16086	invalid_price_value
02D730EF84726C3308FF249085DA6DCF	invalid_price_value
02D7654ED9C266A0295A73B8D84667D7	missing_fields
02D76879744188C71568979FFFFFFFFF	invalid_price_value
02D82284B51E135EA34CA644FFFFFFFF	invalid_price_value
02D9CA34455774A58665AB54FFFFFFFF	invalid_price_value
02D9D0BA98D86A3C2AE2C45399CF6BC8	invalid_price_value
02DC2721EF636A6E2E10339EEE926B60	invalid_price_value
02DC7173E0AAB0EAB913A6BAFFFFFFFF	invalid_price_value
02DE33D0EC60EC5A703F4031FFFFFFFF	invalid_price_value
02DF547A16586F92369342EF17C26E77	invalid_price_value
02E1F96892DC301D67BE65EDFFFFFFFF	invalid_price_value
02E3D478183B6B7A32A5C29519456A18	invalid_price_value
02E4C54DF9EA6DE028B9D3A7F8FB6C22	invalid_price_value
02E9F20D41896A7C2DFEE464404D6B59	invalid_gender_value
02EB778A3C326CB9195E61623D5D6D79	invalid_price_value
02ED376BF75963CD14C32103F68F6266	invalid_gender_value
02EF878FFF4D42EC10941C2AFFFFFFFF	invalid_price_value
02F237C968516FB1067622A669556E6E	invalid_price_value
02F35008E5CB0542C5D978F3FFFFFFFF	invalid_price_value
02F3A74F49C0683A1D25B04848436914	invalid_price_value
02F4B34CA3345F505AD9EAC8FFFFFFFF	invalid_price_value
02F6F821072564B602FDEECC063F6537	invalid_price_value
02F8183C1F506AB10B7E0ECF1E136B04	invalid_price_value
02FD4FBF393231530072FDBDFFFFFFFF	invalid_price_value
02FDC062F7DC250964944F3FFFFFFFFF	invalid_price_value
02FDDC1F00C66A33273BCAE6013E6B62	invalid_price_value
02FE9B7EAA17628200558D93ABE763E2	invalid_price_value
02FFC57DE081699DB814B35AFFFFFFFF	invalid_price_value
03014F52AB67643F0B1659AEAAB1655C	invalid_price_value
0301B61E44566B5F11E3A06845076A50	invalid_price_value
0304F00BA916B278E0536185FFFFFFFF	invalid_price_value
03067566523D694B2AC86263537A68C8	missing_fields
03083EB25DF766940B8E285F5CAC67A3	invalid_gender_value
0308A565B042D30C378C9949FFFFFFFF	invalid_price_value
030997F43BD93700E5B1E0F9FFFFFFFF	invalid_price_value
030A65DE5A306F7D052E70335B1F6E5E	invalid_price_value
030AFF1FD2CF074D22890AECFFFFFFFF	invalid_price_value
030BB686310A6472045DA0FF303E650F	invalid_gender_value
030BF297C85A6AC12BA5E47FC9AA6B6B	invalid_gender_value
030D532981EA620F357B45EC80DC6328	invalid_price_value
030DD709CCD3026C31F0CDC2FFFFFFFF	invalid_price_value
030E8E68C8C0D8941243B74DFFFFFFFF	invalid_price_value
030F0CBD13DCA266E95AD4E4FFFFFFFF	invalid_price_value
03142D217F2B6D6A30AB3BCC7E526C3C	invalid_price_value
031437B1BB9D6B311F9F22A7BAFC6A19	invalid_price_value
0316580DE238C51E333B46A4FFFFFFFF	invalid_price_value
03179780936E6D970AB8817392416CBF	invalid_price_value
0317E1AB26D368332CD9F56E272E693C	missing_fields
031995CD061A2E99B57A6724FFFFFFFF	invalid_price_value
031B8D35DD526F5E297A9B96DC6B6E05	invalid_price_value
031B8EC1F65CFA42FF256DD1FFFFFFFF	invalid_price_value
031C329DDE7B63930B54259BDF0462B8	invalid_price_value
031D04782171D97AD1C92440FFFFFFFF	invalid_price_value
0320FAE754EA61C53F62EC1255DA60E6	invalid_price_value
0321260B669664020CE732A0671265D3	invalid_gender_value
03221A568186C5CB14BB8E61FFFFFFFF	invalid_price_value
0323BCFDFC07009182416D1EFFFFFFFF	invalid_price_value
03254ED21D2466B10C5358381C22679C	invalid_price_value
032803FB557D66371CD4151454276723	invalid_price_value
0329E565CC2E875D3B78ED62FFFFFFFF	invalid_price_value
032BB82B345B64121138AA99352E6564	invalid_price_value
032C82DA5C0F17F81263C106FFFFFFFF	invalid_price_value
032D7909C98D696512FE6FFDC8016837	invalid_price_value
032E38C4C0106CDA083A2E41C1AE6D67	invalid_price_value
03303BFCE1C26C6329762D1AE02C6D5B	invalid_price_value
03312AB2069C6CD932333C4007C26D4B	invalid_price_value
0332AEB5C71CDE117AD2AF28FFFFFFFF	invalid_price_value
0333687D08EB1BA208989FF1FFFFFFFF	invalid_price_value
0334C2806F9B585776E5E1BDFFFFFFFF	invalid_price_value
033834A1AD6E2896160D65CFFFFFFFFF	invalid_price_value
033877965F9A682D187E61795EC169B4	invalid_price_value
0338A7C76E516ABE0DBDB1556FC76BDD	invalid_price_value
033A11C7DABDB81D585F80DBFFFFFFFF	invalid_price_value
033B7E04CD826A1F379E6853CC916BEC	invalid_price_value
033C611E43A36021006577F4421F611E	invalid_price_value
033C797DD76A358E6A500BABFFFFFFFF	invalid_price_value
033D72C86ABBC20685547858FFFFFFFF	invalid_price_value
033E9E5F143C63AE3577881315C862D8	invalid_price_value
033F35533B9B6FFC5164CBCFFFFFFFFF	invalid_price_value
033F5258FD146111343246F4FC13606D	invalid_price_value
03405530EB0ECB499CFEF7E8FFFFFFFF	invalid_price_value
0344882128986D34091B9E9C29BD6C80	invalid_price_value
0346AD6A093262B424D3B8CC08646334	invalid_price_value
03492F23EA6E6E0415683824EB476FEC	invalid_price_value
034D6FA1ACCA6E88185C7948AD5B6F02	invalid_price_value
034E958A17806FC12A64830D169D6E87	invalid_price_value
03505157F79765C6263A44C9F636645F	invalid_price_value
0351BAD25DDE6B811583AF825C5A6A5B	invalid_price_value
0352289E0D40606435813E650C7A61E6	invalid_price_value
0354A66B4CDC0DEF27435583FFFFFFFF	invalid_price_value
0356EC05167F6C6D197AF836170D6DD4	invalid_price_value
035C11F11BDC6CBA28DB07121AF96DEA	invalid_price_value
035D4D832F7B6D2728B45B142E3F6C52	invalid_price_value
035E655C6D55FAF8FEF84532FFFFFFFF	invalid_price_value
035EAEE6CE2068022D57B9E8CF2269AF	missing_fields
0362723A3A6AD59B0DFEBB6CFFFFFFFF	invalid_price_value
03682F2C8A8A67B9240238258B986606	invalid_price_value
0368CE3FB8C50D745244FBA1FFFFFFFF	missing_fields
03691E17A5DA6B430CD10B62A4CC6A74	invalid_price_value
0369939C40B352CBF43FFAE4FFFFFFFF	invalid_gender_value
0369E5F84E78549F50084157FFFFFFFF	invalid_price_value
036AB2C9E514D5F9AFB9C4CEFFFFFFFF	invalid_price_value
036B879FBA236546294C91C0BB8B64CA	invalid_price_value
036C37A40E9468F20DF521500F21695C	invalid_price_value
036C57138E8EDEBB9C043177FFFFFFFF	invalid_price_value
036CC8F9065AAB43EF7A29DFFFFFFFFF	invalid_price_value
036D6C4FFE5D66F918EC7ABBFFDB67EA	invalid_price_value
036DB76925086D9A3668A4A824D06C36	invalid_gender_value
036DF30D2EB7FAB9C9D25B4FFFFFFFFF	invalid_price_value
036F9D41A4B066DC1AB88BB5A52467AA	missing_fields
0370B6904322E1034734EDEAFFFFFFFF	invalid_price_value
0370E952E5C525F4DB4BD689FFFFFFFF	invalid_price_value
03724C395E5D63FD0E105A895F3C6250	invalid_price_value
0374670A708366541ECC71467122673B	invalid_price_value
0374AF04D13A61A01B35B973D0EC6054	invalid_gender_value
037501E6ECD6662D11831719ED0C6780	invalid_price_value
03766247B7AC6EA42B4C74FDB6896F54	invalid_price_value
0376856B11A86A3F368A938010B16B27	invalid_price_value
0376F71D8159125D6CCB0C99FFFFFFFF	invalid_price_value
03780137782567A035F51445796A6652	invalid_price_value
03788D10192A3BAEC55518F4FFFFFFFF	invalid_price_value
0379EF87513A621135ACF97650556362	invalid_price_value
037F31D2077B653A263D3FE2061F648B	invalid_price_value
03805A99DEAD6D7E21B048FCDF816C9D	invalid_price_value
03819581871E6333315C802F863B62FD	invalid_price_value
0385D677321ECB0A66872AE2FFFFFFFF	invalid_price_value
0385EB9E5AB1B46FCE549B5FFFFFFFFF	invalid_price_value
0386124B0E2B6667149907090FD5671E	invalid_price_value
03869DB0BB4A08E14A913D9CFFFFFFFF	invalid_price_value
0386B671B32F170C3D3BA587FFFFFFFF	invalid_price_value
03878E21BE598DAD068ED4C3FFFFFFFF	invalid_price_value
038BAEBC718964642297B812758966A5	invalid_price_value
038CB63D00986B4E1038A2B201396AAE	invalid_price_value
038D0D5E9B936C1E17491A539A8A6DD4	invalid_price_value
038D43B0F70CBF504AD78F6EFFFFFFFF	invalid_price_value
038D53C713FD899A292BFDF1FFFFFFFF	invalid_price_value
038DDFFC6C33C13A17BEB468FFFFFFFF	invalid_price_value
038E8CAC4B0C6C7D16859EEF4A1E6DEF	invalid_price_value
038ED7808C456E953251C2738D916F3F	invalid_price_value
03929A4D810F6E3E0ABC8E03802A6F46	invalid_price_value
0392CE4C5D0265701E54D82E5C8264B0	invalid_price_value
0393ED23D9D76D2831E4FBD6D8AC6C34	invalid_price_value
0394A7FCD03761EA356EB314D10D601E	invalid_price_value
03951253FFD26A9B29600551FE8D6BF7	invalid_price_value
0395AEFBEAF9697329D9B9FBEB44683F	invalid_price_value
0395D93FF39E655F3952D4FCF23564DC	invalid_price_value
0395F4804410E9FCCD8C136EFFFFFFFF	invalid_price_value
0397D1CB3B226BB733EBC7E63ADA6A29	invalid_price_value
039992F8F3B361C703778012F20D6059	invalid_price_value
039B19740C14ADFF0DDABCE9FFFFFFFF	invalid_price_value
039C121245464B463C95B6E0FFFFFFFF	invalid_price_value
039FB0D4BB106CBC2E1CA4F0BA2A6D81	invalid_gender_value
03A03437F8DA588E94619D9EFFFFFFFF	invalid_price_value
03A0D01D9F3E6E303E63C6F39EA06F9F	invalid_price_value
03A0E63C6A810AC1F7531110FFFFFFFF	invalid_price_value
03A15123A13AF1BEF85B59AFFFFFFFFF	invalid_price_value
03A21A336D886D5B09A90D316CA56C57	invalid_price_value
03A32F7303A75615889D7F12FFFFFFFF	invalid_price_value
03A524AE82D3628917D9301183DB63AE	invalid_price_value
03A7E9C6B8EDEB6D32DB92A9FFFFFFFF	invalid_price_value
03A9D8F8F133FFC7EF402563FFFFFFFF	invalid_price_value
03ADD04468A1E11A896790C7FFFFFFFF	invalid_price_value
03AE04B6D963CEA03B8B60E2FFFFFFFF	invalid_price_value
03AFA380094D6EEB1CF9B71308456F41	invalid_price_value
03B281E01673DED3D17673E4FFFFFFFF	invalid_price_value
03B415F530856F5E359F0120315C6E36	invalid_price_value
03B43392854C65020191257D84EB648B	invalid_price_value
03B624B8666B65A4334C3256677C6412	invalid_price_value
03B691EE11F0527DA5286BDBFFFFFFFF	invalid_price_value
03B73F2404B663EA20362AC0059F6206	invalid_price_value
03BABA0894E6661205A9ACF4951F6785	invalid_price_value
03BB2B93EB18390CB4976250FFFFFFFF	invalid_price_value
03BCA8219A356E692089BF279BBB6F5A	invalid_price_value
03BCB16CF48A6C1C3477A668F5D66D41	invalid_price_value
03BD7F8CD61566F7132C688BD7C3675D	invalid_price_value
03BE2285EDAB048F499CE2B9FFFFFFFF	invalid_price_value
03BF4349887B6F91343055EA89796E45	invalid_price_value
03C00AF0B2446E7D06711FFDB3D66F77	invalid_price_value
03C01B38598B6BFF3FFF0F6758C46A5C	invalid_price_value
03C2A491B403D7FCA627E23AFFFFFFFF	invalid_price_value
03C4710B3A1B6413390567F43B746583	invalid_price_value
03C4EC1B4DE467F43841FAEB4CFE66C8	invalid_price_value
03C514A077F06241248D199576786380	invalid_price_value
03C55018A1B669FF08F046F0A0E7687F	invalid_price_value
03C5773E6D6C6C561A6361F86C6D6DE0	invalid_price_value
03CA18B4555C643C34680E4054A265F1	invalid_price_value
03CA35C9AF80AEB70E8EE200FFFFFFFF	invalid_price_value
03CA996CE33F6E9322D28FCEE2696FAD	invalid_price_value
03CC2FF3EC6FD83BAF7D851BFFFFFFFF	invalid_price_value
03CCD3DB27157B308CCA25ECFFFFFFFF	invalid_price_value
03CD453BFE876EAE3CEA56ECFF036F69	invalid_price_value
03CD64A7276765DA1F3773A2262764C6	invalid_price_value
03CD9430345065791889833E35D6647B	missing_fields
03CE365F9A60610F24B2207C9BEB6036	invalid_price_value
03CF246806BD352DB459F386FFFFFFFF	invalid_price_value
03CF31BED435621D3ABC26BED50B6351	missing_fields
03D2F6B471B56056041DE37E706661B3	invalid_price_value
03D4D6F0D37F182EBAF578ECFFFFFFFF	invalid_price_value
03D965C630986C553526733131E66D07	invalid_price_value
03DCCB3D285A67BD1EC1DDD529D666EE	invalid_price_value
03DF91C39D5B699F692987F1FFFFFFFF	invalid_price_value
03DFADD9C9A768BF061ABB36C873691B	invalid_price_value
03E01B11001557EE639D0CF7FFFFFFFF	invalid_price_value
03E08F924D83F3405B74420CFFFFFFFF	invalid_price_value
03E109211CF8669C00801E2B1D2A67E1	invalid_price_value
03E20EEED47263692DF6180DD52F62E4	invalid_price_value
03E3991D40C768162CD08FED41116977	invalid_price_value
03E3B8CB22B837C059E12AD5FFFFFFFF	invalid_price_value
03E4005C7136620B303A148870D06333	invalid_price_value
03E4E0172D2CD070B67D45C8FFFFFFFF	invalid_price_value
03E4F6BC397762F33708E0D5387563B2	invalid_price_value
03E625E402A5679F1B1F3314032866DA	invalid_price_value
03E8FA7F865284243502CDA9FFFFFFFF	invalid_price_value
03EB0BD6696C68B51B391D3A683A69B0	invalid_gender_value
03EF3EAB58266924295B285059E268BF	invalid_price_value
03F0DDA9D3476AE7161BCB58D26C6BFF	invalid_gender_value
03F15226CEFA24B96935FA98FFFFFFFF	invalid_price_value
03F32FEA0D5C215E40CD29C5FFFFFFFF	invalid_price_value
03F46293538962AE3BEA746752066367	invalid_price_value
03F4EF852E9978C0975D5CBBFFFFFFFF	invalid_price_value
03F5953553A063873A279AD3520862CE	invalid_price_value
03F6F5D69504645E3047E342949F6514	invalid_price_value
03F860C83D4B8E2B5ACA53ACFFFFFFFF	invalid_price_value
03FB88219072607529CD9ECE919C61A6	invalid_price_value
03FB9884782678DD7A94C7C4FFFFFFFF	invalid_price_value
03FDD97636BE63233C21D68F32BE6DDD	invalid_price_value
0401BDEBA57F6D593087AB10A4F16CAB	invalid_price_value
04054BB28ACA6B561E645F748B326A3C	invalid_price_value
0405D389520260093A4AC53E532761AA	invalid_price_value
0406A6383DFB638718AEB0CF3CAF62B6	invalid_price_value
04083D0B8D6A638011E92A0A8C4F62E3	missing_fields
04091592324AD5F0ACB46930FFFFFFFF	invalid_price_value
04095580426B69D4170F431E431668CC	invalid_price_value
040AA022444768133753B6FC4596693A	invalid_gender_value
040AC047F9D8D6979915A8D7FFFFFFFF	invalid_price_value
040B5F769475EF90E20072E3FFFFFFFF	invalid_price_value
040BCD4F21B883822153A54EFFFFFFFF	invalid_price_value
040D0FCF5A38680928EA1CCE5B74696E	invalid_price_value
0410CC28A005777E96EB2AEBFFFFFFFF	invalid_price_value
041169361711EC353E87E8EAFFFFFFFF	invalid_price_value
04119F49E886637839E6894BE9D16293	invalid_price_value
0411B7EE72D16CA12607A29973B06D90	invalid_price_value
0412F47DE0C31729D41A9646FFFFFFFF	invalid_price_value
0413310C0D22619E02F022B60C3060D2	invalid_price_value
04150647C202859D35B7BF16FFFFFFFF	invalid_price_value
041675221CCE62BB2BD660F71D2863C2	invalid_gender_value
0418A7ADD4CB6257009EB2EED51363D3	invalid_price_value
041B8999340C064DCB0D7D36FFFFFFFF	invalid_price_value
041C03BE8D25DB0107AC723CFFFFFFFF	invalid_price_value
041C42D2D79F686B13965236D63769D7	invalid_price_value
041C618DC8BC6DA505AC768BC9286CAD	invalid_gender_value
041C8CD0C9A5605D1D6798BFC84B61F3	invalid_price_value
041D7C139C6EF3D4FADA9C79FFFFFFFF	invalid_price_value
041E5805CB6260CD29B14ED0CA3F6132	invalid_price_value
041F4C04A7E96B7E3FB959E6A6836A4E	missing_fields
041F9F4246376E691B7689BC47EE6FA6	invalid_price_value
04200A0C237808A25168C0B4FFFFFFFF	missing_fields
0420739D1E1362C80BEB64971F0A636D	invalid_gender_value
0420DFBE3D780AE127D0A7F4FFFFFFFF	invalid_price_value
0425EF1E03F462293973F9F5021A6315	invalid_price_value
0426EBFEF0B5688D1155FD06F15B69BE	invalid_price_value
04279C44D9DD6DFA19938858D8756C29	invalid_price_value
0427BA2C4DF7605E2750ACC14C86617D	invalid_price_value
042868B7A7D96D44070D7C57A6AD6C4A	missing_fields
04287BC504C5A1ED3FDC10A1FFFFFFFF	invalid_price_value
042FB5F71E0862400BD6A6571FCF636B	invalid_price_value
042FEBF95161098BF91EDEDEFFFFFFFF	invalid_price_value
0431299D8C3B64DE10203C768DBF6571	invalid_price_value
0431CA9E084169CF3A48DCC3092E6876	invalid_price_value
0435160AFF656F9B3A5D00EDFE376E25	invalid_price_value
04376EF58160429B31059D3DFFFFFFFF	invalid_price_value
043BE931677960503AC4FFC56692614D	invalid_gender_value
043C09EE14D5680634101F2815826919	invalid_price_value
043CC423DB9BC9300345B0D3FFFFFFFF	invalid_gender_value
0440AFF009E7605D143FB8F3083D6148	missing_fields
04428261D56D7E064AE36E0FFFFFFFFF	invalid_price_value
044331BE1399601A032726BA124561DA	invalid_price_value
044336489E68E82AB770F2E3FFFFFFFF	invalid_price_value
04434D5D8B2E989C84464C2EFFFFFFFF	invalid_price_value
04436A17FB228979FAFE5A98FFFFFFFF	missing_fields
04437EFDE216626F10B6689FE39A63F5	invalid_price_value
044398017F5C11704446EE8EFFFFFFFF	invalid_price_value
0443F503AD8565952C1CE683ACCA6443	invalid_price_value
04459C708325CA21BC1DCD7EFFFFFFFF	invalid_price_value
0445C18A61264821E50D6F50FFFFFFFF	invalid_price_value
044753A80C1A60F008C746390D64619E	missing_fields
0447EC0358256D922D5BFAFC59AE6C0F	invalid_price_value
0448AD9B940762721DBABA94957963C6	invalid_price_value
044B890C26C24B92C5E2343BFFFFFFFF	invalid_price_value
044BB90BD1FBBB0708409954FFFFFFFF	invalid_price_value
044C470D644864B91ED95793651A65A7	invalid_gender_value
044CA71D4A5161310FC9B0184BF060A1	invalid_price_value
044CC2994B27690C12D3D4714A6E689C	invalid_price_value
044D96A5E6466D72105A8012E7086CAD	invalid_price_value
044DA55D9688626925BCB0BB97256391	invalid_price_value
044ED07FF4F6699D177CC5B6F57068A1	invalid_price_value
0452ABEED91B9698EBC951C4FFFFFFFF	invalid_price_value
0454112EABEA6AC93171062EAAFD6B20	invalid_price_value
04541919F5DA6AB42EA30FECF49E6B5D	invalid_price_value
04548C03D02F251484064270FFFFFFFF	invalid_price_value
04548DBB9CD5636AF0B5B343FFFFFFFF	invalid_price_value
045531B12C3466062BBF25152D1D6705	invalid_price_value
0456715632726C7B14E8665833326D9A	invalid_price_value
04571DD785996CE415700B2784B66DC8	invalid_price_value
0457C09781616AD62078D66180066B4A	invalid_gender_value
04613A3F39342E319AB3E928FFFFFFFF	invalid_price_value
046255F0915A62E21CFE4301909D63BC	invalid_price_value
0463EA995A746497165BFC655BB66544	invalid_price_value
0464477369236F0935CE518F68D36E0C	invalid_price_value
0465F8F303D70F982A082498FFFFFFFF	invalid_price_value
046769AE58DA64A83E577FCA591865C0	invalid_price_value
0467CAE29A5B698B373ADC139BD068AF	invalid_price_value
0468351E03F0690D34A523EE022A680A	invalid_price_value
0468C874AF4ADBB882F92110FFFFFFFF	invalid_price_value
046CEEC72E796CF71E92F82D2F1E6D47	invalid_price_value
046EA681958F6DF61480B06894CA6C92	invalid_price_value
0471A8B1F9906D7F06F9BE5FF8416CDB	invalid_price_value
0472BFB0AF6BC52618FC0885FFFFFFFF	invalid_price_value
0472FF6D43AA677A3892E99A42FC664B	invalid_price_value
0473C7F60BC7C76DEF9D6C6FFFFFFFFF	invalid_price_value
0474147C3A35622636D2028F3B106321	invalid_price_value
0474E000A77B64BC000EF65BA6F465A6	invalid_gender_value
0477111B08A2650C1212044A098264C9	missing_fields
0477CB9D143D66AA19B9DD7215706729	invalid_price_value
0478C869B106460700278963FFFFFFFF	invalid_price_value
047A0FF1A3C6CCE732631A69FFFFFFFF	invalid_price_value
047A249AE28D6ABC3475339AE31B6B03	invalid_price_value
047AD3752DFCD805AE071DF5FFFFFFFF	invalid_price_value
047B8D8FB999E47A7F7DE7F5FFFFFFFF	invalid_price_value
047B9A319C0B641433AA8CF59D1D6577	invalid_price_value
047DFCB1C54F6E030E03EF61C14F6033	invalid_price_value
047EC1B4B2666E8019C8D724B3526F2C	invalid_price_value
048080DBB60CAB22E9714ABCFFFFFFFF	invalid_price_value
048506C0DFF177A533021864FFFFFFFF	invalid_price_value
0486991E38176C9016688FEE39786D93	invalid_price_value
0488A13E31EE6A6A1631B7B330156BA3	invalid_price_value
048A8101E5222531CFF95489FFFFFFFF	invalid_price_value
048CE7342D35680D0FFCF4D02C636941	invalid_price_value
048D288A438A510687E474F9FFFFFFFF	invalid_price_value
048E0D467E5C64E331C4187E7FC8658B	invalid_price_value
048F21B4FA9D046CBD34356CFFFFFFFF	invalid_price_value
048F594C2F4C5C19353EC248FFFFFFFF	invalid_price_value
048FCFB4E5C06ED9099ED983E4DA6F50	invalid_price_value
0490B92CF6196F7A1239AF43F76C6E56	invalid_price_value
0490C3A9A400138BF5618EEFFFFFFFFF	invalid_price_value
0491D8C176340FF946D1EDBAFFFFFFFF	invalid_price_value
0492ED6B236A673A0AFFFB8422A76651	invalid_price_value
0493047C1D40604F288612821CBD6138	invalid_price_value
0493B14045D063AE0E17A64944AE6272	invalid_price_value
04966625C8AD6FCE030172A1C9FB6EAB	invalid_price_value
0498124A76161DF67E627CA3FFFFFFFF	invalid_price_value
049FC389779B677230AED69176BE66E1	invalid_price_value
04A06FAAF272753527E89FEEFFFFFFFF	invalid_price_value
04A27FD30363CCE2F33E3AF6FFFFFFFF	invalid_price_value
04A35362CDB4169170D23ABEFFFFFFFF	invalid_price_value
04A45E66089BB35C66187753FFFFFFFF	invalid_price_value
04A5263AB2768A7273A21A1AFFFFFFFF	invalid_price_value
04A5E4665B8D69EC1807F2815A9A68E8	invalid_price_value
04A6A8391E3352C50422BF1AFFFFFFFF	invalid_price_value
04A6FF73C9A76EF53481E87AC85A6F90	invalid_price_value
04A75F9EFB592D5873C831EFFFFFFFFF	invalid_price_value
04A7817F385E64E61770975C393165F9	invalid_price_value
04A7C31657392DADC9CC3F47FFFFFFFF	invalid_price_value
04AAC3B303B0A515AD171776FFFFFFFF	missing_fields
04ACA62B78BC6F0F3533B32D79D06E83	invalid_price_value
04AD1A38252B61393D370CCC24E960B7	invalid_price_value
04AD7A9CEFCBCD9F019BBF25FFFFFFFF	invalid_price_value
04AED42E57213C493CDFFF50FFFFFFFF	invalid_price_value
04B13F1C74AA6B140DCC2CEF75C86A89	invalid_price_value
04B2E5EA9BAE6923297FF0FF9A2D6820	invalid_price_value
04B2EE7636D653DACCB01DEDFFFFFFFF	invalid_price_value
04B43FE5892B69383047293788AC68F1	invalid_price_value
04B50D82D478663311D91B6AD5AC67B1	invalid_price_value
04B63F14DBE26CAB364A290CDA9C6D16	invalid_price_value
04B6C4DA7D0B6B9F2745D16A7CB16A1E	invalid_price_value
04B70F87FA036D420D441B05FB8D6C5D	invalid_price_value
04BD0154C5026D752F32171CC42F6C73	invalid_price_value
04BD86A19DB36DEC2C6995689C2F6CEB	invalid_price_value
04BD94F00F7BC043078FE7AEFFFFFFFF	invalid_price_value
04BE4DFF8EEA2EBA3636FD89FFFFFFFF	invalid_price_value
04BE811447DF48FC984D1C98FFFFFFFF	invalid_price_value
04BFDE75222165851847C88B23676436	invalid_price_value
04C12A485D336978382D3CB65C9468F5	missing_fields
04C27952CE0DFFFEBD230605FFFFFFFF	invalid_price_value
04C50BF1D3746F4B225B1DA4D2CF6EF9	invalid_price_value
04C53F755EA364372EEE2B695F8365F7	invalid_price_value
04C545CE114562873C145331103F6332	invalid_price_value
04C5CB3D20A97D36CBC21D55FFFFFFFF	invalid_price_value
04CB9FE3CF536E1313008918CE926FB9	invalid_gender_value
04CBB0C5A9026CE301BBA632A8A86D8F	missing_fields
04CF222B91A26B5819E533DB90A56A3F	invalid_price_value
04D17B3EB48F6A3928826D83B5006B6E	invalid_price_value
04D27BBDA6BCBE267A26FDF0FFFFFFFF	invalid_price_value
04D41DC24F3A6CA8254C0BB44E556DA2	invalid_price_value
04D5502A7F12BDB9A7AB7F30FFFFFFFF	invalid_price_value
04DAD89F0D8360BD3CDACBB10C0761BC	invalid_price_value
04DE01AEDE16A2E6CA0A69D5FFFFFFFF	invalid_price_value
04E39AE268FD67E900738C65696A660B	invalid_price_value
04E58349DFFA656B148295BEDEA6642B	missing_fields
04E9339072EC64C03060257F73BA658C	invalid_price_value
04EBD91F13646F72391ACFEA121A6E8A	invalid_price_value
04EFB0AB48D7607818A8A4FD4927617C	invalid_price_value
04EFEE8C6E386D7D335BFA4D6F7B6C7F	invalid_price_value
04EFEF63450763700053FE5F44E96211	invalid_price_value
04F13C656B3B0D250B8A2551FFFFFFFF	invalid_price_value
04F290E3D6C568592155833CD7516940	invalid_price_value
04F29C4B4C1464E728698AEF4D3F65D1	invalid_price_value
04F3F33EC1E1EA95C3DE9645FFFFFFFF	invalid_price_value
04F82B739E716F5B395F3EAF9FE36E87	invalid_price_value
04FA662443556FF5317973D442036E6C	invalid_price_value
04FA6FFBDC08F179B2AC707CFFFFFFFF	invalid_price_value
04FADF0B15FD614D3F6FCA1F140D60DE	missing_fields
04FB2C1BE0D56B073B183B1BE1916AEB	invalid_price_value
04FB64DEF40C61E91AEE8B17FFFFFFFF	invalid_price_value
04FCED2F912DD73259A8051FFFFFFFFF	invalid_price_value
04FD01DDF3E8694D2B55172AF23B6864	invalid_price_value
04FD484F51DC6F473FB547F750B56E77	invalid_price_value
04FD9301C20564FA02AA93ECFFFFFFFF	invalid_price_value
04FD9E5ADB2F6C3701DD8958DA456D67	invalid_price_value
04FED3E04E5761B72112C5DB4FA76071	invalid_price_value
0503826380AC6C641F3A949781616D71	invalid_price_value
050475CA5EFC67ED074C63385F8D6656	invalid_price_value
05053C2462FC671726942AD6633A66DD	invalid_price_value
05071E2B71545E1964793B09FFFFFFFF	invalid_price_value
0509988C0B25600D141A8E7B0AD561FF	invalid_price_value
050AC988F284A91093028411FFFFFFFF	invalid_price_value
050AF9BDF3B6610A121EEF51F2EA606E	invalid_price_value
050C75A167336137269C62AA666D60B9	missing_fields
050E26F09BF094CAB62C9A6CFFFFFFFF	invalid_price_value
050EF103C4096B97246DE7F2C5666A45	invalid_gender_value
050F3E874FC964BD2FEC29864E0565B8	invalid_price_value
050FF30F20C6E344B9A6497CFFFFFFFF	invalid_price_value
0511DB4707DE69F93D05CDB706506898	invalid_price_value
0516AA6675F36DEE23B0BC9574006C56	invalid_price_value
05178D8EE35E6DEF13D49B7AE2006CF8	invalid_gender_value
0517F96F9F3AD863A3ADEC7BFFFFFFFF	invalid_price_value
0518C3B427F609B3D94B55D4FFFFFFFF	invalid_price_value
0519C16C495862C119B9D794486963CD	invalid_gender_value
051AFF79299461FE0753E98228A860B3	invalid_price_value
051B42724E7E690D24EB54254F3368EE	invalid_price_value
051C64ACE9F269B63B5D73ACE885688C	invalid_price_value
051C6996586A69A917557FB559F6688F	invalid_price_value
051D5DACAFBB60AA15D24B5CAEF66179	missing_fields
051F59C672D36ABE27D04F8B73BC6BCB	invalid_price_value
0520A2DD7E7A6B473410B5D97F826A83	invalid_price_value
0521DDDD4EEFD45164BA29ECFFFFFFFF	invalid_price_value
05249710C6819F74C8253049FFFFFFFF	invalid_price_value
0524E76943B365B70D15F19E42A76450	invalid_price_value
0525365D48E5DAF97A308BC7FFFFFFFF	invalid_price_value
0526C00A3C7911BAE1639CEAFFFFFFFF	invalid_price_value
05274774F64AC08F72151113FFFFFFFF	invalid_gender_value
0528871246AD61851C2191BA478A602D	invalid_price_value
052943BB834B6AE52668550082D36BFD	invalid_price_value
0529F87087496F6B109BED8A865B6E41	invalid_price_value
052A0D766CA168BD0D1D1B9B6DAD6989	invalid_price_value
052A2D3683EC60B000903BED82B16190	invalid_price_value
052AAFC1543D691030AABFB255C168CF	invalid_price_value
052B34677211603ACF55FF99FFFFFFFF	invalid_price_value
052C4763658A648D3C8E519A647A651A	invalid_price_value
0533C6A4015B61333E7AD05400FC60F6	invalid_price_value
053695E8DA5799DAE1F0DF53FFFFFFFF	invalid_price_value
053775E85640636415B160C6570C6279	invalid_price_value
053857865B2668E336CA42575AF0692A	invalid_price_value
05399CD84D8461B530F38A2C4C086085	invalid_price_value
053A88B187951CB917869980FFFFFFFF	invalid_price_value
053EF92D0EB1D06E1F645279FFFFFFFF	invalid_price_value
05408065649BBEF3998940E0FFFFFFFF	invalid_price_value
05411618EA96640A3813011AEBE2658A	invalid_price_value
054195358F6CB82D9B0E3E29FFFFFFFF	invalid_price_value
0541D1C22F556C870B67C7332E236D84	invalid_price_value
054268EF775163F034E97EA6766B62C0	invalid_price_value
05428541424463E124B993AA43D3626C	invalid_price_value
0543BCEAAEEF60190EBFAC45AF3661BC	invalid_price_value
0546666E6CA66ACAA2F6DF4EFFFFFFFF	invalid_price_value
05470D2AD891AFEEAF544773FFFFFFFF	invalid_price_value
054710296DD19229FD76D4CCFFFFFFFF	invalid_price_value
0548AFDA4C1F6E97229EB8DE4D946F7C	invalid_price_value
0549822BC730F16641C961F7FFFFFFFF	invalid_price_value
054A54FF1C896FB30A4E445B1DA56EED	invalid_price_value
054D5FA1D470690433D7494BD5CA688B	invalid_price_value
054D935F82DD06227C549D8BFFFFFFFF	invalid_price_value
055027B64DFF6C3E06E131014C766D0A	invalid_price_value
0550E7863B52C0188996DCA0FFFFFFFF	invalid_price_value
0551E5A879AC6EE02A2CF09478FA6F4B	invalid_price_value
05526669C9F369E137A0709DC8646812	invalid_price_value
0557E923A29D67981524FCA9A37D6632	invalid_price_value
0559DD0E88605CB30540C395FFFFFFFF	invalid_price_value
055A2F1B15DA66F9004039F314AF6772	invalid_price_value
055D45BBD1442E6C73DBCE2BFFFFFFFF	invalid_price_value
055E45513E0AF7632859AE23FFFFFFFF	invalid_price_value
055EC4931684F82CAA12A36FFFFFFFFF	invalid_price_value
05605FDF09616EEB1C2748D608DF6F4D	invalid_price_value
0561221438A76D6714AB351E396B6C7E	invalid_gender_value
05618093050D4EFEB955C073FFFFFFFF	invalid_price_value
0561C62AF1C8603E1CE5D0D8F09F6195	invalid_price_value
05628F396EB06848232499C96F8E69E7	invalid_price_value
0563FB11F6F56C5023E9ED10F7686DD1	invalid_price_value
056413604F072D57BEFA1832FFFFFFFF	invalid_gender_value
0564E698015D6FAA2B76F07100EF6EFB	invalid_price_value
0565A085362C31F77FE91165FFFFFFFF	invalid_price_value
05678CD9181BCB8649BCD5FEFFFFFFFF	invalid_gender_value
0569B7A186CF66213987A3F087E3677E	invalid_price_value
056A835D82CE8FED65C4D85DFFFFFFFF	invalid_price_value
056B1F0E0B2519E0691ECB58FFFFFFFF	invalid_price_value
056CCBD4A98362FC2F46D9F4A8AF63B2	invalid_price_value
056CCFE01C27214B5D61EFA8FFFFFFFF	invalid_gender_value
056D3B83480864C10E512D6C498E65B8	invalid_price_value
056D63B64757633D2154754A46A26212	invalid_price_value
056EC0ECFE526C970F3FD7EBFF036DA9	invalid_gender_value
0570653FF379DDD3997D4956FFFFFFFF	invalid_price_value
05709D6D81E362C20A3B8B8580136393	invalid_price_value
057277C945AA6A1D10A76106446A6BA3	missing_fields
0573B8EFD606A550ED47E225FFFFFFFF	invalid_price_value
0574A609F58AF95C5C8237EEFFFFFFFF	invalid_price_value
057684AB02EB1A51F0720F54FFFFFFFF	invalid_price_value
0576AD7193585E1535A8AF8EFFFFFFFF	invalid_price_value
0576D1CB37E36CE9317FC6CC36816DAC	invalid_gender_value
0577D47193036A0B294FC37592706BCB	invalid_price_value
0578C172E74A0A90A318A6E5FFFFFFFF	invalid_price_value
057BAB7B1DB4661A3044BD181C266762	invalid_price_value
057C5C8CC860697F35D64AB4C9B66806	invalid_price_value
057E35F6AB606C0F285D2046AA496D7B	invalid_price_value
0580EB216B045E5DF1545D4FFFFFFFFF	invalid_price_value
05812E6B793616CE05ED0D0EFFFFFFFF	invalid_price_value
058236D40F3F531CBB94C320FFFFFFFF	invalid_price_value
05823A42169A66C02DFA2CAD17A96773	invalid_price_value
0584503C816365063CE246D580B764DE	invalid_price_value
05852AF5EEBD6BAD3CBA3C02EFD26ACF	invalid_price_value
058622DAD298648C305736F0D3306543	invalid_price_value
058765DA85996F080F5676E2845B6E42	invalid_price_value
05879845A5666B7116178E07A4EE6AA4	invalid_price_value
0587CA864C316C102E08DC534DF66D53	invalid_price_value
058988186B849A8BBD9B97EFFFFFFFFF	invalid_price_value
058A6617D3646DA21CA37112D2D86CCC	invalid_price_value
058C80CED5B60F437C7A08CCFFFFFFFF	invalid_price_value
058D7CE4CC3F48C1C3708DEEFFFFFFFF	invalid_price_value
058D8FB89082033ABC434148FFFFFFFF	invalid_price_value
058E07A848376703184F114F4967665B	invalid_gender_value
059125480623452A6D51F053FFFFFFFF	invalid_price_value
05914C456AC0679233515B4C6B596669	invalid_price_value
0593D01A1BA06A63378FC6D91A5B6B4D	missing_fields
059404F6181966350DB8113D19DB6702	invalid_gender_value
05983C95E11960C91AB32A6EE05A61F8	invalid_price_value
059ABA34DA4E3D330E3602C9FFFFFFFF	invalid_price_value
059B4FB7DD216B2B3751595FDCB36AE3	invalid_price_value
059EB734BF32690A31D5A1DCBB32678B	invalid_gender_value
05A01C1FAC1560460DBE0963AD8761D4	invalid_price_value
05A3444AB9E72C686ABDD266FFFFFFFF	invalid_price_value
05A4BE7983C977614F8471FDFFFFFFFF	invalid_price_value
05A56DA619BEF694E77FD708FFFFFFFF	invalid_price_value
05A6A999120363203D7BBE98134A62DD	invalid_price_value
05A702557676630A33974A33FFFFFFFF	invalid_price_value
05A8409967DD2BF5B2F34920FFFFFFFF	invalid_price_value
05A95BE97102683A0CD24D0E70C06976	invalid_price_value
05A9A2AC44E0C7C81E38A3F5FFFFFFFF	invalid_price_value
05AAA95E5C6B0AAF3AECD0F9FFFFFFFF	invalid_price_value
05AB0D0B3F29D6E9AEF5F7F7FFFFFFFF	invalid_price_value
05AB0FD11CED665E0DA51A881DF167A1	invalid_price_value
05AC92CB8577693014AD84328420682D	invalid_price_value
05AD2C477BA2D0A7F843AB1BFFFFFFFF	invalid_price_value
05AE46AF12F40C0268C71F04FFFFFFFF	invalid_price_value
05AE639E1C806BBD0DDA76991D976A94	invalid_price_value
05AFC60396A7DB469F04915CFFFFFFFF	invalid_price_value
05B22119E84E65E005C4372DE96B64B3	invalid_price_value
05B2548D7FAACE7C9E8229DDFFFFFFFF	invalid_gender_value
05B3A06B8E28145C3BFDD127FFFFFFFF	invalid_price_value
05B5B4A59FC46ACB0C17A04A9E576B25	invalid_price_value
05B6DBF9A9B634D75FFC5B38FFFFFFFF	invalid_gender_value
05B7B9E66F6305CCAF2F3DA1FFFFFFFF	invalid_gender_value
05BB01E17C396A5E1249136A7D5B6B77	invalid_price_value
05BB5A1FC6476F741DF64FD8C7386E9F	invalid_price_value
05BC0C322B30659C2BA2D134FFFFFFFF	invalid_price_value
05BD0B3F34886EF203841DD5354F6FC2	invalid_price_value
05BD9B1811E79EBF2CB8ECE6FFFFFFFF	invalid_price_value
05C0BCF2806A67B707F3A9E0846A695E	invalid_price_value
05C21365E03367C52555046DE197663F	invalid_price_value
05C22F721B2301EA48C5E491FFFFFFFF	invalid_price_value
05C4D111AB6B661539D4C7B3AA3F6783	missing_fields
05C50BCE9F5E6E1E18421DB09E256FFF	invalid_price_value
05C539020EBA689E3B482F3C0FB26962	invalid_price_value
05C571FF761281D6EF7E1C0DFFFFFFFF	missing_fields
05C572A966496FCC34FF612C67CD6E94	invalid_price_value
05C5766115D664BD178E600A14E96571	invalid_price_value
05C5E297EB4F62C502B1F463EAFE6319	invalid_gender_value
05C78E58FA34A73841C283B4FFFFFFFF	invalid_price_value
05C7963C1B2956AB86B86C14FFFFFFFF	invalid_price_value
05C81DA05915B86237F8E864FFFFFFFF	invalid_price_value
05CBBB9150A06AC10CE0AD4951856B41	invalid_price_value
05CF48279A5B66643E545DA09B7B67F2	invalid_price_value
05CFB24CB7256141241CA1ADB69260B0	invalid_price_value
05CFE274A79C639C147CF0CBA612620D	invalid_gender_value
05D18800A4A16E10099F9EDCA5E26FA2	invalid_price_value
05D2B961ACB3B3E220E40771FFFFFFFF	invalid_price_value
05D4979CF254752834A2F086FFFFFFFF	invalid_price_value
05D49F0E304C67730CED8BA1312E6636	invalid_price_value
05D57E24B52B626428FC6F52B4006348	invalid_price_value
05D73E9A58E965611C2F2BAC594864DB	invalid_price_value
05D8037A5D58BB5B08B71702FFFFFFFF	invalid_price_value
05DE1E28A2206F32BED73BD9FFFFFFFF	invalid_gender_value
05DF797147108AEA60CD4A7DFFFFFFFF	invalid_price_value
05E18BF72C475100FFA6E421FFFFFFFF	invalid_price_value
05E472A4D4F26AFD3EB201FDFFFFFFFF	invalid_price_value
05E594B2370086AC4E39D36FFFFFFFFF	invalid_gender_value
05E7672A1A8F6FFF20E071DC1B016EA3	invalid_gender_value
05E8632D4DD86CA331ED757B4CB96D1A	invalid_price_value
05E8FA54610CA02E24001880FFFFFFFF	invalid_price_value
05EA3FA25B952D165BF8F7BBFFFFFFFF	invalid_price_value
05EA8FB9CA1EBCE75AB91035FFFFFFFF	invalid_price_value
05EB6E603A39B9EDBEC84A67FFFFFFFF	invalid_price_value
05ED22658B976AE1097837158AD06BB4	invalid_price_value
05EDF4F13E3E7BD601C2A099FFFFFFFF	invalid_price_value
05F0EB46E1536C3A24EEFDB8E0596D65	invalid_price_value
05F1F296A4586B2F1389E6E5A59F6ADD	invalid_price_value
05F206CB9BC46A142F25100A9A036B52	invalid_gender_value
05F240DEA0C36E053C2257DBA1486F98	invalid_price_value
05F2EF1CC42D60A60B33F9E7C5686186	missing_fields
05F5CAFDB587C27565D360B4FFFFFFFF	invalid_price_value
05F6BC02B5B161BB35A1AAEDB4946055	invalid_price_value
05F836ACC0E85056F09AAD71FFFFFFFF	invalid_price_value
05F874E6D211ED252C5593A8FFFFFFFF	invalid_price_value
05F8CADBE9AF96488CF66828FFFFFFFF	invalid_price_value
05F979ED842D6BC725A16F0F85A16A82	invalid_price_value
05FB5CC504ED0FBDC0F51917FFFFFFFF	invalid_price_value
05FD4E85869D60AA2EF7587487EE6119	invalid_price_value
05FE50CA0290C39D255FBE38FFFFFFFF	invalid_gender_value
05FFC5AC79A66AD30FA3D35478916BAD	invalid_price_value
06008E2653E36840143D9B1652A06931	invalid_gender_value
0600FAF101661301B125B84CFFFFFFFF	invalid_price_value
060211A5F39B6141150C05ABF2F960D4	invalid_gender_value
0602EF25DF63634D3947F923DE4A6294	invalid_price_value
06031741F98D611C314502A7F8E66055	invalid_gender_value
0606AB5BFC8B8BDF8826B65DFFFFFFFF	invalid_price_value
060A08C6F5336F862BFC1E2BF4806E50	invalid_price_value
060A58C4AD78F7808358F42EFFFFFFFF	invalid_price_value
060A9FBF52BC4E2AE7756C43FFFFFFFF	invalid_price_value
060C475EDF84617725B4505CDE2960E2	invalid_price_value
060CE3D6B0A2E5446BFF8A9FFFFFFFFF	invalid_price_value
060D9708531660C80B6881E7527961E3	invalid_price_value
060DBC523376359253CD3DDCFFFFFFFF	invalid_price_value
060DCB7FC5A17468A1BDE499FFFFFFFF	invalid_price_value
060DEF0128ED6338178CF9E9292F623F	invalid_price_value
060E3112DD53613513A0272BDCC760F0	invalid_price_value
060EEDA9ABC360EF10C5F999AA6861D6	invalid_price_value
060F024F37A86C0F3838103A36EB6D0E	missing_fields
060F85FB77EED70465D1B2D3FFFFFFFF	invalid_price_value
06106C974BC3692D3A3479974A2D680F	invalid_price_value
0610E8BD03A9CACE972FA94FFFFFFFFF	invalid_price_value
0611B9C37F6D69602592AF297E746869	invalid_price_value
0611E026510762F515DF9652FFFFFFFF	invalid_price_value
0611F2BB3A1C6FD12DBCE5B13BF06E90	missing_fields
0612A3E939766D031C58B56A38016C3A	invalid_price_value
06133E4042C764983B2B289143AF65FA	invalid_price_value
0613510E0E916758258746020F9366EC	missing_fields
0614B09982835700A8967F2FFFFFFFFF	invalid_price_value
0614C3D3A39AB9B2CB0F435EFFFFFFFF	invalid_price_value
061524066EFE6459088F31006F7865E0	invalid_price_value
06155CB1F6BF63BA08E74A43F7346235	invalid_gender_value
06159761B6FB6256172B8110B732634B	invalid_price_value
0618A67EB88D6C3A02BFB345B9096D94	invalid_price_value
0618EF6C3F855CD2D6EEF836FFFFFFFF	invalid_price_value
061944FE013A6D56297B521100526C09	invalid_price_value
061987CC5FF5690F1D3C91EB5E52686B	invalid_gender_value
0619CBD4534C64EC0093DF42520565DE	invalid_price_value
061A3CDFEB30BACBA4DDF570FFFFFFFF	invalid_price_value
061CC0B6ABAA6CBF1B76D509AAFC6D74	invalid_price_value
061D05ED7C507911C541317EFFFFFFFF	invalid_price_value
061DA90A2B266FB51514BF9F2A826E0D	invalid_price_value
061F11AFC8F86F7207A30749C97E6EB5	invalid_price_value
0621AB0CED43FF56027428D5FFFFFFFF	invalid_price_value
0622FA1376F36051265DEC8677E061FF	invalid_price_value
062377EDC8C26D072EA96117C9506CE6	missing_fields
06253D91CABC9C362DF87EBAFFFFFFFF	invalid_price_value
0625DA0ECF7A8574AB916FBEFFFFFFFF	invalid_price_value
06292ED49174AE4357D81337FFFFFFFF	invalid_price_value
062FD27F0E54D7777C14A08BFFFFFFFF	invalid_price_value
0630C957C6B962C933ABD9D6C7536384	invalid_price_value
06312601600667E0047E30F961B866CA	invalid_price_value
0632D11C58C261501EC3C61D596C6091	invalid_price_value
063359FD9A716722157C4D019B2766CF	invalid_gender_value
063399ADA392A23597C2EBB1FFFFFFFF	invalid_price_value
0633A814940E669C2939BBE3957A67CE	invalid_price_value
0634F025337E0981034ABE2DFFFFFFFF	invalid_price_value
06350ABB588968B527751C4059A4692A	invalid_price_value
0635C1F65C2A62BD0607D7055D39635A	missing_fields
0637FEC9BAA764900A66E826BB0A65FA	invalid_price_value
063B76A4E14866862E2A61ADE0F967FA	missing_fields
063E93C258C2656008AB8522595064C5	invalid_price_value
063F5A320718615001C554CC0634608C	invalid_price_value
063FEF753160C78F61F32A5BFFFFFFFF	invalid_gender_value
06412943B36A6C1906863DD7B2386D01	invalid_price_value
0642DBB30D0F0D92EDCEE2FCFFFFFFFF	invalid_price_value
0643D22A20C1B20389E57951FFFFFFFF	invalid_price_value
0647ADA1D9069B263C8F685FFFFFFFFF	invalid_price_value
0647B5C563B96CE6373FA32B62146D77	missing_fields
06486B544C0BF101D4BF07C9FFFFFFFF	invalid_price_value
0648BD4D4DB8622C2A88ABB74CA5632A	missing_fields
0648C8A4D9ED1E9468ADE2DFFFFFFFFF	invalid_price_value
0649858CA3F6678D254F9521A2DA668C	invalid_price_value
0649C9A0453B6F431501DF4544BD6E8B	invalid_price_value
064ABAE0CE7D0B5E1168FD3CFFFFFFFF	invalid_price_value
064AC4EAFCF8A4FE01B5DB6DFFFFFFFF	invalid_price_value
064BDFD7005064E515A6C927014A6527	invalid_price_value
064C578F68D3CCBC48F16816FFFFFFFF	invalid_price_value
064DFBED560E61B81AA3ED1257D86017	invalid_gender_value
06501E03F49266602E2008B3F5846759	invalid_price_value
06517078C0C3018CA9F8F2F1FFFFFFFF	invalid_price_value
0652E475C4A34F1F18313A1CFFFFFFFF	invalid_price_value
065335F26E645A2DC9726FA6FFFFFFFF	invalid_price_value
0653759FD804669F0C60635ED9D567AA	invalid_price_value
0655FBFF3DCD00E1BF46D867FFFFFFFF	invalid_price_value
0656A318A31A684D24D2B5C2A25D6925	invalid_gender_value
0658468D89F2DD3080F8FD44FFFFFFFF	invalid_price_value
0658B351020A40B65DA15A55FFFFFFFF	invalid_price_value
06596AFAE18C697615FB7E43E0326827	invalid_price_value
06596B5993BE61FC24D67DCF926A60F8	invalid_price_value
065D8F8DC97D6C1C28309964C8EF6D67	invalid_gender_value
065E4F0233A46F271EE859DB325E6EFC	invalid_price_value
0660B0418C8D66281F45A4E28D8567D5	invalid_price_value
0664DF57BBAE6EAB121CD04DBA826FAE	invalid_price_value
06652BD9CD4C0F0CCEE4E628FFFFFFFF	invalid_price_value
066601BB549E60853486174D551F6125	missing_fields
0668B06CBEA062EF0AD4A68BBF9D63D2	invalid_price_value
0668C75888AA625D1E02D05E89AF6379	missing_fields
066A0F5138AE6F9D092A19A3398A6EA2	invalid_price_value
066AF4209CB86CAC0A92E2D19D4E6D5F	invalid_price_value
066BEBE704D1637331C5FD1205456207	invalid_price_value
066C29AEBB1A6FDB32DC3F5EBA1B6E8E	invalid_gender_value
066C4378FD19F8FC0620B1FDFFFFFFFF	invalid_price_value
066D1EADD065F0867CCBAAB9FFFFFFFF	invalid_price_value
066E58DF109D27B8459A7ED4FFFFFFFF	invalid_gender_value
066EE1C87036644F1021F721719F65CA	invalid_price_value
0671A4A98D7A2ABB5E40A4ACFFFFFFFF	invalid_price_value
06730EB0C9F66D0C38741855C8B66CFD	invalid_price_value
06764100B5326E1C2F7E5716B41F6FA6	invalid_price_value
06770F00EB8DFBEC7427AF6CFFFFFFFF	invalid_price_value
067761434CFD842C9F3D36BDFFFFFFFF	invalid_price_value
067762521FD76AA61367748A1ECB6BCE	invalid_price_value
067785AD7330600C0BCF93FD724E6165	bad_type_priceSensitivity
0677B895291C7A9FD3568F1EFFFFFFFF	invalid_price_value
0679C74A37D569F32AEDD1B5369968E8	invalid_gender_value
067AD07C43987CD33F8945B4FFFFFFFF	invalid_price_value
067B3ACF4403B55A7AF3E1E1FFFFFFFF	invalid_price_value
067B69A76A98632D21797EAC6BAD6288	invalid_price_value
067E362B573239BEB3418B6BFFFFFFFF	invalid_price_value
067FF58241C66CE31408E04D408A6DEE	invalid_price_value
0681545D47FC607A1D6542B4467861A3	invalid_price_value
06865967BC416DD23CA74FD9BD2E6CFA	invalid_gender_value
06871E31A43D607A22520A5DA5B961EC	invalid_price_value
068731138A3C6E863455234F8B066FBF	invalid_price_value
068AD91CAFBD5AE449F3881DFFFFFFFF	invalid_price_value
068AE35CC919AAD3C463DEBAFFFFFFFF	invalid_price_value
068B71EA0DBF1F37E4C7D5E9FFFFFFFF	invalid_price_value
068BD96EF42D640602BBCF98F57B65FD	invalid_price_value
068BFD0C9B726A040AD4F15C9ACC6B98	invalid_price_value
068C10DC4BD5255B4D204730FFFFFFFF	invalid_price_value
068E42FCDD3563A61A3F5408DCB362EA	invalid_price_value
068E5C3C48F81BD2DB9499CDFFFFFFFF	invalid_gender_value
068FCC7A14D66BC8A69AAE2EFFFFFFFF	invalid_gender_value
0696A538FA8B5E23411EDD82FFFFFFFF	invalid_price_value
0696D139D04A5CBAE07200D6FFFFFFFF	invalid_price_value
069750FA67BD43366927CD3DFFFFFFFF	invalid_price_value
069A9898D30164900B428BC6D28565E4	invalid_price_value
069B9D6DB4BE67FD031590C5B53666AE	invalid_price_value
069DC3A5069B6746254FD55307536662	invalid_price_value
069E6396EB846B701ED07529EA4F6A9F	invalid_gender_value
069F9C4F312D614F239C8AB1306E6050	invalid_price_value
06A1BB2AE8A766F13278ADDCE93F67D4	invalid_price_value
06A2016EE02962BE20C717C0E1ED63EB	invalid_price_value
06A28C86A9006E14303C9A77A8AD6F7B	invalid_price_value
06A75C5DD3D71EA280282F8EFFFFFFFF	invalid_price_value
06A78271CEF8D6D1139D8F95FFFFFFFF	invalid_price_value
06A81C9D1BC431B93A11CE94FFFFFFFF	invalid_price_value
06AA0998DAF36C6724C71CF5DB236DB3	invalid_price_value
06AA533546D46440307646CE474665EC	invalid_price_value
06AB1B5C73CF61F0246B0DAC72816003	invalid_price_value
06AB58CB150C6B9D3A304E0114E06A3F	invalid_price_value
06ADC748C2EE9BEA699EB5E4FFFFFFFF	invalid_price_value
06AEFB115A8063DF1434EC1A5B816272	invalid_price_value
06B17507E5AF645714F063FDE4856546	invalid_price_value
06B29090261866A211AC851B27A66711	invalid_price_value
06B4E5958E5F60C224E3F29F8FB0610C	invalid_price_value
06B5850FDB1D218919B68BE1FFFFFFFF	invalid_price_value
06B7553FF08266A8214B40E4F1DC67EC	invalid_price_value
06B76ADE4DC866CB7B1DF7B0FFFFFFFF	invalid_price_value
06B78D9EA4AA884C52413AAEFFFFFFFF	invalid_price_value
06B7D7DF0B1D62292BFCC12E0A776338	invalid_price_value
06B992D15A246CCE119D86A05BBD6DFB	invalid_price_value
06BBA8F234ACACB4D7E4C113FFFFFFFF	invalid_price_value
06BDE4AF4261660D2218F20B436A67F1	invalid_price_value
06BEC626363A7D7F1141EE57FFFFFFFF	invalid_price_value
06BF0EDAE1586A090E7A1827E01D6B89	missing_fields
06BF6C93B5896F93015D7A08B4786E02	invalid_price_value
06C0146F079964F9328201BD06CF6502	invalid_price_value
06C1CD2C85696A850FE4D85184BA6BB7	invalid_price_value
06C1F89C6C3C6F8F36E2EE676D6E6E36	invalid_gender_value
06C2874F776BE0E672363914FFFFFFFF	invalid_price_value
06C2FE6B55AC6C230433EB6054B56DCC	invalid_gender_value
06C4150D3A8F81BDAC70437CFFFFFFFF	invalid_price_value
06C4A7B47A3A9F7240483142FFFFFFFF	invalid_price_value
06C6079B519B6C2F324B110150AF6DB3	invalid_price_value
06C6303EC42063BA0418263BC5776235	invalid_price_value
06C6702BC3BF6B683BEF66DBC2866A0B	missing_fields
06C6D9FD54816D871EE1CCAF55EE6C05	invalid_gender_value
06C6DF4BF1384F53F0E61E5EFFFFFFFF	invalid_price_value
06C7A3B8802C4676E764AB13FFFFFFFF	invalid_price_value
06C80E9F67A1D1106A0EAE6DFFFFFFFF	invalid_price_value
06C8808A9FDC1C6F0F276BE6FFFFFFFF	invalid_price_value
06CA4A3437CFDF0D3E41F86FFFFFFFFF	invalid_gender_value
06CA86C32CB06EA32A2291CF2D1D6F4F	missing_fields
06CB673782E65B2D6084F4E0FFFFFFFF	invalid_price_value
06CB81CFFD4E6EB2091395C1FCDC6F9B	missing_fields
06CD5BF56F9661160ADA4D006EC8603B	invalid_price_value
06CD8B47E925A81248A6B352FFFFFFFF	invalid_price_value
06CD97AC3024F13A271EFB15FFFFFFFF	invalid_price_value
06D3750F54D46F1E28D1620A553A6E50	missing_fields
06D50DA60BC56EEA3E5F1B4C0A686FCD	invalid_price_value
06D5860301F269FFC59B6BFAFFFFFFFF	invalid_price_value
06D5BE07535662321FB2ABBE52F163E6	invalid_price_value
06D677FD8116401B0728C7BBFFFFFFFF	invalid_gender_value
06D89DD5C4FC668F26DA8B32C5A467F1	invalid_price_value
06DAF51739DF67D413ACE3EA38BD6695	invalid_price_value
06DB8E5F3C426212126D98CB3D2D63B7	invalid_price_value
06DBE4582CB271A3E8F53F5DFFFFFFFF	invalid_gender_value
06DF7AB9B2CE693C2948695EB33068C1	invalid_price_value
06E388CA6A3662CC17B99E256B7E630F	invalid_price_value
06E4E76970F364EED0285F9EFFFFFFFF	invalid_price_value
06E67AED084661742E536DE0097860C3	invalid_price_value
06E8068F7F0D68491C69118C7EE86915	invalid_price_value
06E809ED0D2B660814061F0D0CA9670C	invalid_price_value
06E96AA7949D6F2816A47DA795496E3A	missing_fields
06E9DFC63BB066552E04C9283A0E6746	invalid_price_value
06EEBB29413B692F344CADF1405C6838	invalid_price_value
06F195EAC37376DDC498D59FFFFFFFFF	invalid_price_value
06F2105CE7C86A133F7703B8E6606BFC	invalid_price_value
06F35C110CEC1ED3148B8C30FFFFFFFF	invalid_price_value
06F5A6B38EAB66302D6DB02D8FC26735	invalid_price_value
06F81DE6826D68FA33E50B1A83C0699F	invalid_price_value
06F897107256C04C75F06AA7FFFFFFFF	invalid_price_value
06F941569B8A5220CEA88AF3FFFFFFFF	invalid_price_value
06F992B42A6571CA2C281353FFFFFFFF	invalid_price_value
06FB0E7FB1E9E93A9CBD746EFFFFFFFF	invalid_price_value
06FCE87089CA63622BFCFE26880862AD	invalid_price_value
06FD2AE0B0E16E802A8C3C1DB16B6F48	invalid_price_value
06FFC10008DF0DBAF6331213FFFFFFFF	invalid_price_value
06FFCFA427E7606003C0D9432636613A	invalid_price_value
070060FC28A2CD466C091AC2FFFFFFFF	invalid_price_value
070216F74BE9C5BDF6883DF5FFFFFFFF	invalid_price_value
07025C5AD89D9A300BD29B3BFFFFFFFF	invalid_price_value
070277D12F7A5CB22246580AFFFFFFFF	invalid_price_value
07030F87C238BE2E280ACAECFFFFFFFF	invalid_price_value
0703A5C0C85060533F9FB327C9A86156	invalid_price_value
07046FD269056F21107D7A0D68126EC6	invalid_price_value
0706F7636B8659C46B536F34FFFFFFFF	invalid_price_value
07074AB542B7911491070191FFFFFFFF	invalid_price_value
07078195F91AC66E0D14E5ABFFFFFFFF	invalid_price_value
070A49B41270612C273A5BD1130E6048	invalid_price_value
070ADDADFBA1E9C420341062FFFFFFFF	invalid_price_value
070BCD0D8A776530347DDA0C8B3464B8	invalid_price_value
070C38EEE2396B112EDC2E1CE30E6A1B	invalid_price_value
070CFB32409C6AFF1818EDDC41E76BC6	invalid_price_value
070D6086215C615A38A1778220D36093	invalid_gender_value
070E2AE488D3660E19013E118928672B	invalid_price_value
070E2B5136DD669D244D3D0F376767A0	invalid_price_value
070E91F64F6561E622BC87F94E81609F	invalid_price_value
070F19951C9C68EC1C680E9C1D176913	invalid_price_value
0710B08E2F2D6AB0056AA5552E346BE2	invalid_price_value
071121270BC1D27146ABADA9FFFFFFFF	invalid_price_value
0711565870EE81C40B1DB178FFFFFFFF	invalid_price_value
0711E70822A960E8167EF1F1231E618A	invalid_price_value
07124D9BAA67E13C92C6B9D1FFFFFFFF	invalid_price_value
0712EF3A06D4615D17FAF9CC07C360AA	invalid_price_value
071828A6C97E6D431E7E3E41C8296CFA	invalid_price_value
07187D4F0E6F6B6013D469A60F776A4A	invalid_price_value
071E7BAA042B6D0625E26D5B05BF6CA1	invalid_price_value
071ECD9178AE71DACA12C28FFFFFFFFF	invalid_price_value
071F62F0B46E6F473F9275F3B5096EDF	invalid_price_value
0720105C2AFB62BB36CF041C2B3C63A9	invalid_price_value
07206B10EB1D625F24EF7E33EA3863E3	invalid_price_value
0720B29253726A2226AEA47852126BEF	invalid_price_value
0722B7D344BE6D422302A134454F6CDA	invalid_price_value
072410F71A4963E619FC05691B236215	invalid_gender_value
0725DF608D7D66FB0DD6C98F8CAB674B	invalid_price_value
0725EF6815CDBA23706F860AFFFFFFFF	invalid_gender_value
072667C0601B62C838F07135619D6369	missing_fields
0727D5018631622C37AAC207874463B6	invalid_price_value
07284659C5286C75105F50B2C45B6DD5	invalid_gender_value
0729C2C85B3B6E64387CD5CF5A446F31	invalid_price_value
0729E4D5E7796EC8364EF221E6196F4B	invalid_price_value
072B26F3ADBE27F82B01412EFFFFFFFF	invalid_price_value
072BD17DC7849CFBD1C95E28FFFFFFFF	invalid_price_value
072C2C5B98FD650C33973AA39969645F	invalid_price_value
072D1C42A025C4A57A23541BFFFFFFFF	invalid_price_value
072E93E484626008099184E885F06176	invalid_price_value
072FBA480BA6ECFEF054FEBAFFFFFFFF	invalid_price_value
073078E15EA06CE81D476FE75F286DF2	invalid_price_value
0730CCBE2B3E490C61E2F0BFFFFFFFFF	invalid_price_value
07314C63C35914A0FFEC4E83FFFFFFFF	invalid_price_value
0732C5275FE96D6014CDD3DB5EEE6C07	invalid_price_value
073592CCB3B1622A195D8113B2B66321	invalid_gender_value
07367158ED339DF13CE61C60FFFFFFFF	invalid_gender_value
0737729F905C64C1139D677C91A665D3	invalid_price_value
073931F7EDEE68F93C3B271BEC166924	invalid_price_value
073A516AB6F3652722554668B7976463	invalid_price_value
073B0B031FEF66F423541DED1E5167FB	invalid_price_value
073B0C07F2AC69C43C7E1A4BF328684C	invalid_price_value
073D0F23FCF731E213109B7EFFFFFFFF	invalid_price_value
073EC8B11BB55310B212267BFFFFFFFF	invalid_price_value
073F86C35A51643510CF90945B1C65A3	invalid_price_value
073FA9CEBFDBA2CA49B0A820FFFFFFFF	invalid_price_value
073FC6DD4B4971F635A80E18FFFFFFFF	invalid_price_value
0740B031EF04620B34DCA5D6EED26320	invalid_price_value
0741369436A56C7E06B120E937C56DC3	invalid_price_value
0741803D49036BE93260973F488F6A4B	invalid_price_value
0747BEF72EC963DB1D12A8112FBC62C1	invalid_price_value
0749331E2C814AFF7403C752FFFFFFFF	invalid_price_value
074948AC94A265CB3CFD5B68958E6455	invalid_price_value
074A22BC0E3E61653A32344F0FA860F2	invalid_price_value
074A53F3FFE7690E0DDA450AFE64682C	invalid_price_value
074BE0852657A9896F019C9DFFFFFFFF	invalid_price_value
074CB54AAAEB68DD2D90A24EAB956910	invalid_price_value
074CF250D78360583308E4A3D6FC61F1	invalid_price_value
074DCA587BDD6987289CC4B37AB268AF	invalid_price_value
074F9CCF1C1B67FD294D8BC71DCD667E	invalid_price_value
0750FFDDBCA885CB6B0B7BE5FFFFFFFF	invalid_price_value
0751C1FA552E7AD0BEAE5A9FFFFFFFFF	invalid_price_value
0752D166EE336AF40287C4F8EF526B0B	invalid_price_value
0753020C3B686963209A14FD3A7E6885	missing_fields
0753578DE5C0A8233399FC74FFFFFFFF	invalid_price_value
0753CF2A679F699C0DCED9C466AD68A1	invalid_price_value
075407A40291FC7E6A45AF58FFFFFFFF	invalid_price_value
0754A86AA8706204228FBE28A939638A	invalid_price_value
0754C55203E566790F83D25E026867B3	missing_fields
075508E0252341A092937FB9FFFFFFFF	invalid_price_value
0755B65D089165651A50A0AE09646491	invalid_price_value
0756283DCAADE161963AF149FFFFFFFF	invalid_price_value
0758411C6757707214A0CA03FFFFFFFF	invalid_price_value
07596ACA548666A427B07F13553C678F	invalid_gender_value
075A34D7ED5E60013F3923D5EC3B6132	invalid_price_value
075CA6E633FE62D60B3DB531324963BE	invalid_price_value
075FC384ED976097319CD51BECEE61C6	invalid_gender_value
0762AA8C5012670B1B59BC615140662A	invalid_price_value
07634BE54A1B603F141D5D7F4B1F61DA	invalid_price_value
07641662CF2C68022DA500D5CE556979	invalid_price_value
0764EF6C6051D9445EE772B4FFFFFFFF	invalid_price_value
0766602D595E6F2B310276D658DD6E50	invalid_price_value
0766C3F840E385DAEF528F47FFFFFFFF	invalid_price_value
076957580BC8F8C744AA0C73FFFFFFFF	invalid_price_value
076BB687DC2281C84E293BE5FFFFFFFF	invalid_price_value
076D8BA91CBB6D1729289F9D1D926CFE	invalid_price_value
076DF5967F1A60F32A8EE3637E0D61EC	invalid_price_value
076FA38653E46D071338B48252E86CD9	missing_fields
0770B8CD5CAF63653AD7AE255D956288	invalid_gender_value
0771CFA2E1EC61F00686DAE8E0AF6053	invalid_price_value
077275B6191762830B8F61D418BC6366	invalid_price_value
0772986545ED6D1115078EBD44E86CB3	invalid_price_value
077340DD736D60E41DE756B072F1616E	invalid_price_value
077431D954F8D4A70C16C2FAFFFFFFFF	invalid_price_value
0775A5E6B6806EBC2691B2E3B7DB6F59	invalid_price_value
0775BBB6016C6BB6209DA8EF00706AA2	invalid_price_value
0776CC460E514E5865522BBBFFFFFFFF	invalid_gender_value
07772D8E8C9965DB079A3B838D4F645D	invalid_price_value
077856DF18E0C3C6E3088A73FFFFFFFF	invalid_price_value
077C1D3BED036DDC26F20BCCEC266C2B	invalid_price_value
077E6FBF7A556D1035237BC67E55633D	invalid_price_value
077F0C766E726A3E1E2C1A856F2E6B5D	missing_fields
077FD5F9EFD4351E2CD31CBEFFFFFFFF	invalid_price_value
078552F4FF3C6A332F8A448BFEB96BCE	invalid_price_value
07856E52146BFC296924A1CFFFFFFFFF	invalid_price_value
0787FFA91A9A3F40A2965BD8FFFFFFFF	invalid_price_value
07884D14C7B06B4E084B5BFBC6366A31	invalid_price_value
078C7CA88091BB09DA119D31FFFFFFFF	invalid_gender_value
078D49B98EEC6E9C20F95F5D8FE26F23	invalid_price_value
078F06DE05CDBC37E8312613FFFFFFFF	invalid_price_value
078F457619EE64FD2834538618C2652A	invalid_price_value
07955268F68E244703C8A60CFFFFFFFF	invalid_price_value
0797791DD2756FF8371869DCD3196E18	invalid_price_value
0797AE22FAFFFD53DA33FFB7FFFFFFFF	invalid_price_value
0797B917DE9F689F2912AE11DFB2696E	invalid_price_value
079B87733228DA2EB88A4812FFFFFFFF	invalid_price_value
079BA0B682FA67AE3B43B64383846686	invalid_price_value
079D12BED0CE678A0E7F05B1D18A66D0	missing_fields
079D30A0AD219D757AC488BCFFFFFFFF	invalid_price_value
079D48551A196BD32C205EA71B676AF1	invalid_price_value
079D5262A2A62AFCAD018BD7FFFFFFFF	invalid_price_value
079FAE509F76E0C81A79DEE9FFFFFFFF	invalid_price_value
079FC9AAD2CEEF9FD2C039ADFFFFFFFF	invalid_price_value
07A2285C4CEEDFA890A8CB8DFFFFFFFF	invalid_price_value
07A26F7745FDE62976C9AC5AFFFFFFFF	invalid_price_value
07A38B0DCE54659D14AD9DFECF8B64EC	invalid_price_value
07A679C1E586E27E1D111FD1FFFFFFFF	invalid_price_value
07A8194D799668DD31770CDC78F7695A	invalid_price_value
07A9651408277D1EBA224E45FFFFFFFF	invalid_price_value
07A99F09BEC23D6FAD42BC20FFFFFFFF	invalid_price_value
07A9D5BA23CAEC5AC3E5EF2DFFFFFFFF	invalid_price_value
07AA3C036C5EC790144A02FAFFFFFFFF	invalid_price_value
07AB4E24FBFA653206385BEAFA9564AA	invalid_gender_value
07B07905E97C99F3C76A9794FFFFFFFF	invalid_price_value
07B3CF3EFA9F66B03E2DDCF8FBF8673F	invalid_price_value
07B5299911FF67661C6B3E9310846694	missing_fields
07B597B27D8B2F5BEFA94D0DFFFFFFFF	missing_fields
07B7B7442B91C0FCD1F4665EFFFFFFFF	invalid_price_value
07BA4CB8D15D6C172D055A3ED0EF6DB8	invalid_price_value
07BC8067042A64E62D6295EF050F6508	invalid_price_value
07BCFECF4231637425A6E82243306268	invalid_price_value
07BE76CF826766B90F4363C48389679E	invalid_price_value
07C2F00830B7EB717A22589BFFFFFFFF	invalid_price_value
07C44E8B1AE7658017BD5D3C1B7D64F9	invalid_price_value
07C65703A310640A2F294002A2106573	invalid_price_value
07C74AF2CA9525AA33003541FFFFFFFF	invalid_price_value
07C89C77F7BA6A872AFF8AA3F61A6BF3	invalid_price_value
07CAC9ADBD345FE15DD604DFFFFFFFFF	invalid_price_value
07CAD167661361F428FBC5CE67D56048	invalid_price_value
07CB0A3EB26964C91D221CD6B3A265F9	invalid_price_value
07CCAA7415FAB106AAE29CBFFFFFFFFF	invalid_price_value
07CDDB0C3280E9A33F30B131FFFFFFFF	invalid_price_value
07CFD12A75BC63CC1BFDC62E74BD6251	missing_fields
07D0ED388CDAC96D78AD0F43FFFFFFFF	invalid_price_value
07D0EF33B481715ABE9FCB79FFFFFFFF	invalid_gender_value
07D1357E9D3C9A176913C061FFFFFFFF	invalid_price_value
07D28731F14B68193515939EF0286976	invalid_price_value
07D2B1ABBADD6961FCD336BAFFFFFFFF	invalid_price_value
07D2BF10CFD39D9AC87FD1C4FFFFFFFF	invalid_price_value
07D2BF94709967BC0C39AD9D71BC662C	invalid_price_value
07D46ED83B3D69410D3879D83AD26800	missing_fields
07D75388E62163872626453AE70E6232	invalid_price_value
07D79AC668A165592EB48C3269DA6441	invalid_price_value
07D80A9B0D9758C92B170BACFFFFFFFF	invalid_gender_value
07D9B0D16089628E27C5A628612C63A2	invalid_price_value
07DA8758A0E013C82034E5C6FFFFFFFF	invalid_price_value
07DBDB92552D61BF248ECD7A548060A9	invalid_price_value
07DC07A713C2C07A9054A95BFFFFFFFF	invalid_price_value
07DCDF16562C6AC13089C9E157DE6BD3	missing_fields
07DE5B5B4D5A677322504D814CA066C8	invalid_price_value
07DF3CDED0686EB6190B2A95D17F6F7E	invalid_price_value
07DFC7C76F9210B65EB4C363FFFFFFFF	invalid_gender_value
07E196351ECB66CE2DCB804D1F2C6755	invalid_price_value
07E1C7E218A90684B79DCB0BFFFFFFFF	invalid_price_value
07E1F115CB283DA639BDB1FDFFFFFFFF	invalid_price_value
07E41BA5536E6B0B2E580ED3527C6A6D	invalid_gender_value
07E474109FF86910310262D39E0D687B	invalid_price_value
07E50BFFBBCEDE8E86FAF64AFFFFFFFF	invalid_gender_value
07E9A324262711A366FB8B22FFFFFFFF	invalid_price_value
07E9EDE8D907670A00CFFBA3D81066B7	invalid_price_value
07EB2CDC51D7662D2D1A3A3550DA67F3	invalid_price_value
07EC75E5CEBC668D13726378CFD86718	invalid_price_value
07ECCF0524B84611650C34C3FFFFFFFF	invalid_price_value
07ECED0E17516E0B0A9CFBFC16106F9C	invalid_price_value
07EDDEA5A4767CF799F93037FFFFFFFF	invalid_price_value
07EE0B4419E3D53AA35520E2FFFFFFFF	invalid_price_value
07EE168948BC2DE911CAA3ADFFFFFFFF	invalid_price_value
07EE4B63A23B426204F66F16FFFFFFFF	invalid_price_value
07EFE22037FED378B7196991FFFFFFFF	invalid_price_value
07F006E396D4D5598FF984DEFFFFFFFF	invalid_price_value
07F00C00CBC1BC9E917F35E0FFFFFFFF	invalid_price_value
07F052FF917D66E72C28440490506701	invalid_price_value
07F131BD0BE5AA6A544814DBFFFFFFFF	invalid_price_value
07F34B8024976D0F37C55D6F25DE6CBD	invalid_price_value
07F5951A4A9366E3363E80834BCF673A	invalid_price_value
07F6BA818F4D68A32462AC7F8EB56947	invalid_price_value
07F8BA1E8248D75A99E4B4B9FFFFFFFF	invalid_price_value
07F9D8C6B5526A0119C6CD7BB4776B67	invalid_price_value
07FB6991E99D653A349E7F61E8B064D4	invalid_price_value
07FBE519B85C9B52D12A451FFFFFFFFF	invalid_price_value
07FE231296166A6E14D535E197EE6B91	invalid_price_value
07FFDBEA0B6C63C2175AD6500ADF625A	invalid_price_value
07FFEC07D85888A204BA437CFFFFFFFF	invalid_price_value
0800F5EDF22F0F931D78A699FFFFFFFF	invalid_price_value
08019B6C465F60D210388C6A47A7619D	invalid_price_value
08033C1A2D8563AB032A2A232C6B623F	invalid_price_value
0809B048C6929592A1BDED5FFFFFFFFF	invalid_price_value
080AC859A308620F0002DEC5A27B6389	invalid_price_value
080BB3D3EBF566FC0D85A525EA5167DC	invalid_price_value
080BE2902C8467933A7BF4342D2966A9	invalid_price_value
080EB85E6D86A792684825A7FFFFFFFF	invalid_price_value
08129914D4240C5582380828FFFFFFFF	invalid_price_value
0812C94B6B5865D31708DFB66A816483	invalid_price_value
0812D309010F78491DF59640FFFFFFFF	invalid_price_value
0812F50D7E14D325677BEDFCFFFFFFFF	invalid_price_value
08130DD56436658124B71E506521647F	invalid_price_value
0813CCFC5C516A6117D1DA085DFC6B94	invalid_price_value
0814A37F3BDF6E940DCCB5843AB96F24	invalid_gender_value
0815FE67D8FD6CB41978E891D97B6D3D	invalid_price_value
0817911777646ED336F280EA736460F5	invalid_price_value
0817EBCDF3F36C030EA7FD3CF2616D7E	invalid_price_value
08183BB74AA86C682CC52D464BFA6D5C	invalid_price_value
0818695C3AC56FB015487FBB3BE06E24	invalid_price_value
0819483531F4B647D04306DFFFFFFFFF	invalid_price_value
08194F13D1C22B6D0F5125C1FFFFFFFF	invalid_price_value
081A9516E1EFB275AB34698FFFFFFFFF	invalid_price_value
081AC1214402653D2163D7CD450264AF	invalid_price_value
081C13C2F4415D8AF0790A59FFFFFFFF	invalid_price_value
0820E455CB7D6110193BF35FCA1760C3	invalid_price_value
0821221D046AAFD6B63C09B2FFFFFFFF	invalid_price_value
0821555F8C2268EA390E40328D1C6915	invalid_price_value
0826CEF6B8DB6FE6362DD9FFB9986E6E	invalid_price_value
0828117D5653A2FF098062EFFFFFFFFF	invalid_price_value
0828579A9817A33F7684CC6BFFFFFFFF	invalid_price_value
08296B4CBD5F69BA059D7E8CBCB8681C	invalid_price_value
082AF478BA9756A4B51335B2FFFFFFFF	invalid_price_value
082B6D883B5766083B0E7B753ADA672A	invalid_price_value
082BACDE4F246B12136CBA304E9C6ADF	invalid_price_value
082D92FE1BA46F662FCA846C1A986E2B	invalid_price_value
082E583B10D6D90363D18B34FFFFFFFF	invalid_price_value
08317D985A8D62A91BF369785BAD6382	invalid_price_value
08317DF14C0B60B40E1968004D806167	invalid_price_value
0831FDCD188A6ED726CCE8101C8A6CDA	invalid_price_value
0832E6BF9CE961350168F04C9D8C60F8	invalid_price_value
0832F66AB49366E2099BE3C2B5DA6739	invalid_price_value
08350247A6D821454DCF163AFFFFFFFF	invalid_price_value
083594C6299869012F70823228C36894	invalid_price_value
08359C4CA4D173371F388F81FFFFFFFF	invalid_price_value
08359CF209FC62022BD58A13087363BD	invalid_price_value
08364C0C76759465761D0D3AFFFFFFFF	invalid_price_value
08382F84D8AE056C9B7DEA9DFFFFFFFF	invalid_price_value
08390C26F90566E33A7A1FC3F86F6770	invalid_price_value
083B57F14FD868571DD742DE4E2869FF	invalid_price_value
083C535873D9B0DF65EF2CEAFFFFFFFF	invalid_gender_value
083D59FEA532FB816B16E67AFFFFFFFF	invalid_price_value
083DAC96332D7F2678005A3EFFFFFFFF	invalid_price_value
0844F493068F6AD41271E27D07286B76	invalid_price_value
08459A61D69F635BA37C57B7FFFFFFFF	invalid_price_value
0845FAC71C6F6E25216FEC321D596FE7	invalid_price_value
084730C6C5F9D3265BCA1BDFFFFFFFFF	invalid_price_value
08481D57FC706AF83AA40EBCFD816B59	missing_fields
08489888084393DD4F8C3FECFFFFFFFF	invalid_price_value
0848C18F08D505ABC2A3E9BDFFFFFFFF	invalid_price_value
084929B09978169879641BAAFFFFFFFF	invalid_gender_value
084A54763FE76AEB0986429C3EB26B50	invalid_price_value
084B9DFD7206619412178B21738060DE	invalid_gender_value
084BF55DA4AF93B3F10BFC61FFFFFFFF	invalid_price_value
084C56E7CECE401BF64F8653FFFFFFFF	invalid_price_value
084D7802C391173F8B152586FFFFFFFF	invalid_price_value
084E18BD0F856C2100830E430E666D3B	invalid_price_value
084E5A2215DF9AE94DBB2C5CFFFFFFFF	invalid_price_value
084F877E24AA65A9388D91A125B66494	invalid_price_value
084FD7F0576DC505F79E217AFFFFFFFF	invalid_price_value
08503516615C60CF1F41267360FD611D	invalid_price_value
08504ED0712D6EC926C35828704C6FB4	invalid_gender_value
08504F8DFA566B0301275978FB3D6AE9	invalid_price_value
085095FF74536F26314A804775B76E68	invalid_price_value
08517C855AF86EB30E4E6B8D5BD16F8F	invalid_price_value
08517EF26F17182C91AAA19AFFFFFFFF	invalid_price_value
085944F52B8AD616DADB9887FFFFFFFF	invalid_price_value
08594762F72060C33EA1519FF6D861BC	invalid_price_value
085AB184E445E75E98634622FFFFFFFF	invalid_price_value
085B1732098556037D2D5C7AFFFFFFFF	invalid_price_value
085B39A76BECA7D98F14F205FFFFFFFF	invalid_price_value
085DAAC6AB6628E071DF7F58FFFFFFFF	invalid_price_value
085EADC931F68A3D687488C5FFFFFFFF	invalid_price_value
086042BFB6118B6B513EE53CFFFFFFFF	invalid_price_value
086045FDAD6A53030C352FC9FFFFFFFF	invalid_price_value
0861121AA04F465FDEF319C5FFFFFFFF	invalid_gender_value
0861B7A6814217AF13080813FFFFFFFF	invalid_price_value
0861CC18867C3D5F4CDA261FFFFFFFFF	invalid_price_value
08626963EEC1020990A1B7BCFFFFFFFF	invalid_price_value
086485E627C9601128B28B9026E561F1	invalid_price_value
0864D24B1E396B711D48C4E31FD06AD7	invalid_price_value
0865D7D68CF667270E70C1298DDB66AE	invalid_price_value
0866060986092E030CF77F7EFFFFFFFF	invalid_price_value
0868126CECB9688F1CA504C4ED086953	invalid_price_value
0868832A086594340B8C0DA6FFFFFFFF	invalid_price_value
0868D8916076CC271FEAA069FFFFFFFF	invalid_price_value
0869414DE740638838C057A8E6CB62FA	invalid_price_value
086994385BE0BE71D621BF83FFFFFFFF	invalid_price_value
0869E75B6A1363B32654F1B16B68629D	invalid_gender_value
086A915F5B1364E424AB87B85AE5651E	invalid_price_value
086B46FA82C863412FF5500E83AF6298	missing_fields
086B6954875C6B6333777C9D869B6ABC	invalid_price_value
086C426CC95B7FD0BA9317E6FFFFFFFF	invalid_price_value
086D837899326A360CF49478984C6B39	invalid_price_value
086DA656B331D4197A0A6A4CFFFFFFFF	invalid_price_value
086E2B8866B1029704595C8BFFFFFFFF	missing_fields
086E79D046C731084F6C211CFFFFFFFF	invalid_price_value
086F2F03F0C8656F232A39ECF1776404	invalid_price_value
086F4A70123B6F6F01795D7913B76E46	missing_fields
086FAB009BED68003085BD329ABB69D4	invalid_price_value
08725B58D977638519754DACD8796212	invalid_price_value
08736E43713A7C5970D0548EFFFFFFFF	invalid_price_value
08765BE6FF6D627405BE4D15FE40637A	invalid_price_value
087B9165EF3D60DA21918589EEE66115	invalid_price_value
087CAE097A8E674C1C15BBD07BD266F3	invalid_gender_value
087CBE6CC70361862495A898C67D6078	invalid_price_value
087EBBA6D9F1AA3FE0E33CBBFFFFFFFF	invalid_price_value
08806C4B3BCD665320567AA23A9A6705	invalid_price_value
088156AEBDFD6FE0260B4000BCBD6EB4	invalid_price_value
0882F9A1283C6B5A1D7CEF5829B26AA5	missing_fields
0886075D9C736E4F074A14B99D956F37	invalid_price_value
0888ED45563461600C73FBBC577D6006	invalid_price_value
088C1A94474C6DF130810D9646DB6CDB	invalid_price_value
088C2788C7F5656B0AEE3130C6BC6427	invalid_price_value
088DBDF68D2B0014BBD73CDEFFFFFFFF	invalid_price_value
088DC3ECFA48A82E9E21E4FFFFFFFFFF	invalid_price_value
088DCA93FABD6DDE0DB2DC7EFB456CEB	invalid_price_value
0890F881F34A659E1730EEB0F22A6427	invalid_price_value
08910FD8E920642B1AC21EB8E88165BA	invalid_price_value
08928E364870D5897D0BA9E7FFFFFFFF	invalid_price_value
08938C7E185D5A52FA810050FFFFFFFF	invalid_price_value
089660C21CBD3E098243FCFCFFFFFFFF	invalid_price_value
08979BBEED926C5E067B8D47ECC46DFC	invalid_price_value
08983B97EF3D64293B1C2FB9EE9565E7	invalid_price_value
089904E4CA3FEC8AFFBA775FFFFFFFFF	invalid_price_value
089CB92D952652D236F9CD4FFFFFFFFF	invalid_price_value
089D4ADE2C9F64692C7A5C682DB6650E	invalid_gender_value
089E9814FF886A6F0DC48EFBFE266BA9	invalid_price_value
08A16944BF826ADD39917FB0BE5B6BF9	invalid_price_value
08A1CD8204E16FC1162CD9FC05C86EB4	invalid_price_value
08A2CA39D6B1604019D7DC96D7DC61CE	invalid_price_value
08A3CAD4BEAF41D2F2DF49C2FFFFFFFF	invalid_price_value
08A4E328A4DA5457387FE2A8FFFFFFFF	invalid_price_value
08A658A2721C4B7D3E233DD1FFFFFFFF	invalid_price_value
08A89F34E5A360950EB88E66E44561F4	invalid_price_value
08A8E479C4EA6CA63DC9F282C5966D54	invalid_gender_value
08AA14542610923F86C5D97DFFFFFFFF	invalid_price_value
08AAC5EEDF746708383ED319DE0A6670	invalid_price_value
08AB5CEF1360A394B07535FBFFFFFFFF	invalid_price_value
08ADB1FCD1E965233619A711D044646B	invalid_price_value
08B04DA6F8EC3C3DC2BFEF0DFFFFFFFF	invalid_price_value
08B1A5CFAEAC619E361AB331AFD96064	invalid_price_value
08B1D04E526663E0103BC46653A56295	invalid_price_value
08B430D48C36622C1A0F263B8D2363D5	invalid_price_value
08B5278ED8FBD617818B697CFFFFFFFF	invalid_price_value
08B58034FCEC657333A09189FDC0640E	invalid_price_value
08B59DF69DF26B17396D8B339CC96A95	invalid_price_value
08B63C4FE4176EB725AD2A84E5346F00	invalid_price_value
08BAA882617F6F4506A6BD03603F6EC7	invalid_price_value
08BAD4218056171C3499EF4FFFFFFFFF	invalid_price_value
08BB1667AFC3679D27A20028AEB1664A	invalid_price_value
08BB85E2B6EB6B5F0AA7931CB7A26A4D	missing_fields
08BB8763E6196DDD220493E6E7C06C8E	invalid_price_value
08BBD0ABAE9F6C491FABC640AFE16DA1	invalid_price_value
08BCE11019E36B40827DFA69FFFFFFFF	invalid_price_value
08BE91EF09D85BC08B47EDB5FFFFFFFF	invalid_price_value
08BEBAC1D44B7C6C81E8E605FFFFFFFF	invalid_price_value
08C106154805CC7DE44BFF15FFFFFFFF	invalid_price_value
08C1FF8B491865D9127BE96E484064C2	invalid_price_value
08C2C49729D16F880B3FD236287C6EF4	invalid_price_value
08C5A3D982930891711570DBFFFFFFFF	invalid_price_value
08C5CBA61B3260773648DCAE1AF06167	invalid_gender_value
08C5E040A8B90F89BE8D6DC2FFFFFFFF	invalid_price_value
08C63348530D6F7520EC25C452686E9D	invalid_price_value
08C654B347F7A5F8C912A1D9FFFFFFFF	invalid_price_value
08C992163C73685E38A684223D376943	invalid_price_value
08CA6FE3DE24B771B723769BFFFFFFFF	invalid_price_value
08CB55AD31117BB0317DD7B1FFFFFFFF	invalid_price_value
08CBFD8B6A6C86B708FB98B1FFFFFFFF	invalid_price_value
08CC86382E3456156136F4EBFFFFFFFF	invalid_price_value
08CCFA5D7A3F8F0C94BDBF32FFFFFFFF	invalid_price_value
08CD956393DC61B3394C83BD92136074	invalid_price_value
08CE1A6B3C386B1D055B0C9B3DFF6AD5	missing_fields
08CE8101EC2B60FD18BF960DED0E616A	missing_fields
08CEC68716CEDC2C3029B949FFFFFFFF	invalid_price_value
08CF0765D65D68B237AE118BD70C6935	invalid_price_value
08CFD7F407C760E72124C1E5064C6198	invalid_price_value
08D2EAC8DA0DA747D5D709FCFFFFFFFF	invalid_price_value
08D5EF087F2D64E4391FF80D7ED66538	missing_fields
08D790ADA6F163963B9A8650A7CE6216	invalid_price_value
08D8B0A9401A6D97108EA65F41916C09	invalid_price_value
08D8B72925EA6040295AA21724FF613C	invalid_price_value
08D9269FF7F960F711BA306BF6A06139	invalid_price_value
08DA1594032F69834FC0BF79FFFFFFFF	invalid_price_value
08DA3034B3E9622B13CA2529B26F637F	invalid_price_value
08DE6E087C146C230DED78F87D2C6DD0	missing_fields
08E148DD7D8E6DA537F75E287C606CDE	invalid_price_value
08E1EAD028F760100B20FEF929096123	invalid_price_value
08E340D206B5DDE4F2D22E51FFFFFFFF	invalid_price_value
08E590258A6D6FFC0361864A8B936EE4	invalid_gender_value
08E9DBD8EDA1232F8975D0FCFFFFFFFF	invalid_price_value
08EA56B090F369921264404D9158684C	invalid_price_value
08EAEE7A1DB36302249DF8851C586236	invalid_price_value
08ECD833F799A7FDAF1A2BF1FFFFFFFF	invalid_price_value
08EDA16097326E461679B45596D56F1E	invalid_price_value
08EE62279AA364A0043A74C89B2F6593	invalid_price_value
08EF50B4EEF4B8EC28C16EC2FFFFFFFF	invalid_price_value
08EF606B6DB16B7E345973F26C406A24	invalid_price_value
08F07737B84F6E7634126210B9E76FE3	invalid_price_value
08F10F5EB4D383969247D27AFFFFFFFF	invalid_price_value
08F2F314969967F910F0E5EC975E6678	invalid_price_value
08F31AE6FECF90EEEB35EF31FFFFFFFF	invalid_price_value
08F7274E9620643434EB352897B06510	invalid_price_value
08F895B96822D6E4CC936B7CFFFFFFFF	invalid_gender_value
08F9ED7AFE0DB67816049316FFFFFFFF	invalid_price_value
08FAA8C1B192768C67678591FFFFFFFF	invalid_price_value
08FB69029784665526BC7FBC96A567E5	invalid_gender_value
08FD5AF33CFEC2AE3383195EFFFFFFFF	invalid_price_value
08FEA28DD0FDDE3AFABF9F72FFFFFFFF	invalid_price_value
08FF334D2E186082BBFC8684FFFFFFFF	invalid_price_value
0901C387BF3E632EF3C95572FFFFFFFF	invalid_price_value
0904DAF5BC85618517E3CF28BD716075	invalid_price_value
09050B120DFD6874373B1DF10CAB69AA	missing_fields
0906C9F6852F6DB60E71DEFF84F86CAA	invalid_price_value
09081E6906326D912E3F08C307CF6C7A	invalid_price_value
09097DFF703B6BB6103D6F9171C56A91	invalid_gender_value
0909DD2EE754650A31EDCBD9E6C6648E	invalid_price_value
090D28F08C17657003B33DDE8D996431	invalid_price_value
090DAC9F882765A00155BA5C89E464B3	invalid_price_value
090E96AA9F1A9F068F259AB6FFFFFFFF	invalid_price_value
090F684E6747633007507EE1662D629D	invalid_price_value
09147149CC56BE46262B177AFFFFFFFF	invalid_price_value
0915A6E0E3F18C43043463D7FFFFFFFF	invalid_price_value
0916F0BF766F6DDE34FDE62977756C30	invalid_price_value
09173ADFA65488D7B7B68F02FFFFFFFF	invalid_price_value
09180BFE3752631C11501D0D36906243	invalid_gender_value
091A0EB6799F6CF4544D8D9DFFFFFFFF	invalid_price_value
091AC44504DFC10936A267B3FFFFFFFF	invalid_price_value
091B946451F7613D05A5817D505F6099	invalid_price_value
091C6B7B4BDD65E303147DA74AE26423	invalid_price_value
091D794558926B1009826F4459CC6A4F	invalid_gender_value
091D8F86F15DD9CF811A9997FFFFFFFF	invalid_price_value
091E7EF777FA6F5132CD6BFA76956E3F	invalid_price_value
092297CC63109905F1280E94FFFFFFFF	invalid_price_value
0925F51F3C3663300028E3EC3DC3626D	invalid_price_value
09273928C3996DF408962FF9C2126C80	invalid_price_value
0929B67B87176E3E2CE6A0D386836FCB	invalid_price_value
092A733D9D5365BE021865489CDD64F0	invalid_price_value
092AA04171C261C3136EB6FD70386054	invalid_price_value
092C4B23A5126E29236F5D5CA4996FA9	invalid_price_value
092E0D6C268C22B1467DF348FFFFFFFF	invalid_price_value
092FE4BB30635E4E3EFF1AB4FFFFFFFF	invalid_price_value
0930E2779A5B6F02381AF4FC9B4B6E04	invalid_price_value
0931CFB535261AB75DFC083BFFFFFFFF	invalid_price_value
093408A00676C219495C04EFFFFFFFFF	invalid_price_value
09377D468F1F6AAD02FB6BBF8E5C6B5E	invalid_price_value
093791FFBC0561A939978514BD12602A	invalid_price_value
093A0C92832D601C12E71A7D82EF61D2	invalid_price_value
093A89BF12CE54BA237B2A74FFFFFFFF	invalid_price_value
093B06DDA74C64A401BE1034A6996521	invalid_price_value
093C774E40926FBC07E361BB41586E77	invalid_price_value
093D618E6211687E00CF768E631F69CE	invalid_price_value
093F74543018452B6C5B500FFFFFFFFF	invalid_price_value
09401432CFE0B7664C86B134FFFFFFFF	invalid_price_value
094026AF73DB6F9909AA304872336EDC	invalid_price_value
0940B3F5A18D63BE07FEA56FA00562F8	invalid_price_value
0941948E3FF1AC435E2D4BB8FFFFFFFF	invalid_price_value
094286F975FB666B23D39013742D67F5	invalid_gender_value
09438BFD3261B86A9BC94CC5FFFFFFFF	invalid_price_value
0943DEBA6C08E2A19B4033C1FFFFFFFF	invalid_price_value
0944B3C2C5EF6E6725C8A54FC4266F16	invalid_gender_value
094562F7984F61DD1E9B7413992560FA	invalid_price_value
09463F46CC3B6DD82E762A33CD5B6CBB	invalid_price_value
094651F7D2F262C71B58471DD39D63E2	invalid_price_value
0946B7649063692E1CD8A3CE91766852	invalid_price_value
094BA7E0F5926F1B2329B112F4696E66	invalid_price_value
094D1269FC7161273AE40562FD6460FC	missing_fields
094E229FA210789776110CA6FFFFFFFF	invalid_price_value
094F0BD07EC519AB592844F7FFFFFFFF	invalid_price_value
094FF042AA3062C43565E6B2AB57639B	invalid_price_value
095005000AAA6997155813440B3368BC	invalid_price_value
09501322E83860981C8F0689E9AC6168	invalid_gender_value
0950A900FEEDC6CDDB698195FFFFFFFF	invalid_price_value
0950B035F21A3B752D95DEDFFFFFFFFF	invalid_price_value
09512FE1D0E4691B0B99391CD1B868C6	invalid_price_value
095147B9550060D52FF5514E5492619A	invalid_price_value
0953190AD92A66B901710FFCD88E67C4	invalid_price_value
095407F31665A04EBEBBC0D5FFFFFFFF	invalid_price_value
095448922AC760E912835E7D2B2961B1	invalid_price_value
0954C6C1C8356C8A1E28D0EDC9BB6DB6	invalid_price_value
095623C6D95865283DAE35F0D80E64FE	missing_fields
09566B9120BE699D316B7D3821E86856	invalid_price_value
0958B3F708CFC2F39BBE3C3FFFFFFFFF	invalid_price_value
09592813F17F87F78B6469A6FFFFFFFF	invalid_price_value
095A952746D9063D6F81E35EFFFFFFFF	invalid_price_value
095B5BB674976635077A4E4C753667C9	invalid_price_value
095B6E246A14B6165160AEC8FFFFFFFF	invalid_price_value
095C1A105979D0629B7ADCBBFFFFFFFF	invalid_price_value
095E9FC989EC6A8A22058B2C883C6B03	invalid_price_value
095F659E9A7AF3C32AEA4399FFFFFFFF	invalid_gender_value
095FC62EC2E16BEA2BBED0D0C36F6A11	invalid_price_value
0961AE5FB9A76BE736F0B8AEB8286A76	invalid_price_value
0962D2B2DFA2D4349A2CF3F5FFFFFFFF	invalid_gender_value
096522BA5407D706729D0BFBFFFFFFFF	invalid_price_value
09652E22B533C8274F8B6DCDFFFFFFFF	invalid_price_value
0968F82046066D553D03EEDB47276C3F	missing_fields
096A6FC1CA566E6F1FF8791ACBAC6F5A	invalid_price_value
096B49B5AB1167A50E205F58AA556670	invalid_price_value
096B7254A168742AF4C20CC6FFFFFFFF	invalid_price_value
096C0531D7D63303E1E8D9A4FFFFFFFF	invalid_price_value
09715A5B1FF4C159FC77AABEFFFFFFFF	invalid_price_value
0971F9185D80BA65894B553AFFFFFFFF	invalid_price_value
0972BC881D1F6EA209B4AA611C3B6F54	invalid_price_value
0973E95A59EC65C92D54FF77583E645D	invalid_gender_value
0975A791761D239113A2ED34FFFFFFFF	invalid_price_value
0976147ED3CDE7FD769A5421FFFFFFFF	invalid_price_value
09761E8C8F2866042B9F0B3E8E68675A	invalid_price_value
0976590EECCCDDD8A922F4C7FFFFFFFF	invalid_price_value
097662C33139648F070E742430FE65C2	invalid_price_value
0978EDF58CE7C3CD62FEEDBAFFFFFFFF	invalid_price_value
0979FD830629DF253B5D83C3FFFFFFFF	invalid_price_value
097C543F93E164A600C6427E927565E0	invalid_price_value
097DBE72D63061F80D67A8B6D73960E0	invalid_gender_value
097EB59DC1C56B2F1469A368C0AB6A87	invalid_price_value
098140465C94612E211E56B85DBD60BB	invalid_price_value
098233E9977C6BC20A37252A962B6A13	invalid_price_value
098432DAF881684923F125D8F979693C	invalid_price_value
098441F92CF3773BDB65B8BDFFFFFFFF	invalid_price_value
09885AC2AD25C48F1877226AFFFFFFFF	invalid_price_value
09887B2BCF3F6FDA23D76C22CEC66EE8	invalid_gender_value
09899D9732D86A21343D89D733366BB1	invalid_price_value
0989A15868E36F260E23B4B369796E9E	invalid_price_value
098B1DBFAD446FA510800ABCAC0E6E5A	invalid_gender_value
098B913A1B4A664A0C8E82C01A99672A	invalid_price_value
098CFDB720A8D8E649731AE8FFFFFFFF	invalid_price_value
098DC17B6DCEF111C39807E4FFFFFFFF	invalid_price_value
098F129E98B265550662047499F964C0	invalid_price_value
098F426FA0BA6FD5026F5482A1336EB5	invalid_price_value
098FA88FC96F68B98C900CA3FFFFFFFF	invalid_price_value
0990BFD414086BDD3B0AA92615DD6AE6	invalid_price_value
0991135921FB6C621F2105A1206D6D3E	invalid_price_value
09922C9D35B68F8D74AC1410FFFFFFFF	invalid_price_value
0992DC96B9546B0B2863CF9EB8F96A67	invalid_price_value
0994DABBE3F465B80452CDBBE2E36491	invalid_price_value
0999114C09C16C94327807EB08156DEC	invalid_price_value
099982DBE767647B26789403E61965D1	invalid_price_value
099B1F46B55F29CBF1565D69FFFFFFFF	invalid_price_value
099F22DD33A16CF62F3C35D432636D7C	invalid_price_value
09A0BFF7A037F9FE442EAEA1FFFFFFFF	invalid_price_value
09A128340075B9CD48DC1B64FFFFFFFF	missing_fields
09A32E6C32786A99F222BEAAFFFFFFFF	invalid_price_value
09A36A8F1AB764A823AE7C261B1A658F	invalid_price_value
09A4FE6197086E4A3F17E893965E6FE6	invalid_price_value
09A7936444C63831BC17D241FFFFFFFF	invalid_price_value
09AB8D1B04FF6FB43D519BF705776E88	invalid_price_value
09AB95DFA2956FD6090B8324A3326E28	invalid_price_value
09B0472B2D06697A2CD751562CA5687F	invalid_price_value
09B0FB024C23362F1CC724C5FFFFFFFF	invalid_price_value
09B319732875678B034B0CC82C756930	invalid_price_value
09B362F6699C63E5389E741D68E362A4	invalid_gender_value
09B465BFC4E0A4C7C995BAE5FFFFFFFF	invalid_price_value
09B636AB526A6A412F8E228653296BAA	invalid_price_value
09B9562651ED67F5265543F35066669F	invalid_price_value
09BA4E4B912220D200115085FFFFFFFF	invalid_price_value
09BB9C8B85CB6A98224B8A71846C6B89	invalid_price_value
09BBC2FEB456FDA4F1EC6D41FFFFFFFF	invalid_price_value
09BC4D5B886FB243E83A1AB2FFFFFFFF	invalid_price_value
09BCDB9A5B3A6D8D115BCC975A806C25	missing_fields
09BD6C0EB36865FB31727AE7B2EB64BD	invalid_price_value
09BE5EF3F501663F13C74C57F4616761	invalid_price_value
09C08DA51CE2680F0A989BD21DAA69AD	invalid_price_value
09C182D7EB6C6814361C95DFEA416974	invalid_price_value
09C2116868BCA583B5F2D6E7FFFFFFFF	invalid_price_value
09C3C8BB495BC6C579FB4CB3FFFFFFFF	invalid_price_value
09C491DB25E966A2373587D624186736	invalid_gender_value
09C5623DFB77690F11B274CCFA2B6844	invalid_price_value
09C9C2A4BADB63AD1773D642BBB762B0	invalid_price_value
09CD8D3F3A2469683CAD9BCB3BD0680E	invalid_price_value
09CF2E1D8D6A64EC2ECF3AFA8CD465A0	invalid_price_value
09CFFB479960658F13E7EDC1987D648B	invalid_price_value
09D019E529DD656F3D370F4528B86486	invalid_gender_value
09D02C4376F60B599AF62062FFFFFFFF	invalid_price_value
09D07AB31EF8658D01786F4E1F9864BF	invalid_price_value
09D1E004E6D727BF5A8C31E7FFFFFFFF	invalid_gender_value
09D2628BA25FDD73688D1872FFFFFFFF	invalid_price_value
09D418ECDD6264E504BF0D39DC9A6520	invalid_price_value
09D4DBDD7D8D6040026FCD347C0A61CD	invalid_price_value
09DC2915EF0D6B4F0F063FBAEE0C6ACE	missing_fields
09DC5BD4CD620E08A91F296DFFFFFFFF	invalid_price_value
09DC6E595948683103C47A7C58D169ED	invalid_price_value
09DD2DB9CBFC70A547503584FFFFFFFF	invalid_price_value
09DDFB2E08700BBFEE5732F2FFFFFFFF	invalid_price_value
09DE111046AE63C21E55071647DB6294	invalid_price_value
09E2B657B5336B5B3AF5A512B43B6A09	invalid_price_value
09E49BD4FB20644F3CAB8D35FA1E65AA	invalid_price_value
09E5FFD3CF5661BF193EE98ECE946098	invalid_price_value
09E9A05E2B3F5D6714A471FDFFFFFFFF	invalid_price_value
09EB702A933AE5953C759CABFFFFFFFF	invalid_price_value
09EBBC0CD403AD86A19B9141FFFFFFFF	invalid_gender_value
09EF66DDF91F65FC2976703AF864641B	invalid_price_value
09F01AC2B3A8685711D30C29B297693B	invalid_price_value
09F2A762CB27C9968D6993ADFFFFFFFF	invalid_price_value
09F2BFB3EFA863ED2A66AC4FEE006229	invalid_gender_value
09F4A09BD3501A8F3918117DFFFFFFFF	invalid_price_value
09F5603B290D4A58E88ABDD2FFFFFFFF	invalid_price_value
09F9AB493DC06EAC2043BF053C5F6F5D	invalid_price_value
09F9EEFD17707D64E81BC673FFFFFFFF	missing_fields
09FAB83E3B4F7E65B0E28583FFFFFFFF	invalid_price_value
09FB020AD01C9ADF4907715EFFFFFFFF	invalid_price_value
09FC02F5A5E3E08D3360DD90FFFFFFFF	invalid_price_value
09FD4454BE09653320815758BFA16458	missing_fields
0A009495EC7A2737F7566FE6FFFFFFFF	invalid_price_value
0A034EEA0440631721CE5DE7059362E7	invalid_price_value
0A040BCDBF8F3436D3904BC6FFFFFFFF	invalid_price_value
0A04C292D8969C3CCD0E262EFFFFFFFF	invalid_price_value
0A04D6545228623D34BFC0045349632E	invalid_price_value
0A0632B036A86A7019632442372B6BDF	invalid_price_value
0A07F09446996EF53C18E67A473A6F20	invalid_price_value
0A0A4086184E5C2C9E5763BAFFFFFFFF	invalid_price_value
0A0A6A8ECD856FE52FB97E18CC9D6EAB	invalid_price_value
0A0AD8B2C9D784ABC1E58FD4FFFFFFFF	invalid_gender_value
0A0BC8711522686822EFDE89144D6988	invalid_price_value
0A0C91974AF866540CFD873C4B2E679E	invalid_price_value
0A0D7372B8AC1953FACE9769FFFFFFFF	invalid_price_value
0A1467147B4E617D044D71E27A296061	invalid_price_value
0A149425F6B664BC2FC882C3F70C65E0	invalid_price_value
0A14D68DE7EC61B01B9AC0D6E67A60BD	invalid_price_value
0A159FEA0B3E6D1E0BDF8DDA0A546CEB	invalid_price_value
0A17219EDBCD65E6267C353CDAA7646A	invalid_price_value
0A17F54677B562BF27C9E38C7688636C	invalid_price_value
0A1B23FEE1D4094F89DFAC79FFFFFFFF	invalid_price_value
0A1CCFB3D56A67942ABFD942D426666E	invalid_price_value
0A1D41CC23176D7F2D8256C8228B6CA6	missing_fields
0A1D48324F43650D26EE5C3B4EEB6486	invalid_price_value
0A1F3E2CA2CA1B778698D52FFFFFFFFF	invalid_price_value
0A2043CF31EA540928EB94DBFFFFFFFF	invalid_price_value
0A2197C8B79B62FF215F80CEB6596338	invalid_price_value
0A24CE806AE3669D237FD86F6B9D6748	invalid_price_value
0A258C17084F32C71D88B792FFFFFFFF	invalid_price_value
0A25FD84AC106B6820E8EA82AD356A12	invalid_price_value
0A260A4A78BA64821C6A1CB479CD6509	invalid_price_value
0A26213ED77866221ABA37D0D6CA67E8	invalid_price_value
0A27D6096951027A19049C7DFFFFFFFF	invalid_price_value
0A2917EA5FA78953EFB3B812FFFFFFFF	invalid_price_value
0A29209C3BFFEE2DDA236E8FFFFFFFFF	invalid_price_value
0A292714986F643A2175314F9955657D	bad_type_priceSensitivity
0A2B731DCF2C75A9036A8AD0FFFFFFFF	missing_fields
0A2B81ED1934617E251996E718C06039	bad_type_priceSensitivity
0A2B9E592822EE8C4DE530C4FFFFFFFF	invalid_price_value
0A2CD4E5039DAE3E89F6FDCCFFFFFFFF	invalid_price_value
0A2D2800CC5E6A5434C33CBECDD86B99	invalid_price_value
0A2DBCF9B1F087A0F396F856FFFFFFFF	invalid_price_value
0A2DDFF525C93124CF579429FFFFFFFF	invalid_price_value
0A2F74D223F464DD07D2622422446542	invalid_price_value
0A2F99BD5C1BD1AADDDB609DFFFFFFFF	invalid_price_value
0A314768CD313E7930905C92FFFFFFFF	invalid_price_value
0A316332726458BB4F886D71FFFFFFFF	invalid_gender_value
0A3371B3B8A960E2069C6748B905619C	invalid_price_value
0A3593438A3B625200D4853A8B64633B	invalid_price_value
0A35ADCA04C86765095BBB3B05A76652	invalid_price_value
0A36F9DD10DC0902BD168A33FFFFFFFF	invalid_price_value
0A380D3A8E346A180D491A3E8FE76B2D	invalid_price_value
0A3D1225169461391CFD04AF173960DE	missing_fields
0A3E3229FB4355745EC230F1FFFFFFFF	invalid_price_value
0A3FD6AFBD6E688A3FDEC2ACBC4769C9	invalid_price_value
0A413C31DBEF66D933A7292ADA806758	invalid_price_value
0A41A0EE5E6F62163FA4B6435F9463EE	invalid_price_value
0A445D998F47647432874B008EBD65EC	invalid_price_value
0A45181F7BEB6A861BE70E857A3F6B93	invalid_gender_value
0A468777CFAB244D783DA07AFFFFFFFF	invalid_price_value
0A476BE957206C4836E4781456AA6D03	invalid_price_value
0A47F179C4DDD1ECF238E979FFFFFFFF	invalid_price_value
0A48580007BA0C177A7A6F2FFFFFFFFF	invalid_price_value
0A488081007E6F7F3F39978501296EA6	invalid_price_value
0A49C7BE360A6A26379CD14437896B69	invalid_price_value
0A4A71416E39E51A29A93B70FFFFFFFF	invalid_price_value
0A4DA707CF10C8BF29741B6DFFFFFFFF	invalid_price_value
0A4DF37DE1FD6C5C39B7E47FE0666D0C	invalid_price_value
0A4E6A35F54D6D5FDCFF08D4FFFFFFFF	invalid_gender_value
0A4EFB0C31EC631F319FEA7C305B625B	invalid_price_value
0A4F9C3A9D4F63993242896E9C186287	invalid_price_value
0A506CBD63B26F381F8F7A5062DD6E9F	invalid_price_value
0A5264693F2FE6861A468F1BFFFFFFFF	invalid_price_value
0A52775B83C76C490BF661AA824B6D2E	invalid_price_value
0A5284F8D79304C26F749A2EFFFFFFFF	invalid_price_value
0A52AFE62AF16BEE05EDB9162BA76A7F	invalid_price_value
0A53416B912963303808544390AF6298	invalid_price_value
0A557BFAC15D6FB328856D01C01E6EEF	invalid_price_value
0A563E3E31296F7F0CA7289C30A76E1C	invalid_price_value
0A590A0D283FDA9388429ACFFFFFFFFF	invalid_price_value
0A5AA214AD1BF4C1986DAE34FFFFFFFF	invalid_price_value
0A5C29B169E4E8B452B63570FFFFFFFF	invalid_price_value
0A5C7BFE7742632918AD6D48760B6217	invalid_price_value
0A5D460F366A64153FA2510737EC65A5	invalid_price_value
0A5D847216BA63C13AD0937B17D5625E	invalid_price_value
0A5EAC2F05A8B6327CC344F2FFFFFFFF	invalid_price_value
0A5F812D84DF68003776943685656934	invalid_price_value
0A60450145462A3AB4773D36FFFFFFFF	invalid_price_value
0A61227E9EE86848673CB40FFFFFFFFF	invalid_price_value
0A612C76BA2A6FA3169D385ABE2A69C6	invalid_price_value
0A622C1933EF6FB525243AE232AC6E77	invalid_gender_value
0A62489B299C6FA222D15E6C285E6E73	missing_fields
0A648447B6783849A2F25F92FFFFFFFF	invalid_price_value
0A649DE01E9C676113CE8B0E1F3466BF	invalid_gender_value
0A677082AB269C8DD81BAE44FFFFFFFF	invalid_price_value
0A68A1D8386F63B91A6DB25439AD629F	invalid_price_value
0A69C9C2C53B7FD7092938EAFFFFFFFF	invalid_price_value
0A6A6DD3FE0621E41990122DFFFFFFFF	invalid_price_value
0A6B07CB59CA66F42D90113158AC67AA	invalid_price_value
0A6B179B5E916C7B200F00985FC06D83	invalid_price_value
0A6D040CEA3B6D3E3AA812F0EB726C97	invalid_price_value
0A6D32ED39B967D522ED25ED383266C5	invalid_price_value
0A6DFCE0B8D665173D88EA16B900644A	invalid_price_value
0A7267D933E0B6F874CDCE0CFFFFFFFF	invalid_price_value
0A72EBC4DC856FA40B30F8C3DD976EB4	invalid_price_value
0A74F3A567766166222EE55F66B16073	invalid_price_value
0A74FC59D1A367E539ACE991D00466C1	invalid_price_value
0A75196377FB6970303A0D2A769B68FE	invalid_price_value
0A7631385257A4DFC3F7247AFFFFFFFF	invalid_price_value
0A76817AD5E2693023F2974AD47B6869	invalid_price_value
0A77BE3DC98164120091A93AC8C2659D	invalid_price_value
0A793B65F6CD6A1B163E288BF71B6BBC	invalid_price_value
0A793D724766DEE5BA251CD5FFFFFFFF	invalid_price_value
0A7A6F6584AD89BAF4746A00FFFFFFFF	invalid_price_value
0A7BF80C1BC36A9E0727EEEA1A6E6B1D	invalid_price_value
0A7C06C66162E9205B5B848CFFFFFFFF	invalid_price_value
0A7DC5C568DF6C2F33E5D32B69CA6DF0	invalid_price_value
0A7F7129521B6854283D67D15363696C	invalid_price_value
0A7FC2714E9D693D06E1D48E4FB4680A	missing_fields
0A7FFEFB79B6611A03C9E8FD78EE607B	invalid_price_value
0A8102D5C2DB671A3C6714A5C34C66A1	invalid_price_value
0A82171F95E068F336CC0121944B69EE	invalid_price_value
0A8299F124D9B93472066B91FFFFFFFF	invalid_price_value
0A832D692B7769F932383A6A2AE6683E	invalid_price_value
0A8353DBA57E6DC7178E4525A4006C17	invalid_price_value
0A83EF12BC8F3AB86A995E6DFFFFFFFF	invalid_price_value
0A887D3422C96A4612066B18236E6B29	invalid_gender_value
0A8974FE50F0EC274C7349B7FFFFFFFF	invalid_price_value
0A8A072DEE1063B20687085EEFA7629D	invalid_price_value
0A8C20E8A8E968BE3EEC37E8A99869CD	invalid_price_value
0A8DDF4E72BC61FE2EAAC9FA73A4607E	invalid_price_value
0A8EE2F88F1F6977296BF5F98E5C6812	invalid_price_value
0A8F719369826BAD1C2767F268896A4F	invalid_price_value
0A91D1ECFD3663A82758C4B7FCB86224	invalid_price_value
0A91FFD25AFC6FC32B8CE93A5BAB6E4A	invalid_price_value
0A9281B480D5689C2AFF96B781A669DA	invalid_price_value
0A92EFA0F934685239FDF942F8966902	invalid_price_value
0A9439B87A9569FA21402EBD7B8068C9	invalid_gender_value
0A9466F63ED9468286336056FFFFFFFF	invalid_price_value
0A94729A389B6A9B101C612E390B6BE6	invalid_price_value
0A96E8F9CEDD88681172CE13FFFFFFFF	invalid_price_value
0A98066049DB61343036109D48A56008	invalid_price_value
0A9B87E6F7E7637307D98877F6576214	invalid_price_value
0A9BEB23A7B0087429CFFA44FFFFFFFF	invalid_price_value
0A9CD2966CD860F41BC4C59D68D86EB7	invalid_price_value
0A9D07F8F829A928F7BB1F29FFFFFFFF	invalid_price_value
0A9E3258F062328B5AD7355CFFFFFFFF	invalid_price_value
0A9ED0914F4B69D91BB1C6624E246846	invalid_price_value
0A9F21C44EB91FA7A2F635BCFFFFFFFF	invalid_gender_value
0A9F8C37173B2537A19C18C7FFFFFFFF	invalid_price_value
0AA28D85127464C31CE09B7E13B6655B	invalid_price_value
0AA4B85F9194649C1F74ADCF90EA6568	invalid_price_value
0AA60E9E8B22667E04A518618A5467F5	invalid_price_value
0AA6E4EFF293A2B74C99FD28FFFFFFFF	invalid_gender_value
0AA71E4665816A5437290B6564AA6BBD	missing_fields
0AA7686D504B27CCE5D58D95FFFFFFFF	invalid_price_value
0AA8360F7C23667119CC23557D0867F1	invalid_price_value
0AA8700295BB6D3E151865AC94D96C2B	invalid_price_value
0AA9047EDAAF69FA23FD1239DB4B681B	invalid_price_value
0AA9CB4AD69A8BEA033D4E54FFFFFFFF	invalid_price_value
0AA9E046AE8362A6047EF695AFF463FF	invalid_price_value
0AAADC5C139E321350B51741FFFFFFFF	invalid_price_value
0AAC479893B36E480FE75172921E6FD8	invalid_price_value
0AAC7F2CF95B642D15C7693DF8DD6552	invalid_price_value
0AACA4369F4D68741015B2C19E566921	invalid_price_value
0AAD27D2ECD860F528C93433E8D866B8	invalid_price_value
0AAE94D439E862E90295826A3805637B	missing_fields
0AB2CB40A5F26B3100FDDDAEA4836AFB	invalid_price_value
0AB2D4C1BB7A615C28A7C233BA1460AE	missing_fields
0AB31B68A8CE67701BB70DA2A979664B	missing_fields
0AB565BDAE8B68F8078F70A1AF706917	invalid_price_value
0AB7C86C2BCD65983D31DE872A0A64E9	invalid_price_value
0AB7FD5D90A2453872E57CA9FFFFFFFF	invalid_price_value
0AB8940BCDBC6C90185482E2CC656D2E	invalid_price_value
0AB90DB5AE7A60AE31281B52AFFD61A3	invalid_price_value
0AB92A3FB09966E332E0385AB1F367D1	invalid_price_value
0AB9808C278B6225324995F826F06313	invalid_price_value
0AB981835324A160681ABB0CFFFFFFFF	invalid_price_value
0ABA8A44BCF465D9110D9C21BDA964F5	invalid_price_value
0ABBF20BB6A066973122E48FB70267B0	invalid_price_value
0ABCED1BF589404DE405CA7FFFFFFFFF	invalid_price_value
0ABE74ACC3609E0F4421C19AFFFFFFFF	invalid_price_value
0ABE7583D9E56FE904696067D8246E9E	invalid_price_value
0ABF99AC7639AFB89BC2290EFFFFFFFF	invalid_price_value
0AC1537074D2699B1118478575E8688A	invalid_price_value
0AC22108516AA1BDF4F6B45FFFFFFFFF	invalid_price_value
0AC2C57E5F0761DD168CD38B5EF560C1	invalid_price_value
0AC319D4455469261DAA0EDC44776880	missing_fields
0AC3E112E74669DE08CDF61BE6026874	invalid_price_value
0AC43F137F29EFA7BAE991B2FFFFFFFF	invalid_gender_value
0AC61502DCFFA3F357DF5B54FFFFFFFF	invalid_price_value
0AC618A8FE2585BDCBD6BFC9FFFFFFFF	invalid_price_value
0AC65B45D27D6FFC19034FF8D3586E06	invalid_price_value
0AC97944D1AE6B7428D56C13D0CF6A8F	invalid_price_value
0AC9FAA2664A91D3E3FF9F50FFFFFFFF	invalid_price_value
0ACAC40A6C91FED9E27CBBA0FFFFFFFF	invalid_price_value
0ACB7024E26C73BBCE3484DAFFFFFFFF	invalid_price_value
0AD0E6C835F86265380CECC531F861CD	invalid_price_value
0AD3DCC1AF5B6E283DCECEA2AED56F5B	invalid_price_value
0AD546F816B25409026F283EFFFFFFFF	invalid_gender_value
0AD657C82DAA6635F99147BAFFFFFFFF	invalid_price_value
0AD66B9C84296FB52B7F7DA5853E6E5F	invalid_price_value
0AD68796EED9FBFFA07FEA86FFFFFFFF	invalid_price_value
0AD81AAACBA1BBD245BEB8EBFFFFFFFF	invalid_gender_value
0AD8B33EF568489709CA7C81FFFFFFFF	invalid_price_value
0AD96D96C74D13AFAF5C6291FFFFFFFF	invalid_price_value
0AD9CF09586C6CF610A7DFD459706D72	invalid_price_value
0ADADE6832ECEDFBAE961619FFFFFFFF	invalid_gender_value
0ADB264F7BD88F8B8BC3E796FFFFFFFF	invalid_price_value
0ADEEC9E09676D783CA5FE810D6769C9	invalid_price_value
0ADF9C87FC89CA4CA2E1648DFFFFFFFF	invalid_price_value
0ADFE42D420668ED219DF328438A6943	invalid_price_value
0AE00E1AC272619109D418EAC31A604E	invalid_gender_value
0AE03E6BA1BB6E473A592967A0E86F42	invalid_price_value
0AE1E37CD2B6675E02BCF5B7D393665A	invalid_price_value
0AE30A5EDADE9F847C033C53FFFFFFFF	invalid_price_value
0AE42C536FA2C95169BB5029FFFFFFFF	invalid_price_value
0AE58F5729F465E116979852281E642F	missing_fields
0AE68D46B2F9D0701BAE5695FFFFFFFF	invalid_price_value
0AE778A20E7E681A33D46E560F5369A4	invalid_price_value
0AE786DCCFBD64103E87905DCEEE65C3	invalid_price_value
0AEABF9C057B680D2529A9E904B76982	invalid_price_value
0AEB5EDE5FD66251263F48215EFB630C	invalid_price_value
0AEBD89A734E40D9BB688E22FFFFFFFF	invalid_price_value
0AECC9A91D61614502B2DA881C1E60E2	invalid_price_value
0AECFFEBDF196F1A37EAEE6DDEB16EFF	invalid_price_value
0AED173FF66F64022AE60253F78165B6	invalid_price_value
0AED3B8639BD6F0C0F3D2F48380A6E95	invalid_price_value
0AEEFF9678686C4B2AE3E89C79026D95	invalid_price_value
0AF02032A59661F6AAA497C2FFFFFFFF	invalid_price_value
0AF3E64432506E052293F0B2332A6F29	invalid_gender_value
0AF40D47D141F5C50198B29CFFFFFFFF	invalid_price_value
0AF4F7778C086A022A61E18E8D566B92	invalid_price_value
0AF5FFD766D94D065162E25BFFFFFFFF	invalid_price_value
0AF99B74A411CCDEF7B79F7CFFFFFFFF	invalid_price_value
0AFB778AF1A4DDF58F34FB9DFFFFFFFF	invalid_price_value
0AFCC1C5C96A62B93304D505C85063A2	invalid_price_value
0AFCE48DC4036A65046FF277C5566B70	invalid_price_value
0AFE8406F860DEBE8B020E1CFFFFFFFF	invalid_price_value
0AFF37385B0F655B327E21CF5AE16403	invalid_gender_value
0AFF53C7249A6CD53EF3453825116DD1	invalid_price_value
0AFFB7C556846EB91599A0C057026F16	invalid_price_value
0B01F5F7120D664D3126E30F13E36764	invalid_price_value
0B0254B974584B9B527B0294FFFFFFFF	invalid_price_value
0B07DD91FD9E65472960CB7EFCB364C3	invalid_price_value
0B09B08719B7BB9A21F947FBFFFFFFFF	invalid_price_value
0B0B8C35DA9AF6612C51659AFFFFFFFF	invalid_price_value
0B0C3B361E01C8EDDB979D7DFFFFFFFF	invalid_price_value
0B0FC7AD437B645319E2D2A642BC65B8	invalid_gender_value
0B104588AAEC6D4A1C6C504EABC16C98	invalid_price_value
0B133F6CF75564330C6A52B5FFFFFFFF	invalid_price_value
0B147777B4314A022235F834FFFFFFFF	invalid_price_value
0B165313B4C30C091B53120DFFFFFFFF	invalid_price_value
0B171405D4ED62CA272402E8D50D63A6	invalid_price_value
0B18117ABB002DDD1395043BFFFFFFFF	invalid_price_value
0B1824802A426AD91856326F2BBA6B0F	invalid_price_value
0B1A106AE443DCB2583BEC63FFFFFFFF	invalid_price_value
0B1A73A79271737F9C03C921FFFFFFFF	invalid_price_value
0B1AD8E3BF234FCEA7A6FCEBFFFFFFFF	invalid_price_value
0B1D36940CD06C4B31A3201B0D806D3F	missing_fields
0B1E0637765F6E8313E8109877AF6F72	invalid_gender_value
0B1F7DBA96E7697705786B2D97AF685D	invalid_price_value
0B221DC3DE4ADD460397110BFFFFFFFF	invalid_gender_value
0B222883B8D063682C163E69B9206210	invalid_price_value
0B2362A1D5579BCFC81C3138FFFFFFFF	invalid_gender_value
0B239F17D2096D0123BB898CD3EA6C82	invalid_price_value
0B2454C946C26304089A42D547256293	invalid_price_value
0B2505EF9427BE599C3516EAFFFFFFFF	invalid_price_value
0B2831A08A37F2D7A8511B09FFFFFFFF	invalid_price_value
0B28BD50A4CF6FA3145DABAAA56F6EA8	invalid_price_value
0B29F8AC36DD6436998BB473FFFFFFFF	invalid_price_value
0B2BB229B56A47F34ED06069FFFFFFFF	invalid_price_value
0B2C1C51D95463F71C780AB9D87D6248	invalid_price_value
0B2CF1B1784A62DE22C5E2017969630B	invalid_price_value
0B2E8392226162D139BF9563236E630E	invalid_price_value
0B2F43CB5F05BB84CDE37C9AFFFFFFFF	invalid_price_value
0B30FE9E2EF56AA00F35E86A2FD86BE6	invalid_price_value
0B323744FD6663E91A2021B9FC966266	missing_fields
0B326442FB6B635F337572ADFAFB627E	invalid_gender_value
0B330EE1CE9CE1DA33EDFA9BFFFFFFFF	invalid_price_value
0B348072AB9764F0149796B7AAB46579	invalid_price_value
0B354F8C969A6D0F09FB5886976A6CA5	invalid_price_value
0B356C1A2B362F7D93EB0680FFFFFFFF	invalid_price_value
0B35F92E8C886103202EEF468D61608D	invalid_price_value
0B365A105A2D684F08F64CED5BEF69CC	invalid_price_value
0B3685568A94453441AD593DFFFFFFFF	invalid_price_value
0B37B8A890EC040ED301B7BCFFFFFFFF	invalid_price_value
0B3977F2001D6BB32BA979F6013F6A7D	invalid_price_value
0B39F3F7B7266B5F0F87E4F4B6A06A66	invalid_price_value
0B3A2779259B0EADA5EFCEA9FFFFFFFF	invalid_price_value
0B3C7F336DB966E21B2869F06C4167BC	invalid_price_value
0B3E6E01891E02232345FD6AFFFFFFFF	invalid_price_value
0B3EAF738CFB9F9CF265CACDFFFFFFFF	invalid_price_value
0B3EE069D2666CE51B23F6FDD3B36D2C	invalid_price_value
0B3F847345968E9860E77DDCFFFFFFFF	invalid_price_value
0B42BA9466572BA48624E1C6FFFFFFFF	invalid_price_value
0B4559B5728ADFC64D213B91FFFFFFFF	invalid_gender_value
0B465A7D889E69DA13BE4E2A89F268A0	invalid_price_value
0B4816BB4FEC6C2420B100474E886DAF	invalid_price_value
0B482A675CC6A12CCD8AAC0BFFFFFFFF	invalid_price_value
0B49F7CB5C6276C66DA90973FFFFFFFF	invalid_price_value
0B4E561E2D1A06C370B70309FFFFFFFF	invalid_gender_value
0B51F0DE1D52689F0D06E60B1C2C69F7	invalid_price_value
0B5276FFAB7A643A2346600FAA34651D	invalid_price_value
0B536CF63E246F9132807A6C3F6F6EBA	invalid_price_value
0B54B59DA327D2BEA21CA70DFFFFFFFF	invalid_gender_value
0B552C0AE6E2C1663866B1A2FFFFFFFF	invalid_price_value
0B5A1EFDE463607778277100FFFFFFFF	invalid_price_value
0B5A5D5D38826882141E4B69395469CA	invalid_price_value
0B5B2B05545B65710D833C0F55676429	missing_fields
0B5B2CEA2134C136223EB639FFFFFFFF	invalid_price_value
0B5EDAF9B2FF684BF1E78AC5FFFFFFFF	invalid_price_value
0B601350F3D460093EF105A4F2B46139	invalid_price_value
0B601890B299C77EF49EC293FFFFFFFF	invalid_price_value
0B604186AAF860B229CE57D6AB0661AE	invalid_price_value
0B60AA660097876E1D2F601EFFFFFFFF	invalid_price_value
0B6236BB8B30C4711E5A6E8AFFFFFFFF	invalid_price_value
0B65462197DE656105B750DD9696642F	missing_fields
0B66E0C84ECB69C13366F4994FF168F4	invalid_price_value
0B676476D104415699FDF34DFFFFFFFF	invalid_price_value
0B686B7631CD6EBB0D317C7B30466F30	invalid_price_value
0B686FEA42156AD00E6678E0437A6BD2	invalid_price_value
0B6AA54C3A96648C6F573282FFFFFFFF	invalid_price_value
0B6B454150F560FA039353D751416107	invalid_price_value
0B6D191B3C12A282BDC9DC88FFFFFFFF	invalid_price_value
0B6F2C6337D16DD63D0A3A8E36ED6CE6	invalid_price_value
0B6FDA2DC09B6593236BCF7EC17564CB	invalid_price_value
0B70D5BEC1E837FC229367EBFFFFFFFF	invalid_price_value
0B744DA17203681817FF5B50734E6947	missing_fields
0B7458D5847863E12A824FD285FA6244	invalid_price_value
0B7520E4D4170DB1B4A66D3DFFFFFFFF	invalid_price_value
0B754C015F23622F1D085A495EA86371	invalid_price_value
0B7598C00E33211E3F5CAEFEFFFFFFFF	invalid_price_value
0B7791D6C9B8440BB2B9EC62FFFFFFFF	invalid_price_value
0B786658CAF16F8D29E37507CBDD6ED8	invalid_price_value
0B79B784A7326B743BF8A171A6BC6AB7	invalid_price_value
0B79DB3ECF2162970071CE75CEF76346	invalid_gender_value
0B7AB8B0A2886370064FAE57A3CB621E	invalid_price_value
0B7B004D14E06E5318BC174F15966FA0	invalid_price_value
0B7BE0CE20E068023F6BF7C6216E6993	invalid_price_value
0B7C1E9563616C3027A4081E62996D09	invalid_price_value
0B7CE3BCD4B1BB9AC19AFC4AFFFFFFFF	invalid_price_value
0B7D6718AD576E661324701EAC306FB0	invalid_price_value
0B7F0D69307868A30BC91FE231D36910	invalid_price_value
0B808B4AC872276A2B689957FFFFFFFF	invalid_price_value
0B80B1CCB02E674126A5A736B1BC66C5	invalid_price_value
0B825148AEA9646A37B347A1AFF4657C	invalid_price_value
0B825F1EC029644133214C33C1EB6536	invalid_price_value
0B828D07DEC36785074D9BBEDFEB6607	invalid_price_value
0B83A5E90C83062C848BD89EFFFFFFFF	invalid_price_value
0B8630B0EB3E628F11BA265FEAB563FC	missing_fields
0B897B8B78C913EB33345E5AFFFFFFFF	invalid_price_value
0B8A1E2429B1F3D87994821DFFFFFFFF	invalid_price_value
0B8A64337156674D158272DD707E66B6	invalid_price_value
0B8C4A67E7BC66D707D65CF7E6D36772	invalid_price_value
0B8C74D50A0B199780626A0BFFFFFFFF	invalid_price_value
0B8ECD57BA57682933FEDA53BBB9693B	invalid_price_value
0B9037E29E396C950D18211A9FC96D8F	invalid_price_value
0B914D7D5C2B9850C5AA1043FFFFFFFF	invalid_price_value
0B9168FFCD5F0A44D496DE50FFFFFFFF	invalid_price_value
0B91C9DA257469C40E88DC8D2489684A	invalid_price_value
0B925658957E632829CE41559457629E	invalid_price_value
0B929D26B0A765FF25488BD4B1D96454	invalid_price_value
0B932F5A38386FEB3CDB39B439F56EA8	invalid_price_value
0B9523952581650B33C1356D244364C7	invalid_price_value
0B95DFD9A65D672130D9CC9FA77D66C4	invalid_price_value
0B95F23E526469E006B5E53B536568FB	invalid_gender_value
0B9690C7A3F2699135F58621A264682D	invalid_price_value
0B97BAB757B465352559ACC756346489	invalid_price_value
0B9A3BC4C868A109899F4CA3FFFFFFFF	invalid_price_value
0B9B9A0059166BA52CEA8D01587C6A7E	invalid_price_value
0B9E64B6EB5E61192561726BEA31600E	invalid_price_value
0B9EA6EF8C1D67F82CC8B7CA8DE06600	invalid_price_value
0B9F4C9141AC9F8D031444A2FFFFFFFF	invalid_price_value
0BA161CE154022F6EB87CBDBFFFFFFFF	invalid_price_value
0BA3EAEC0BDA6054293DFF310A0261FD	invalid_price_value
0BA4046F961A63AC359E129B97CC6297	invalid_price_value
0BA5F0CC951A03DC551E2148FFFFFFFF	invalid_price_value
0BA6FE406B83672F08ECEDBD6AE1661B	invalid_price_value
0BA802D0784963FA01DC17E479CF6208	invalid_price_value
0BA8F5418F126CBE0856E3BF8EA86D3B	invalid_price_value
0BABC65977A26D893BB5D30E76746CFF	invalid_price_value
0BAC61F5A75369A9345D74E7A65B68D3	invalid_price_value
0BAC6335080A66CF2207710809266728	invalid_gender_value
0BAF0FCB5B56B4E09F11216AFFFFFFFF	invalid_price_value
0BAF6299B36F60B6B3BCC646FFFFFFFF	invalid_price_value
0BB054D20BB869803BA9417F0A2A68AC	invalid_price_value
0BB12D9F2DA76A1938833B7C2CA06B5F	invalid_price_value
0BB41700B3E4684E06B4010DB2C4693B	invalid_price_value
0BB45D2A34F0670020D348F435D96681	invalid_price_value
0BB67CA8DBEE63E905866A58DA68622F	invalid_price_value
0BB86A6B970C1137084B9027FFFFFFFF	missing_fields
0BB8942BF18947B46FC54889FFFFFFFF	invalid_price_value
0BB9CA8B519A6B8C3743DC4A509E6A82	invalid_price_value
0BBA7CF00E4361542BE96AB60FC760D8	invalid_price_value
0BBAB72AE1AD58196E8EB132FFFFFFFF	invalid_price_value
0BBB93536DB663CB0FF185F96CDC62BC	invalid_price_value
0BBBD2BE7BB56B4E3977C3567A276A84	invalid_price_value
0BBD3C50441C9D631C46F684FFFFFFFF	invalid_price_value
0BBDE34346D068B81CBFF44247566965	invalid_price_value
0BBE3C4E9ED12CDFBA173D53FFFFFFFF	invalid_gender_value
0BBEB54E308965BD0375A3A231D56467	invalid_price_value
0BBF7C90BE97668A35686A77BFD467F8	invalid_price_value
0BC0B694F3E36F1C0B55A06CF25C6EC6	invalid_price_value
0BC0CB2040B96DBF0470DE2B41D26C98	invalid_price_value
0BC2258B1D5B644519A736501CDF65CC	invalid_price_value
0BC43E2AADC260AB160628DAAC4461B5	missing_fields
0BC60AFBC1B168EA1FFE1DFDC0186944	invalid_price_value
0BC72D3F67D94F11B8AD7F2DFFFFFFFF	invalid_price_value
0BC82C567FB86ADD1DE739FB7E216BA8	invalid_price_value
0BCAAA3E4FD56C073940BCCF4EB26D87	invalid_price_value
0BCB5DCB034D66D624AF4B330233677D	missing_fields
0BCCE4DC6EA7FA2412459424FFFFFFFF	invalid_price_value
0BCE0DE72EF762A928411B112F886395	invalid_price_value
0BD0648994C2631F636D64C2FFFFFFFF	invalid_price_value
0BD0BDFB165867B932A7AB0A173066FB	invalid_price_value
0BD0F793C6AC812FB37CB4C7FFFFFFFF	invalid_price_value
0BD25466582A6DCF1CD1426959696C16	invalid_price_value
0BD345CB11A7E3CF8A0F9FE0FFFFFFFF	invalid_price_value
0BD451670B9464BE2B93479B0AED65F2	invalid_price_value
0BD4DB2B269A6ED70D20CFAE27FD6F31	invalid_price_value
0BD5E6D1322BEF0F8AEDD37AFFFFFFFF	invalid_price_value
0BD69B662E54CEB2BD135A7AFFFFFFFF	invalid_price_value
0BD7F78BD08EA3C6BFFFDBDBFFFFFFFF	invalid_price_value
0BD8D3E909A467D9164CC515080E6622	invalid_price_value
0BD98D275A4E6A3F1CB69B7A5B116B7C	invalid_price_value
0BD991BF38EC95FCDC56ECEBFFFFFFFF	invalid_price_value
0BD9B7D20D446FF72D95A13A0C0B6E12	invalid_price_value
0BDBB96A77656485276AAFD276EE6583	missing_fields
0BDD339070A3407B0ED14BE6FFFFFFFF	invalid_price_value
0BDF0449BE456B48032C121ABF256AFB	invalid_price_value
0BDFACAAA45B65F12B06BA8FA5BF645E	invalid_price_value
0BE07F36EE346A6A35DFAD10FFFFFFFF	invalid_price_value
0BE09E6FBB542F455C95EAEBFFFFFFFF	invalid_price_value
0BE1A21D89FA6E99158EB4E888446F14	invalid_price_value
0BE40B977AD28D03EFD7F5B3FFFFFFFF	invalid_price_value
0BE660CFF6B264A91AC477CAF2B26683	invalid_price_value
0BE7A3D80CAA54806B8B01A2FFFFFFFF	invalid_price_value
0BE824E64087BC19984DA279FFFFFFFF	invalid_price_value
0BE9B6D101E26F2C3D75A0EC00FD6E13	invalid_price_value
0BEA856BF08F8FF8D23874E0FFFFFFFF	invalid_price_value
0BEC4A695EA114733352BD01FFFFFFFF	invalid_price_value
0BED2B07EC71854A98A01C11FFFFFFFF	invalid_price_value
0BEF27BA2900184D592FA52DFFFFFFFF	invalid_price_value
0BF0408C479E87266A773143FFFFFFFF	invalid_price_value
0BF2DC0864D069F417AECB03656E6838	invalid_gender_value
0BF35EED5C1B6F803236480A5D3E6E51	invalid_price_value
0BF57FCE59D9D53834BE529DFFFFFFFF	invalid_price_value
0BF67F67821F60C83E1E6AB183C6615B	invalid_price_value
0BFD6835463F6D0F2FCE7ECB472C6C29	invalid_price_value
0BFF555A20E7F067B6D1ED75FFFFFFFF	invalid_price_value
0C001887ED6DC56E264DB9C1FFFFFFFF	invalid_price_value
0C00A8B062BF14E8202D04A2FFFFFFFF	invalid_price_value
0C0421578D7ABFAB691EC8CAFFFFFFFF	invalid_price_value
0C04E9F430976DDE33FCFFD031E66C3D	invalid_gender_value
0C056052304324C39E955DD0FFFFFFFF	invalid_price_value
0C059979ABBA61ED1FC98F8BAA9F6009	invalid_price_value
0C06DEFA7339698324E2C9F9728D68DD	invalid_price_value
0C07CC90E1BF2A047E8CF5FAFFFFFFFF	invalid_price_value
0C09D8C8EFA9688101EACE3BEEDE6929	invalid_price_value
0C0C3F8AA9F569022FB22A7FA88B6857	invalid_price_value
0C0D2DF11AB24CA5BBBBFADBFFFFFFFF	invalid_gender_value
0C0DE4DD9FEB9BF37914DF44FFFFFFFF	invalid_price_value
0C13846F2EB16D261FB891BA2FC36C86	invalid_price_value
0C1391848AA26384219D876B8B04622B	invalid_price_value
0C14BA8F16D06B6C119AAC7F17BF6A24	invalid_price_value
0C14CD1FCB466BA33D0FD87BCA326AC5	invalid_price_value
0C15E1F04338479258DE0335FFFFFFFF	invalid_price_value
0C1672602747E69DDC787419FFFFFFFF	invalid_price_value
0C169BAED93062AE25798DF5D8C063D1	invalid_price_value
0C17A6147EBA620A3E18B22E7F2963AF	invalid_price_value
0C1E21D90D7068070F95357A0CFE69E2	invalid_price_value
0C20236A600D65781550379561946442	invalid_gender_value
0C20DF2EC6BA63F118B4C9C3C72D62A0	invalid_price_value
0C21B70BDF7662761134A1F4DE3663D3	invalid_price_value
0C23822FDD3A6269191794A2DC5F637C	invalid_price_value
0C23DECBB49121940E051F46FFFFFFFF	invalid_price_value
0C24BC5A1ABF6C772AF2AAA51BC56DF8	invalid_price_value
0C25775EDA2167E00B5561AADBA766B1	invalid_gender_value
0C2984570A0762110CF592F60B8463BD	invalid_price_value
0C29ECDE1B1E6FBA2572F9681AA06ECA	invalid_price_value
0C2CED0D074A6388D8863683FFFFFFFF	invalid_price_value
0C2D1CA218206A45D8F53D31FFFFFFFF	invalid_price_value
0C2E4DBA8845AFE3C838C8E6FFFFFFFF	invalid_price_value
0C2FE2EC33D220618DB3EB26FFFFFFFF	invalid_gender_value
0C32DCFF58D95A69BE2B40B8FFFFFFFF	invalid_price_value
0C32FE69269D6C9D24C0E91EFFFFFFFF	invalid_gender_value
0C332AA4228663533B273C5F235062CC	invalid_gender_value
0C3352AF772E6E6513C6445576B96F10	invalid_price_value
0C34A92492B6672B2293BFDB934966F9	invalid_gender_value
0C35465CEACE67EF30C750ADEB2F66E6	invalid_price_value
0C379CC3119728A2F14B12F4FFFFFFFF	invalid_price_value
0C38FFD44655EB179F5BD533FFFFFFFF	invalid_price_value
0C394BEDFB106E6934145D15FA6E6F3B	missing_fields
0C39DD4716C933831C0483A4FFFFFFFF	invalid_price_value
0C3A819CDB1346F420812792FFFFFFFF	invalid_price_value
0C3C489DEBFDBF190B2AABEAFFFFFFFF	invalid_price_value
0C3CAD95D0BD6474266FBB65D1EA65BF	missing_fields
0C3CF71A6C9669F83C782383FFFFFFFF	invalid_price_value
0C3DCA2A1EAF64363221DCD91FF86556	invalid_price_value
0C3E8F9DB1B34887490E70ABFFFFFFFF	invalid_price_value
0C4147462A85657C258951B82BBF64D7	invalid_price_value
0C43EE53477E09F58D8EE235FFFFFFFF	invalid_price_value
0C44BC7209C36F8F2508AA9A0DC36D4E	invalid_price_value
0C4561F5E082681B02357700E1AB695B	invalid_price_value
0C48F342AE6B664F251CE5B1AFCC67C9	invalid_price_value
0C49C1280F626C6A21C3D7C20E876D49	invalid_price_value
0C4A99C7A0A568F835728F2FA102698B	invalid_price_value
0C4AA0679C8E6ACF295CB6979D9C6BDA	invalid_price_value
0C4C966B5CAE628C100280975D3463E5	missing_fields
0C4DE9C1E0FC614A0395FB5CE1546080	invalid_price_value
0C4EBEFBF08F3683FB689A5FFFFFFFFF	invalid_price_value
0C4F2E1FE97A2D920745CEF1FFFFFFFF	invalid_price_value
0C50961539466F010D7F80D938496E18	invalid_price_value
0C52E2918B8C680F086AF44F8AA369CF	invalid_price_value
0C54D729D0EE66B20718C1C5D116673B	invalid_price_value
0C560A4C6F0C653A34EC1C176E0D6402	invalid_price_value
0C565C35199666B1043F4ACC18F9671B	invalid_price_value
0C56C110A8426C612272D479A9C86D27	invalid_price_value
0C5769B15AF369E72FD07FEC5B756858	invalid_price_value
0C5803FD65B3636E0E5714F464196244	invalid_price_value
0C586B302CE5694606537DDD2D9B6811	invalid_price_value
0C59CF13CBBBE8A88A645E7CFFFFFFFF	invalid_price_value
0C5BBF1081C9A67CA0A0041EFFFFFFFF	invalid_price_value
0C5C2190C5CFD9DA5F651ECDFFFFFFFF	invalid_price_value
0C5C457FB759640D7D1790A7FFFFFFFF	invalid_price_value
0C5F0375FBCC6AE32E06159DFA776BCE	invalid_price_value
0C60C3F95BAB211840CE711DFFFFFFFF	invalid_price_value
0C6489DE4E3C6B66006D9F334F756AF3	invalid_price_value
0C652F5DC5A96F1923A539A1C4EA6E20	invalid_price_value
0C67ACF9B72BA5898D836A6DFFFFFFFF	invalid_price_value
0C683D9C01CA698E25412B7300E7681B	invalid_price_value
0C68763F610E1B8E6B66F25AFFFFFFFF	invalid_price_value
0C6A899903E361D029569E9002A360A2	invalid_price_value
0C6B28DB6B6E629E02363C236AE863CC	invalid_price_value
0C6C1BF21D653313E2FC4471FFFFFFFF	invalid_gender_value
0C6C8321AD9A67971D9895DCAC3D66B5	invalid_price_value
0C6D66A763F7E0B36FECDC9AFFFFFFFF	invalid_gender_value
0C6D82D4CE526D7C1B89942DCF2C6C1E	missing_fields
0C6F12ADAD6F01FB3B85C58AFFFFFFFF	missing_fields
0C71CFFF38D36D42182FD8F6398A6CB0	invalid_price_value
0C7212F5B8E0CA21BCDE7E9CFFFFFFFF	invalid_price_value
0C75047F61E46019279B12FE606261E3	invalid_price_value
0C7679730B286C2A0F4C6F810A4F6DCF	invalid_price_value
0C77078841C24C92306601E7FFFFFFFF	invalid_price_value
0C770F26659FFF186452E116FFFFFFFF	invalid_price_value
0C782EE997246BC110B7383C96DB6A98	invalid_price_value
0C78FD20604729666D876355FFFFFFFF	invalid_gender_value
0C7A39319EDF6B8B3A072FC49F086A71	invalid_price_value
0C7A913AB21A03EFF54FAAD5FFFFFFFF	invalid_price_value
0C7BA3F04E2065852DE4B5024FD064A9	invalid_price_value
0C7CC19086C51F5A966B7135FFFFFFFF	invalid_price_value
0C7D5E4197C7543093929213FFFFFFFF	invalid_price_value
0C7D66FCD301B229F900AD8CFFFFFFFF	invalid_price_value
0C7F7D5E99496EED0B086BD098146FC9	invalid_price_value
0C7FDFD13CFB063A50324D1DFFFFFFFF	invalid_price_value
0C802614E373B123C1A23E40FFFFFFFF	invalid_price_value
0C8085B9AD0D6DA02C8493F5AC216CE5	invalid_price_value
0C812C9A647D6899004A3A7065906962	invalid_price_value
0C8131D5A8C368E989740B74FFFFFFFF	invalid_price_value
0C81FD182C72647E04FAEA172D8765BC	invalid_gender_value
0C8225A8F094625C185A334BF49460D4	missing_fields
0C823560064B07548C1C94D8FFFFFFFF	invalid_price_value
0C8292080F69697B3EF8815C0E0B6880	invalid_price_value
0C84BFD5A1D66FB03BF7A8D6A07D6E9B	invalid_gender_value
0C850DEA77392C45E255863BFFFFFFFF	invalid_price_value
0C85EE488D046F5F035EF8BD8CD96EA5	invalid_price_value
0C862D727E0B6EEF2F893BA67F0C6FD3	invalid_price_value
0C86B215280A6EB4079AA4F229DD6F1E	invalid_price_value
0C8834463FBD583F504A57CEFFFFFFFF	invalid_gender_value
0C8BC59F002E64766E823CC2FFFFFFFF	invalid_price_value
0C8D39FCCE7C0D90D7F16A73FFFFFFFF	invalid_price_value
0C8DB92798016BD4085AAFDA99F16AE5	missing_fields
0C90788D94F7699223636EBA95D2682F	invalid_price_value
0C90E4A92D94F8A00C47F6A2FFFFFFFF	invalid_price_value
0C91C4B9CAB86A443A47D246CB4D6B26	invalid_price_value
0C91D593F1FB0F76F3418CF5FFFFFFFF	invalid_price_value
0C923B9ABDB567673C5D2DAABCBD6665	invalid_price_value
0C929A2F34BB69E624B18FE035B36838	invalid_gender_value
0C92E54C85A9612C1AB5F24D843660AC	invalid_price_value
0C955755E0EE6F22119A429BE1136E98	invalid_price_value
0C963696AA9D17F0EC1DC6E1FFFFFFFF	invalid_price_value
0C9856EE2E9F69A8139D42312F4B681B	invalid_price_value
0C9A64937837250FF831F1F0FFFFFFFF	invalid_price_value
0C9C35CBF562F9985C0F28A2FFFFFFFF	invalid_price_value
0C9CB4C99E2789E783D9C007FFFFFFFF	invalid_price_value
0C9CDB3DA5751D0C725A3B6DFFFFFFFF	invalid_price_value
0C9D15406B2130CD9DB5FF1BFFFFFFFF	invalid_price_value
0C9D470795113E09C28E7712FFFFFFFF	invalid_price_value
0C9FB1CCE968745472E8A24BFFFFFFFF	invalid_price_value
0C9FEA4AC72D3E2352DA032BFFFFFFFF	invalid_price_value
0CA1CFB104FCED3DA729D050FFFFFFFF	invalid_price_value
0CA294360139D811FA7E6A36FFFFFFFF	invalid_gender_value
0CA2B533392A44A4DA67163EFFFFFFFF	invalid_price_value
0CA322EBDE85647514163420DF32652A	invalid_price_value
0CA4882DBF14B24573B1DDCCFFFFFFFF	invalid_price_value
0CA5C9E06F6C6C011A07DFB76E826DB6	invalid_price_value
0CA704A116B9AD101D8CB909FFFFFFFF	invalid_price_value
0CA76A4742177575A5FAFCC4FFFFFFFF	invalid_price_value
0CA7E85974386B4D056AFED5757B6A58	invalid_price_value
0CA82117D614606114203615D79A6181	invalid_price_value
0CA8429D8A23818860373A5FFFFFFFFF	invalid_price_value
0CA9DFF8861B6F140B31C90987F16E56	invalid_price_value
0CAB52CEFC7F6DFB05BB4736FD3D6CDF	invalid_price_value
0CAC0B681C096F073E3C1D831D666EFD	invalid_price_value
0CAC2D3C4CA867C61D8D38D14D3166D7	invalid_price_value
0CAF0064ECCB6C05B856EFCDFFFFFFFF	invalid_price_value
0CAF76A50648680C2EFB61A307DE69CF	invalid_price_value
0CB0435A3F75679D1CC4567C3E8E6650	invalid_price_value
0CB0FF522C7067853ADBE9A12DFB6649	invalid_price_value
0CB13202091C6DCC10D3250A08E56C2B	invalid_price_value
0CB1B980D0EA630C22EEAF15D16262ED	invalid_price_value
0CB3E3ED3D6D5FA1D5E1D614FFFFFFFF	invalid_price_value
0CB46C169CE3253F5523EC3AFFFFFFFF	invalid_gender_value
0CB5609224AB766E19B42E3FFFFFFFFF	invalid_price_value
0CB5A0EFE2A461452D3EB7E2E3816036	invalid_price_value
0CB6C0BDA3E86CD61426D650A23E6D59	invalid_price_value
0CB6E8ABA7096C242321FEB6A6F16DAC	invalid_price_value
0CB8AC2D83A7F300C1FD18EBFFFFFFFF	invalid_price_value
0CBAA66823A761AF26ECB390220A6045	invalid_price_value
0CBBC873EF5E1CA1AE9B46ADFFFFFFFF	invalid_price_value
0CBE4D5A8AC0680C2D665B9D8B3669F1	invalid_price_value
0CBF3A1CD9BD644B140B2C05D89865C3	invalid_price_value
0CC148460B266AEE2FD95EB50A316BAF	invalid_gender_value
0CC1B307C7CB6B100FA3BC59C6636A00	invalid_price_value
0CC2291E7C6F3EFE12898AD6FFFFFFFF	invalid_gender_value
0CC4ADEF77B462E514E6BAE276AB63B8	invalid_price_value
0CC4EA3C5A33655E05EEFCC05BBF6447	invalid_price_value
0CC66D6696AB6B571FA7780E974C6AD5	invalid_price_value
0CC6E70E2FD6DEB32402177AFFFFFFFF	invalid_price_value
0CC6E717357EDC2DCF79C5B5FFFFFFFF	invalid_price_value
0CC882410B206798390994A90A5F66AE	invalid_price_value
0CC8F8FA8CE3627F14B4ED5C8D676394	invalid_price_value
0CC9561CA7266C93359F4341A68D6D52	invalid_price_value
0CC9A7D2DC6E67701C35B0DDDD2D6696	invalid_price_value
0CCB0EE2B6D44A6A1699CD6BFFFFFFFF	invalid_price_value
0CCB49769B4D6744359F5FC49A7A66F3	invalid_gender_value
0CCBAA9833CA600D115EBE4732BE6193	invalid_price_value
0CCBC0AF8EAB6C0F2983D7A88F276D1C	invalid_price_value
0CCCEA6D9B50611D3515FF4A9A1F602A	invalid_gender_value
0CCCF9BE071B6BCF1CAF7E8DFFFFFFFF	invalid_price_value
0CCFDE40F8988023B5C41158FFFFFFFF	invalid_price_value
0CD393FCE947607D040E851BE886615D	invalid_price_value
0CD57296349FE76576320EB6FFFFFFFF	invalid_price_value
0CD683E03305DFDAA0183A4BFFFFFFFF	invalid_price_value
0CD690E92CDEBCC2147DFC57FFFFFFFF	invalid_price_value
0CD792D15A7C745EE7D62DD9FFFFFFFF	invalid_price_value
0CD794DE6D556D471B6382346CA46CCE	invalid_price_value
0CD91E5DCB8DEA6277ABE390FFFFFFFF	invalid_price_value
0CDA5662ED3A877CD3F348D2FFFFFFFF	invalid_price_value
0CDA654366CBEFC70F9C8951FFFFFFFF	invalid_price_value
0CDB2367F0F06F5B02293065F10E6E6B	invalid_price_value
0CDB531235B96FA007A145FF344D6E67	invalid_price_value
0CDF1423AFAB6CF5037C02DDAED56DD6	missing_fields
0CE05B3684EE689812C0487F858E6973	invalid_price_value
0CE4335D0E83665313FF25AB0FFD67C3	invalid_gender_value
0CE54963EBDD7D25EAB12AEBFFFFFFFF	invalid_price_value
0CE784AA1C136D34010592551DFD6CD1	invalid_price_value
0CE78EECEA530CD1D7BC2E0BFFFFFFFF	invalid_price_value
0CE7CD1E1CE960433B5FDBEC1DA6618D	invalid_price_value
0CE81DFFE7FF6EA227FB0AF4E6296F9C	invalid_price_value
0CE88FC0E36265F903229932E2F064A2	invalid_price_value
0CE99EC5A3B19F60141797D7FFFFFFFF	invalid_price_value
0CEBA66E4412618232AFB0EA45CE60BC	invalid_price_value
0CEC74EF34EB6933324563EE359568A6	invalid_price_value
0CEEC06B33CE68DF25D0D27832416955	invalid_price_value
0CEED38603D72D64291CF441FFFFFFFF	invalid_price_value
0CEFAF73DB5B6BFE20A6B986DA836AE8	missing_fields
0CEFE2D190FC6F693A8EF5D091A26E48	invalid_price_value
0CF2542A913C63F8391D423790A5626E	invalid_price_value
0CF36A7987076AB112217C8286C56BE1	invalid_price_value
0CF539D526AD64D01C702F62274265B9	invalid_gender_value
0CF6C15FE9B56D6F04CED42CE8C06CB4	invalid_price_value
0CF7481768E5C144EF97FBD4FFFFFFFF	invalid_price_value
0CF82D76D2524493772FE846FFFFFFFF	invalid_price_value
0CF840EB466EE1E66CDE6CB3FFFFFFFF	invalid_price_value
0CF9FE5EE2CA6F8E075EEF21E6CA69D8	invalid_price_value
0CFCEDE8CDBD65733DFAF826CCD264B9	invalid_gender_value
0CFD4F2D4E8F410FAAB3524FFFFFFFFF	invalid_price_value
0CFD5465BDB61E7ECB4A268FFFFFFFFF	invalid_price_value
0CFDAAB681B46CE6388EBC5980326DC2	invalid_price_value
0CFDCEEC715162D81949D9ED70076320	invalid_price_value
0CFF242A09FE64531D5E332808D36542	invalid_price_value
0CFFF3FB96AB966D824FDB61FFFFFFFF	invalid_price_value
0D0027B3C7748289E0EAECD5FFFFFFFF	invalid_price_value
0D01449CCE9F63A1049C527BCF8762BD	invalid_gender_value
0D0163CAD1BC689B8E7E5E6BFFFFFFFF	invalid_gender_value
0D02CE440E4993FCEC26CD28FFFFFFFF	invalid_price_value
0D045D94EAF3676936964B7CEB4D6653	invalid_price_value
0D04C71891556A7000D7D1FE909A6B2D	invalid_price_value
0D06389B38B5665523712CF939C1674A	invalid_price_value
0D0638BC8C5C6C3525BF2D7F8D586D7A	invalid_price_value
0D07BF0BA45366D53522A80AA594679B	invalid_price_value
0D0AB11EC0B78B6D4CAEB575FFFFFFFF	invalid_gender_value
0D1006592269674D3C6F10B623E7664D	invalid_price_value
0D12AEE2190563330056BBE618F462F3	invalid_price_value
0D13E485BCAD5B14676FF057FFFFFFFF	invalid_price_value
0D146A817AB3633522CB7F2D7B9A62FE	invalid_price_value
0D16D88B4EF96BA52AE9CE604F756A37	invalid_gender_value
0D16EEFA99446A511502FB3E9D4464EB	invalid_price_value
0D1722D43BC3B01F64B6A5B3FFFFFFFF	invalid_price_value
0D176952BB27610209367F3BBAA16052	invalid_price_value
0D178320DE816DFA3DBF97AEDFFD6C7F	invalid_price_value
0D18C234B3FFB0178EC80974FFFFFFFF	invalid_price_value
0D1953F42E4D6FF52BF445002F296E3A	invalid_price_value
0D1C2CE6E2C026C776FCA83DFFFFFFFF	invalid_price_value
0D1C5B39616C61673DDD4E4C607E6086	invalid_price_value
0D1D53827BA5652C1AA3456D7A62647F	invalid_price_value
0D1F28322CBA64CD3BF83EE12DCD65D1	invalid_price_value
0D1FE8360481A47567077E06FFFFFFFF	invalid_price_value
0D1FF93C1EAB69D00C92EF7E1F6F68DF	invalid_price_value
0D20CD48F30E6D52109BDB42F2D86C80	invalid_price_value
0D20E7BF419466D00FC7F15240936703	invalid_gender_value
0D2215AA28E96D110C72067A29C56CCE	invalid_price_value
0D245D14456C1058B64C052EFFFFFFFF	invalid_price_value
0D268D0D894524F4DDA8FD8CFFFFFFFF	invalid_price_value
0D278DC95B7E6CD62E459B345AEC6D07	invalid_price_value
0D2910DD98DA6BEF0D0707D599856A72	invalid_price_value
0D2A04AE45B413CDFE047A5FFFFFFFFF	invalid_price_value
0D2A0B5B56166FD1317B1DC157196E46	invalid_price_value
0D2AA833241E639F25ADBEAE258862CF	invalid_price_value
0D2C5981B417615E007A4F15B532608F	invalid_price_value
0D2C9A430CDA08B36CF7EBEEFFFFFFFF	invalid_gender_value
0D2D76B6A198674E04CB6001A0C56621	invalid_price_value
0D2DF300DB1B69A1091BE5F3DACF68E7	invalid_price_value
0D2F45D6416167D031DC532440766650	invalid_price_value
0D30B51E6DD665490C66A6BF6CA864C5	invalid_price_value
0D30BA510153927604BF6E5FFFFFFFFF	invalid_gender_value
0D316BEA350F394FCDFB4A82FFFFFFFF	invalid_price_value
0D31D9AE63B266F90814CD4A6234671A	invalid_price_value
0D3701C07D74674E0DCF17687C3D66E2	invalid_price_value
0D38181D45E364F511AC0EEC448C65D6	invalid_price_value
0D3833B685D2688925462559848069FC	invalid_price_value
0D3958301E8630AA2546C04FFFFFFFFF	invalid_price_value
0D3AFE6E9CA96401375BEDF998A96AB5	invalid_price_value
0D3CB3DFEEADDAAEEAB30E89FFFFFFFF	invalid_price_value
0D3E2835EB846498375A3F33EA1F65F3	invalid_gender_value
0D3FE505E35B6BAC2722F666E2146A35	invalid_price_value
0D40C68204C26EE93F47D39705A86F68	invalid_price_value
0D42C87BA0596361383FDE9DA134620D	invalid_price_value
0D42E5FE240FB2F23261BAB5FFFFFFFF	invalid_gender_value
0D42FAE74A236C400E46ECE44B516D9D	invalid_price_value
0D462AAB324E66BF313E3E88364E6875	invalid_price_value
0D47B243C427696F19A1A540C55968CF	invalid_price_value
0D48A262C02765060786B4BAC13F648D	invalid_price_value
0D48C822D9786D3532ECDF20D83B6C46	missing_fields
0D49DE052B25683E147FC8EB2AD06947	invalid_price_value
0D4AB7158B0C626E2DA8A1FA8A656392	invalid_price_value
0D4B06DA1C03D5CC10ABA75AFFFFFFFF	invalid_price_value
0D4E0D0299906E03229A18E598AF6F47	invalid_price_value
0D500F4F42E161B32B2B1845439C6080	invalid_price_value
0D50615B955665C62FFB748594CF644C	invalid_price_value
0D50896998EE66402DF78414995067CC	invalid_price_value
0D509A1B766E765E2581B3E9FFFFFFFF	invalid_price_value
0D52AC7B4A2D64571E72BA104BBB6553	invalid_price_value
0D53576162466F07512ED618FFFFFFFF	invalid_price_value
0D53832D12B2D20E7CF989C3FFFFFFFF	invalid_price_value
0D550AA7F2646D2E375A1F20F31A6C47	missing_fields
0D558A58514A6A251E589F8350476BA8	invalid_price_value
0D572FDF18F36194078F392E19E960E3	invalid_price_value
0D57ACF0F2006F5A08EFB8A4F3606E18	invalid_price_value
0D58C926E2ED8E8B05393B62FFFFFFFF	invalid_price_value
0D58DD4656156F5A3FCECBA157816E4D	invalid_price_value
0D599AFB79746D390D418DFD78E36C65	invalid_price_value
0D5A2A6222FD66541B4D3D60236A67FF	invalid_price_value
0D5A35EB4B16B005B0D11E88FFFFFFFF	invalid_price_value
0D5CCB3490F3A1DDCB32004CFFFFFFFF	invalid_price_value
0D5CE2AE894D088F01684DF9FFFFFFFF	invalid_price_value
0D5D39855D41E67776DF6BDEFFFFFFFF	invalid_price_value
0D5E9D9AE56B64461A488B62E4376573	invalid_price_value
0D5EA00414C869120F2CB70015466897	invalid_price_value
0D6083233CC76D67103695CC3D6F6C6B	invalid_price_value
0D62998A3667BD8DA37EA688FFFFFFFF	invalid_price_value
0D63647D19F15C0FD9ECFB45FFFFFFFF	invalid_price_value
0D63AB02F5C0676D2EF3B83DF1C069D0	invalid_price_value
0D63FC021206616C3427E9FB13F360B9	invalid_price_value
0D6478FA376564FB0CA86D5B360A6529	invalid_price_value
0D65CDD0F96635D0F80B5198FFFFFFFF	invalid_price_value
0D66929F866D40E37D079D8CFFFFFFFF	invalid_price_value
0D66DF03EDC467550B84C9F4EC55661F	invalid_price_value
0D6811794336D48982F4947CFFFFFFFF	invalid_price_value
0D68245D0AE25CD182D976B8FFFFFFFF	invalid_price_value
0D6A2449B01F66791ED537A5B1DD675E	invalid_price_value
0D6C324C1FC667E233B124F31EB96674	invalid_price_value
0D6C6BB10A31614224C178740B396069	invalid_price_value
0D6D5C6E1FE0675C33B749BD1E956621	invalid_price_value
0D6EB531E8A761EA14ADA3E8E93F604A	invalid_price_value
0D715348C3A684E54056652BFFFFFFFF	invalid_price_value
0D71CBBE7393C1C43B384B42FFFFFFFF	invalid_price_value
0D73742E2808DD02706E8EE2FFFFFFFF	invalid_price_value
0D77285370F62EECEBC4DA98FFFFFFFF	invalid_gender_value
0D77F6883FFD65EC3984E2613E7964D5	invalid_price_value
0D7A5FAF50F469A67CFFE30DFFFFFFFF	invalid_price_value
0D7B7CE9CA55EE7DA2E9DC3CFFFFFFFF	invalid_price_value
0D7C3DC17468A5E75CC88198FFFFFFFF	invalid_price_value
0D7C82D9754EF4416713F280FFFFFFFF	invalid_price_value
0D7FC2334D385477FE7A53A7FFFFFFFF	invalid_price_value
0D801FD5F362635D13FF0949F2DB62FD	invalid_gender_value
0D807B97BBAB65C8324F6D66BACC6478	invalid_price_value
0D80E3AF56826C37231BF541574D6D0F	invalid_price_value
0D80EE946F9561A60915F8606E616015	invalid_price_value
0D817413C0FC66F3239362ECC182670C	invalid_price_value
0D85084F2621256AADBADD1AFFFFFFFF	missing_fields
0D85B9FD3A9B3E3D02E66124FFFFFFFF	invalid_gender_value
0D86B91EC38D6D7A24F9AFF7C2336C72	invalid_price_value
0D88547C10A72DC8ED77ECBDFFFFFFFF	invalid_price_value
0D89318600B86FFC0E4427D501BF6E4E	invalid_price_value
0D8A193287926A9E30810F7B86806B20	invalid_price_value
0D8A4E7914576239085B588A158F6324	invalid_price_value
0D8C84B47E8960AD3964927E7F906151	invalid_price_value
0D8DC84FACE167A6186CDE8FAD62663A	invalid_price_value
0D918925E24766510A429D6DE6476825	invalid_price_value
0D928D472F9C3E85DF6C4620FFFFFFFF	invalid_price_value
0D92B85AAD0C686B056EAE1FACB96938	missing_fields
0D93113472BD6C173987055473A46D79	invalid_price_value
0D9360CA03906F0CBD7AEAC0FFFFFFFF	invalid_price_value
0D9482F02D4B6EF32D7B95F32CCA6F6B	invalid_price_value
0D94E08C56EC6FD727BDF6A157926E7C	invalid_price_value
0D94E0ACFA46641601E6F6E3FB5365F7	missing_fields
0D957F2EF04F6BF23C4E69C8F1956A3D	invalid_price_value
0D9659FBE6BD6B0813924F13E7566A12	missing_fields
0D969FC959266CA5044B8ABD5D2662B9	invalid_price_value
0D97929D72E1662F14548595735B675D	invalid_price_value
0D99FDAF7F7D6FA7133AE8517E406ED0	invalid_price_value
0D99FF1BB6ED9CCEC3788F57FFFFFFFF	invalid_price_value
0D9A78A1BE066C571B156E46BF8D6D21	invalid_gender_value
0D9AC587FFA66E3A1050D061FE376F8F	invalid_price_value
0D9B78479C7F6E7A04905177FFFFFFFF	invalid_price_value
0D9BACDA5E3A6CC80351B9D85F136DDC	invalid_price_value
0D9BCA25DE356B5A16AFDCC3DF626A49	invalid_gender_value
0D9C387A6D45CF0AD8779757FFFFFFFF	invalid_price_value
0D9CB4D0C38CA73AC2A77734FFFFFFFF	invalid_price_value
0D9EF103FCB062E910D7E7F6FDAA63CA	invalid_price_value
0DA0572DB7F6055FF449958DFFFFFFFF	invalid_gender_value
0DA07035BC0E6E88174D6733BD7B6F25	missing_fields
0DA206F93FC43890E0E12750FFFFFFFF	invalid_price_value
0DA3AC1A275802CF6BE6A5BDFFFFFFFF	invalid_price_value
0DA4FBCBEB325B97C49820CDFFFFFFFF	invalid_gender_value
0DA54897BC45C974FCD6072EFFFFFFFF	invalid_price_value
0DA7F626B4A5E544E5A55889FFFFFFFF	invalid_price_value
0DAA70417DE82F29A852C3B5FFFFFFFF	invalid_price_value
0DAAB1AB4E6DD419F03E6E10FFFFFFFF	invalid_gender_value
0DAC32743A666B902418264C3B256AF8	invalid_price_value
0DACF6B0022054AF0ACA7BD4FFFFFFFF	invalid_price_value
0DAD94B9A0D06D244E5570EEFFFFFFFF	invalid_price_value
0DAEEC4933366F6D05F9FAA632516E6F	invalid_price_value
0DAFC4967E21607F3F5AD6567F4E6181	invalid_price_value
0DB0046D6C43D94E3497B601FFFFFFFF	invalid_price_value
0DB0A7C7F14481B9CECCD673FFFFFFFF	invalid_price_value
0DB128A845D062F23752391F44786374	invalid_price_value
0DB30B70D03E6F0308631D28D1FA6EC7	invalid_price_value
0DB336ED4EC8662227B222DE4FDB672A	invalid_price_value
0DB3FE172F376EE8388EE9152E496F74	invalid_price_value
0DB546F3F48F6F9748E63B10FFFFFFFF	invalid_price_value
0DB5F80CD1CBF8B55D44C838FFFFFFFF	invalid_price_value
0DB73F28CB896D050C292998CAAD6C79	invalid_price_value
0DB862FFD8806886252E747BD9EF69B3	invalid_price_value
0DBAA5034F48B6D72E073D5EFFFFFFFF	invalid_price_value
0DBEB26B682E62393D58A490696963B0	invalid_price_value
0DBF2F7903E0E985C1FD90ADFFFFFFFF	invalid_price_value
0DC03D96FD2E636412132B03FCA062DB	invalid_gender_value
0DC1271346D937A9B843495BFFFFFFFF	invalid_price_value
0DC1A3E95B7F258935EC7E51FFFFFFFF	invalid_price_value
0DC1FD86C3B7804E8558C287FFFFFFFF	invalid_price_value
0DC3012B2AFD60DC287416202B79613F	invalid_price_value
0DC48B07C1981DB53034F1F9FFFFFFFF	invalid_price_value
0DC50AC7E50D3F85CA81217CFFFFFFFF	invalid_price_value
0DC7BE78470F6B9B343FA97946796ABC	invalid_price_value
0DC8353DDCE86E1B980051FAFFFFFFFF	invalid_price_value
0DC8A0060186681D21D3B70A00E46948	missing_fields
0DCA14E532C90F8AA4A028EEFFFFFFFF	invalid_price_value
0DCB1F1199396EF33289092998206FD6	invalid_price_value
0DCB208565086FFA18083640644C6EB6	invalid_price_value
0DCC09E55E7F6FB82D111F615FD36EA8	invalid_price_value
0DCC6AD70A62657C1EFD7C2D0B3E6465	invalid_price_value
0DCD6D427C61C3E4D9670F98FFFFFFFF	invalid_price_value
0DCF801060E56AFE2FD696EB61826B30	invalid_gender_value
0DCFD9236D9562891450CFC46C1E638E	invalid_price_value
0DD358C3ED3063BA18164E2FE93061AD	invalid_gender_value
0DD95C27DEAEFC1903E05930FFFFFFFF	invalid_price_value
0DD98AC18A36EB5E4F12AFD8FFFFFFFF	invalid_price_value
0DDA1A0BC63BC06907AFCADBFFFFFFFF	invalid_price_value
0DDA792E87C16384049F6F4086B26280	invalid_price_value
0DDAF82E718CABFD73FC0D40FFFFFFFF	invalid_price_value
0DDBB8B11369633623DCB72C17696567	invalid_price_value
0DDCA89D73606503172CBE4C723664B1	invalid_price_value
0DDD1D020B4065B9197808CD0A52649A	invalid_price_value
0DDD8D4688A26763019A0DB2FFFFFFFF	invalid_price_value
0DDEC10F68086A53E4278A56FFFFFFFF	invalid_price_value
0DDEF6B60CC368B1307DE0400D0F6988	invalid_gender_value
0DE0EFC154A2686C07FDFC6855ED69F7	invalid_price_value
0DE11D19263D69FD18980BEC27FC68B4	invalid_price_value
0DE2D41C104E61092847C2F211546098	invalid_price_value
0DE409316B2FE01434E504ADFFFFFFFF	invalid_price_value
0DE4CF2361416BAA2A93C77E60516A05	invalid_price_value
0DE65EC0CDEC6AEB041E4BE1CC146BBB	invalid_price_value
0DE7355165ED5313A0FA0E30FFFFFFFF	invalid_price_value
0DE81874F82A60DA293B15B2F982618B	invalid_price_value
0DEAA9E3CF1064883EC7BF14CE59658E	invalid_price_value
0DEBEA9AA45B66B50F64FC68A56E67D3	invalid_price_value
0DECC90F682B644828FBDF74698365CF	invalid_price_value
0DEDE5C9ED8AF36F34932AADFFFFFFFF	invalid_price_value
0DEE1B5899F968852DC60DA4980169C4	invalid_price_value
0DEF6B52C9736BB223537D0CC8236A70	invalid_price_value
0DEF6FCD52EE610F3E2D7920530A60C9	invalid_price_value
0DEFE36802D464A30707F11B06D46A0E	invalid_price_value
0DF13CA5C05063250D7B3011C1F8624E	invalid_price_value
0DF17DC88F71AC307342D03CFFFFFFFF	invalid_price_value
0DF2448B84B662381477506B85E063B4	invalid_price_value
0DF62012F9F9644D06FF358EF84E651B	invalid_price_value
0DF67274E0ED70C28ECFB976FFFFFFFF	invalid_price_value
0DF69EB2C555775F5D056BCEFFFFFFFF	invalid_price_value
0DF93644E0E36AEB0E38214EE1636B14	missing_fields
0DFCAEFF01F865BA2E13BB75006164A0	invalid_price_value
0DFE5F0FF1D16A3C3D3B480CF5D168CA	invalid_price_value
0DFEE716606666EF0217F1F961AE6705	invalid_price_value
0E01F1E3AC94C6D0EFFCB0DCFFFFFFFF	invalid_price_value
0E0217E92B9466A816E100E22AFF67CF	invalid_gender_value
0E032C17D713641F2AC13FCED68A6531	invalid_price_value
0E03C00EABA26DAB1949D6F1AA7B6C3E	invalid_price_value
0E0473BB4E5C51A19A9B6409FFFFFFFF	invalid_price_value
0E064FC2DA076FCF2DA65C59DB3D6E3E	invalid_price_value
0E0899273E52C954069C8FE8FFFFFFFF	invalid_price_value
0E09D86010937F7DC3E99243FFFFFFFF	invalid_price_value
0E0A63120F1D8C61A4F2156DFFFFFFFF	invalid_price_value
0E0C368DAB73673E32F120C4AABD6636	invalid_price_value
0E0C98635996616837268F61580B6080	invalid_price_value
0E0FD82F1FC26296357CCCC41E4D63AD	invalid_price_value
0E104EF8928163BE09F0588093116221	invalid_gender_value
0E1088DF714A6AB913BF9E39702C6B2A	invalid_price_value
0E12899F034233B5411D198CFFFFFFFF	invalid_price_value
0E12DB3B69866151291ECC3F681460E8	invalid_price_value
0E1342A56450202B070F4BE1FFFFFFFF	invalid_price_value
0E1405338A98861AA9D14CD5FFFFFFFF	invalid_price_value
0E14FC18EFFF656E0F5DEB1AEE8164B4	invalid_price_value
0E15633D49386C483EEF7438481C6D2C	invalid_price_value
0E15DBE8C6B769B808E1CD83FFFFFFFF	invalid_price_value
0E163A3F849069D7E942615DFFFFFFFF	invalid_price_value
0E1771B303F46275207767CF0236638E	invalid_price_value
0E19E487D5586F6207E9F25AD4D76E6F	invalid_price_value
0E1A0F212A976010151B19D22B9061A7	invalid_price_value
0E1E20BFD817640D362136BCD9C165DE	invalid_price_value
0E1E9DB91D7B663F36028ABB1C406756	invalid_price_value
0E1F4947B4ADE0348F3F52A2FFFFFFFF	invalid_price_value
0E1FFBE11CAF67DA3ED6ED3A1D376643	invalid_price_value
0E204CD40D176D5D12605A030C8B6C7E	invalid_price_value
0E20A5D47CCF622B364AB0E27D17636D	invalid_gender_value
0E214C746F316E76282F5A8A6E656F67	invalid_price_value
0E21B1AD92586B913AD2A75193806A17	missing_fields
0E234FFF7C2762F30E5359427D4D63D5	invalid_price_value
0E23D20BB70F601A2DD2C4FDB6D9615C	invalid_price_value
0E267C1163726EE33A9C6B1462076F8B	invalid_price_value
0E268ABC7372610E07819FF97225603F	invalid_price_value
0E26EEBFC69DC5555A3D79D9FFFFFFFF	invalid_price_value
0E26F2C4C6E09F96C5FCE730FFFFFFFF	invalid_price_value
0E28E44B98E06B9B0944F0A0999E6A4E	invalid_price_value
0E2D0EB6B15B6B6437021869B0EE6A8A	invalid_price_value
0E2D18AE04F9660A1EF90E4705F8675E	invalid_price_value
0E2EFACA73136CAD0A86EC9C72F76D30	invalid_price_value
0E2FBBF040ABB102DBFD8413FFFFFFFF	invalid_price_value
0E34E7451DFF5AD605646809FFFFFFFF	invalid_price_value
0E3511CE41586C752520078140006DEE	invalid_price_value
0E35DE3FF3B16AF21D43C93DF2646B2B	invalid_price_value
0E37374B51106DA60FFD2335505F6C4F	invalid_price_value
0E3839805DBA61FF300B2FC15CC8604D	invalid_price_value
0E38B6BEE5FC6095377BA09DE4BE611C	invalid_price_value
0E38F74739596CDD3951E1B438AC6D22	invalid_price_value
0E3AAD84994E6E0F246BBB6C98996F20	invalid_price_value
0E3C6808C7D32856425D8C58FFFFFFFF	invalid_price_value
0E3C6B616D1063462D9A7DC46CCA62DA	invalid_price_value
0E3C70C875096E1437BF668C74A16F56	invalid_price_value
0E3D6413A6B06E481D647312A7C76F83	invalid_price_value
0E3EF4176BF366D80DD2E31C6AE667C3	missing_fields
0E3F375A9D995CFA44C1AD41FFFFFFFF	invalid_price_value
0E3F9696EA686BC135AA807DEBE66A99	invalid_price_value
0E403799176C600B36602177163B61CA	invalid_price_value
0E457494DAD76E92108B6272DBF26F89	invalid_price_value
0E47726AE75D63890D9961EFE62862D8	invalid_price_value
0E496F4F526367753DF179B0539466EA	invalid_price_value
0E4B83773E3D6A09084996F13FD36BDD	invalid_price_value
0E4C786BD66072FD4A6915E3FFFFFFFF	invalid_price_value
0E4F4F89C03F64FC1C94597CC1A265D7	invalid_price_value
0E50E8AF6C333CE5C5C22688FFFFFFFF	invalid_price_value
0E51BA848CD83D4F8CF7B0B0FFFFFFFF	invalid_price_value
0E555C48CB495C47428C5161FFFFFFFF	invalid_gender_value
0E561BB546BE17C1334309A5FFFFFFFF	invalid_price_value
0E59249E25B469AB39C0323D242F6897	invalid_price_value
0E5AF6CBDC691BF51ED249FAFFFFFFFF	invalid_price_value
0E5C2F10861E614E3EA03C7087EA60DF	invalid_price_value
0E5C912D94556C7125FD855995CC6DAC	invalid_price_value
0E5DCB08CACDF1685AF7D321FFFFFFFF	invalid_price_value
0E610F0F160E6413054819831766657B	invalid_price_value
0E618D09E86568B512F59BB7E92D6988	invalid_price_value
0E6285BE320DCDD3DEFACF6AFFFFFFFF	invalid_price_value
0E65913EEEA84BBA4DE37F39FFFFFFFF	invalid_price_value
0E66A0B9BCD121650BBB966AFFFFFFFF	invalid_price_value
0E66FC2082C78288EE09A5A2FFFFFFFF	invalid_price_value
0E6704F8BA65DA45331CF227FFFFFFFF	invalid_price_value
0E684FC5DB046CB12B195A91DAA56D99	invalid_price_value
0E6858A46E426F87BC812E58FFFFFFFF	invalid_price_value
0E68EFEAE6B4654C2FF4F981E72D643F	invalid_gender_value
0E69B5D11FFF68BD154DA32C1E8C69BA	missing_fields
0E6BB2D4CA9D0CEF2FD0FB8CFFFFFFFF	invalid_price_value
0E6C4C3DD79BB5E3010C85D6FFFFFFFF	invalid_price_value
0E6D928A21A6F9F0B9E56C67FFFFFFFF	invalid_price_value
0E6E1087C03B6038318D054CC196616F	invalid_price_value
0E6E37FF8BB94D6F6CC0EB33FFFFFFFF	invalid_price_value
0E6EBCB335436BCA3FFCA8C434156AF4	invalid_price_value
0E6EBDAEDFF269E71246AB5FDEB06870	invalid_price_value
0E6F7BB3D4FB05D39BB3D6D5FFFFFFFF	invalid_price_value
0E709F41CDD866C10A248956CCAD67E7	invalid_price_value
0E71A35152516F960331B62453F46E0F	invalid_price_value
0E7309235EF9D234E8A4751DFFFFFFFF	invalid_price_value
0E737B5891CC611D02C96DB690B26064	invalid_price_value
0E73E6AC2AEECEAC8C4971B3FFFFFFFF	invalid_price_value
0E7711F753F1DE58ED9542DDFFFFFFFF	invalid_price_value
0E776C337CAD6902343E79BB7D4368CA	invalid_price_value
0E77EA648C0C6CA201E6FC928DB06D41	invalid_price_value
0E798C460829C017088D7A03FFFFFFFF	invalid_price_value
0E79F5D1B23065230AD4E331B30164B2	invalid_price_value
0E7AEF90939B603F2C7AFAEC92EE61C1	invalid_price_value
0E7BAE91067CBE8C3C1BC581FFFFFFFF	invalid_price_value
0E7E01DAD458CF8327262CE6FFFFFFFF	invalid_price_value
0E7E7C6A177C1058E045D3C1FFFFFFFF	invalid_price_value
0E80F089390EB89F75BB0B40FFFFFFFF	invalid_price_value
0E811E0E97586EEC1985089B968E6F4E	invalid_gender_value
0E82AC48C22C64BB0474B81FC36365F6	missing_fields
0E84A1042B89BA5C636EAC94FFFFFFFF	invalid_price_value
0E84F4CB24B46F921127E22025006E31	invalid_price_value
0E8672C2B140954353D8B77EFFFFFFFF	invalid_price_value
0E87526390736A302B6841ED91826BBF	invalid_price_value
0E88EFD8775768882491FA61767269DB	invalid_price_value
0E895963D9E7FFF9E1E9C03AFFFFFFFF	invalid_price_value
0E8A5D916B326D572F094B526ABC6CA3	invalid_price_value
0E8AF866FEA268A61008F511FAA26B69	invalid_price_value
0E8E2827237F815C5585466EFFFFFFFF	invalid_price_value
0E8F9E081AEC647D23BE88FF1B926568	invalid_price_value
0E9040E07237FC07A04947E1FFFFFFFF	invalid_price_value
0E90940FA6BE6FB436D68185A7CB6EE8	invalid_price_value
0E92555695DBD2ACB2050AF1FFFFFFFF	invalid_price_value
0E938E5FD68068C823EF98FFD70C69C9	invalid_price_value
0E93D98FF0F96FD62BC6CF68F1446EBB	invalid_price_value
0E93E758AEA56CA719F6F05BAFDB6DFB	invalid_price_value
0E95502C5D877C182F787106FFFFFFFF	invalid_price_value
0E962C05530365B3095D3A6A52C264EE	invalid_price_value
0E983384FD4D666F174A257CFCE7674E	invalid_gender_value
0E9847EFC0146F9234AD5144C1EA6E73	invalid_price_value
0E9893D4D1ED9CD97EFF760AFFFFFFFF	invalid_gender_value
0E9C3EDE4691634915EE287C478462EC	invalid_price_value
0E9D364183B46162112820B9820E60D8	invalid_price_value
0E9E092EEAAD68D50A931BF1EB566963	invalid_price_value
0E9E33A5F9BA518B76AEA1B5FFFFFFFF	invalid_gender_value
0E9ECD368D536EB40B6ADBDD8CA36F29	invalid_price_value
0E9F6463C0CC639513F57297C1906272	invalid_price_value
0E9FF07E0A1767A4345DE6B50B65663C	invalid_price_value
0E9FF13C46BB6BC20926E63F47FF6AEA	invalid_price_value
0EA0C20FC2DEE03FE54A18FFFFFFFFFF	missing_fields
0EA0FB7C2DC76502362FEDBF2CBE6499	invalid_price_value
0EA125D56D876B7426A232D96C216A06	invalid_gender_value
0EA2B99B1EE6660A2ED3AC1F1FB167F1	invalid_price_value
0EA2F03C6BB36B85177BE6506ADA6A4C	missing_fields
0EA3B40B130768552053A30012936948	invalid_price_value
0EA55A6C5C8B609921224ED55D83617F	invalid_price_value
0EA644535A3F8D837327497CFFFFFFFF	invalid_price_value
0EAA01447C0F6F651E5317AA7D596EA4	invalid_price_value
0EAB09ACA15AA76ABF910ABBFFFFFFFF	invalid_price_value
0EAC039DCC9F60773C2F1567CDF561BA	invalid_price_value
0EACE6DF7D1A6A7D2BDEF0267C276B9F	invalid_price_value
0EAE579624AF6D910CB0417025166CC0	invalid_price_value
0EAF262990C34790B13CFE4FFFFFFFFF	invalid_price_value
0EB156BD7A85F6A6EB1D20D1FFFFFFFF	invalid_price_value
0EB2257EBB3377F9E8EEC67DFFFFFFFF	invalid_price_value
0EB5EC22F4FC25FEF6CCCEF0FFFFFFFF	invalid_price_value
0EB63162AED90AB2191E79EFFFFFFFFF	invalid_price_value
0EB69DC27A526AE326F58B207BA76B75	invalid_price_value
0EB6DF42747CEB0E8F56491BFFFFFFFF	invalid_price_value
0EB7B1C5A31BEAD4F15C3994FFFFFFFF	invalid_price_value
0EB850D4A29794AF72856300FFFFFFFF	invalid_price_value
0EB8F4437E6565172038E2BC7F266473	invalid_gender_value
0EBA2CA5C1076FB02E093BAEC0896EB5	invalid_price_value
0EBA56260E7F64B03EB640F60FFA653E	invalid_price_value
0EBC61A1B8438C8A43279435FFFFFFFF	invalid_price_value
0EBD78D57C2D6FA60B1F6E457D466E36	invalid_price_value
0EBDFB8CF70FA0B4FD8AFFC3FFFFFFFF	invalid_gender_value
0EC032CC87D67D905C3EF775FFFFFFFF	invalid_price_value
0EC182CD0ED6618E0452942A0FD76000	invalid_price_value
0EC438BB6E34BE1ECCFFAE37FFFFFFFF	invalid_price_value
0EC4D5042F9C6B20036FC3F92EFC6A0E	invalid_gender_value
0EC5975CC1A163A0235381A4C0E262E1	invalid_price_value
0EC5A077DBD8F7036921B9E1FFFFFFFF	invalid_price_value
0EC93F1837D3A70CED336877FFFFFFFF	invalid_price_value
0ECA22D0BC2869F820FA36A8BD7F68AA	missing_fields
0ECACEF8555B6E363F68D86354576FB2	invalid_price_value
0ECC327EC06BF00154D92D37FFFFFFFF	invalid_price_value
0ECD6CC0E8A5DDADB329AC49FFFFFFFF	invalid_gender_value
0ECE1DE770D268543ABE0B0871686917	invalid_price_value
0ECE6F5558C7652936E979BB597D6445	invalid_price_value
0ED0A9D2019F648C362DBDE6004B65B0	invalid_price_value
0ED1B8C2BB4965783FF0AFC3BA8A6411	invalid_price_value
0ED2FF4DDB4C630E0771E9A3DAAA6252	invalid_price_value
0ED3C8CEF729B3E41CA362B9FFFFFFFF	missing_fields
0ED3E7FC2FBC66320D50F44B2E146773	invalid_price_value
0ED490D2CCB06C7E24848625CDC96DD2	invalid_price_value
0ED5C1D769A26FF827D7D72068056E36	invalid_price_value
0ED5D1278C0908B017A49395FFFFFFFF	invalid_gender_value
0ED74A1939916AAF20CE5CE438F16B48	missing_fields
0ED7BBE7CFBAFE10232B8120FFFFFFFF	invalid_price_value
0EDA853A9D5B6D8C041E97C39CF06C92	invalid_price_value
0EDA996C48C4679E0F2B8F62496A665A	invalid_price_value
0EDD30D8A6AD6FE10FCF26A5A7536EDD	invalid_price_value
0EDE120E97764851A7924051FFFFFFFF	invalid_price_value
0EDE7DA017D46A003E756DE416466B21	invalid_price_value
0EE12175BA846BC8296137EFBB0A6A15	invalid_price_value
0EE1584A40AB65CE0F224EB641F96417	invalid_price_value
0EE21655535BCB3D9C680BDEFFFFFFFF	invalid_price_value
0EE4E290DA906CA72974F47FDBCE6D5A	invalid_price_value
0EE4E464B5E2C2B2589F6881FFFFFFFF	invalid_price_value
0EE508F0810B6CAC07121E0D809F6D94	invalid_price_value
0EE793EBAC2F682C0D128723ADC869B3	invalid_price_value
0EE948D4B1370D2B03FE87BFFFFFFFFF	invalid_price_value
0EED6193BF366B112A287691BEE46A27	invalid_gender_value
0EED7B17D085357F862DF17FFFFFFFFF	invalid_price_value
0EEEF8814A3661EE0B58EE684BF4602C	invalid_gender_value
0EEFC3C7048148D81098D244FFFFFFFF	invalid_price_value
0EF07693746B69271E5F604875856831	invalid_price_value
0EF24ED2A930610706FB5817A83E605A	invalid_price_value
0EF2525DB0AD6F7D323444F7B1236E37	invalid_price_value
0EF2D134A4783DC9668D5B52FFFFFFFF	invalid_gender_value
0EF3BC2C8D77F94B7B724ED3FFFFFFFF	invalid_price_value
0EF62E90E00A7AA9330E5E3FFFFFFFFF	invalid_price_value
0EF9F16B2E3C6E3504D5E7012F196F78	invalid_price_value
0EFC9FBD723D618E17A689E973076093	invalid_price_value
0EFECDAE0CEF3132F8E8161DFFFFFFFF	invalid_price_value
0EFFAA8C8D7368B7316CBC708CF86964	invalid_price_value
0F013D9249DC64FBD89C41B8FFFFFFFF	invalid_price_value
0F01700C25076C8E0BD566E724CE6DD8	invalid_price_value
0F04EC3DD53B6DEA3DAEF842D4576C6A	invalid_price_value
0F065DD424D76423128D4AD125356553	invalid_gender_value
0F0866DA4AFB636D1257703C4B8B623B	missing_fields
0F0990561E5B6E39021587591FE16F10	invalid_price_value
0F0A7D2F58AE6116377E6FBF597D6073	invalid_price_value
0F0B3C5B903F614B1E072ABD918E60B3	invalid_price_value
0F0D0ADD1824661B005D1DD919E36718	invalid_price_value
0F0D237DC137674A09FC3721C0366685	invalid_price_value
0F0DD42A28AF6DC30FBBC1F329C06CF5	invalid_gender_value
0F0E1ECDA6D36BCA24AB09C4A7BC6ADD	missing_fields
0F0EC713347864AA3C4AD12135046544	invalid_price_value
0F0F70EC584E6DD4141467E459E36CB1	invalid_price_value
0F0FA1B3C69E2FFE1B6649D7FFFFFFFF	invalid_price_value
0F102606310269822DB030FE30A26859	invalid_price_value
0F121B5F68970D11C4D70102FFFFFFFF	invalid_price_value
0F122787A41B6A7921BD3169A5CD6B53	invalid_price_value
0F1279EB11DF69A4133F725C15DF6A30	invalid_price_value
0F131ABEFF713873F1460626FFFFFFFF	invalid_price_value
0F13C81A1862663A3C69DF1A19C567B1	invalid_price_value
0F1414F59F186E262E0E03F59ED86FAD	missing_fields
0F147AF9961A99ED1696F8FAFFFFFFFF	invalid_price_value
0F15BFF8D3677870EECF5F58FFFFFFFF	invalid_price_value
0F15FD70D6D569202AB6EB9BD78268C7	invalid_price_value
0F1778636E6408B5D9BE1464FFFFFFFF	invalid_price_value
0F181350215CF7F9BC0E8338FFFFFFFF	invalid_price_value
0F1CA9FA9D106FE50C79BF159C966E21	invalid_price_value
0F1D5D780307D26800990B08FFFFFFFF	invalid_price_value
0F1E1C25510A6F0760C6A1A4FFFFFFFF	invalid_price_value
0F1E5EDC833B85F2A4701CE9FFFFFFFF	invalid_gender_value
0F1F5332727965BF19CD45CC735A645C	invalid_price_value
0F21D08D2893608D2B92C78F29E56110	invalid_price_value
0F22D7B57CD96E9C0CCFC17A7DA76FED	invalid_price_value
0F23B3BBFB8C61D8076DA553FACF6021	invalid_price_value
0F23BF87117D8D7279913703FFFFFFFF	invalid_price_value
0F253724788A68C91B4E21C279F86978	missing_fields
0F2636FB3B026538204C21F83A8964B8	invalid_price_value
0F263E5547546FF02460288246696EAF	invalid_price_value
0F2706C7EF0C621C173F130EEE1E6382	invalid_price_value
0F2891C06610D3AD327EE766FFFFFFFF	invalid_price_value
0F2A3BA2585EA8524DDB7C89FFFFFFFF	invalid_price_value
0F2AA53690CD67F43599B3C491A266C6	invalid_price_value
0F2ACE47AAE060693190D89FAB986168	invalid_price_value
0F2B03505FC3668C1422168F5E3E6734	invalid_price_value
0F2B29F48A77623824AC3F3B8B556395	invalid_gender_value
0F2F1D29DC79936867D144F3FFFFFFFF	invalid_price_value
0F30CE11269ABC41F2993AC4FFFFFFFF	invalid_price_value
0F316819F2C0416F89293151FFFFFFFF	invalid_price_value
0F316FBF0257D188EB4B8342FFFFFFFF	invalid_price_value
0F334C6282525A20F532DDA6FFFFFFFF	invalid_price_value
0F35AEE5235767F01651B85D22F56667	invalid_price_value
0F35C083DBC7679832F1D66CDAE266CD	invalid_price_value
0F35EA1231F064F41737FD1B300A651B	invalid_price_value
0F3A514AE1F87FCB343E86BFFFFFFFFF	invalid_price_value
0F3B1CDB8EE6B3C5977897B0FFFFFFFF	invalid_price_value
0F3C6AA77F61675E1FC57C457EB56686	invalid_price_value
0F3D9D1FB14D925F43D5F4EDFFFFFFFF	invalid_gender_value
0F3DF40637BD9958792BD21FFFFFFFFF	invalid_price_value
0F3E953580E23917977CB44BFFFFFFFF	invalid_price_value
0F3F0549593E660A33F11392582767B3	invalid_price_value
0F3F10440EA66C361E5607460FE56DE6	invalid_price_value
0F3FEC0C7AC14EB7864A4DABFFFFFFFF	invalid_price_value
0F41BA6D3C52677A2070AC413D2C6672	invalid_price_value
0F41D5FF85FA6C73FBEADD8CFFFFFFFF	invalid_price_value
0F460768AF876C0405D01191AEF96D9D	invalid_price_value
0F4770B879AD6B8D050F7BF7FFFFFFFF	invalid_price_value
0F4A667F07BE635F0AA1709006D16274	invalid_price_value
0F4AADF9A93CD97098358846FFFFFFFF	invalid_price_value
0F4B65A765376CE11AC3735664F56D56	invalid_price_value
0F4BBC053FBE616F225FAAB83E5A608D	invalid_price_value
0F4BE5552F2A190504696B78FFFFFFFF	invalid_price_value
0F4BE9C4231D52BEC2E634C0FFFFFFFF	invalid_price_value
0F4C2EE9773A61EE10E038D2762C6048	invalid_price_value
0F4C583A35A7AC940BE458CAFFFFFFFF	invalid_price_value
0F4FCCF06C862B5FA09B4771FFFFFFFF	invalid_price_value
0F50F5061337CBB84AA9CBACFFFFFFFF	invalid_price_value
0F52A83156C6E094C91186E1FFFFFFFF	invalid_price_value
0F54E525CC1AD330D4C20EA0FFFFFFFF	invalid_price_value
0F5673B1059FC742BB356131FFFFFFFF	invalid_price_value
0F5688D76D256BDC250F9D436C326A3E	invalid_price_value
0F57021744B66AB33747149545BB6B36	invalid_price_value
0F5831F604763D4C37C6CA73FFFFFFFF	invalid_price_value
0F59B154210663DB2C52A7A4200762D2	invalid_price_value
0F5AEEA4908F515811A30B35FFFFFFFF	invalid_price_value
0F5B642E64915B8E0905F7AEFFFFFFFF	invalid_price_value
0F5B96DD626C603014E181D3630E61A9	missing_fields
0F5BE6BF9C2DB36AA4B887E5FFFFFFFF	invalid_price_value
0F5DD3DDE9D3FF6576076306FFFFFFFF	invalid_price_value
0F5DD846FFD953EBE1AD5CCEFFFFFFFF	invalid_price_value
0F6027D76644F4AFB851EC13FFFFFFFF	invalid_price_value
0F605DBF080212BAE10BD159FFFFFFFF	invalid_price_value
0F608B31F95A61E12D529EEAF8356094	invalid_price_value
0F60CC8552C86679293DDA6753A467DB	invalid_price_value
0F62A1A7FD2A6BC416A9B77AFC8F6A49	invalid_price_value
0F661EBA56B862CF2E640C0C57AB6343	invalid_price_value
0F6724C4B94960EC2B503230B826616E	invalid_price_value
0F676BA1CD096996098A7D49CCA36862	invalid_price_value
0F6AA35DDCCE60BE313CB534DD176191	invalid_price_value
0F6F39C6F415B8652268600AFFFFFFFF	invalid_price_value
0F6F78E89AC5622419BE6DF79B076386	invalid_price_value
0F7396F941476ABC18B1834040466BD5	invalid_price_value
0F7484028ABC9C4CE2D05FA9FFFFFFFF	invalid_price_value
0F7534B49126678C3725225290C2660C	invalid_price_value
0F763E13E8C267A70AFA2AC0E9A366CE	invalid_price_value
0F76476A1F8763D51AA052111E0362C0	invalid_price_value
0F76B96EAD29652B10B6ADB8AC526473	invalid_price_value
0F772C193C3D679B0C1D3AFA3D286658	invalid_price_value
0F79484F774362021C944206765463AB	invalid_price_value
0F7AC61AB2FC60910D92D0F4B3C561A0	invalid_price_value
0F7ADAC5461D60EE1940C9AB479F61C0	invalid_price_value
0F7B56A2C5E9B0324738675AFFFFFFFF	invalid_price_value
0F7B6403C3FF6AD60E2E72FCC20B6B82	invalid_price_value
0F7C988E60BC60E3251D8EEC61E6618C	invalid_gender_value
0F7E49D18E8160312C025F3E8F51618C	invalid_price_value
0F7E5D50B469698B20674BC0B5AE6889	invalid_price_value
0F7EBD7CB7A36E5910B3AB40B6286FEB	missing_fields
0F80D313DE8623C687AB9D87FFFFFFFF	invalid_price_value
0F82BF2930CA605812B9AB0731D661BB	invalid_price_value
0F83EFC026AA63A01434FB8127026245	invalid_price_value
0F842927F67F62D126753FF2F75A6366	invalid_price_value
0F85718DAE1A0E94338D1A83FFFFFFFF	invalid_price_value
0F87C088D1246BB322ADD662D08A6A4B	invalid_price_value
0F8802EA3B6D6645235E14D23AAA67AA	invalid_price_value
0F8AFBB4171E6C8B33D6ED5B16F06D8A	invalid_price_value
0F8B09A2183746820B8F2B45FFFFFFFF	invalid_price_value
0F8C434A1DAF694E335C50181C926815	invalid_price_value
0F8EB1B771F161173A44A58E700A603F	invalid_price_value
0F913CDB0F8D6A79223B28E10E1F6B96	invalid_price_value
0F91D8AFE69482B9516E00F4FFFFFFFF	invalid_price_value
0F92C78F0CCF6EE02B0FD14A0D626F8B	invalid_price_value
0F92DDF9209762A63882CB40218B63CC	invalid_price_value
0F962F816BE89FCFCF04E72CFFFFFFFF	invalid_price_value
0F969782F48F66253A4082D1F5FA6793	invalid_price_value
0F969F36457A6664343089CC44576747	missing_fields
0F971959B27F6ADC21E70F02B3D46B97	invalid_price_value
0F98BBB517D46A293317A99E16866BD8	invalid_price_value
0F9A8063FF0DBB7D186E2B52FFFFFFFF	invalid_price_value
0F9C29B8CE7A6FEA2FB53EB5CF916E6D	invalid_price_value
0F9D228736FE17870D345833FFFFFFFF	invalid_price_value
0F9D48C8632C9DD00CA0077FFFFFFFFF	invalid_price_value
0F9DCBE69C1E607D0873DDB29DDF616B	invalid_price_value
0F9ED531D90066943D01C232D8AD67B4	invalid_price_value
0F9F1C00EA7913E7806FD821FFFFFFFF	invalid_price_value
0FA0AB587E556D4728D6BBBD7FA86C8D	invalid_price_value
0FA12F2BFDBB6D8C257D3822FC306CE2	invalid_price_value
0FA19A85B47E602E3E6A8CBFB5F06145	invalid_price_value
0FA75CBCE55B679A2F2B4A51E4DD66DC	invalid_price_value
0FA97E89794665FC3359698D78EB6429	invalid_price_value
0FA9C0138700AC10979A0B5AFFFFFFFF	invalid_price_value
0FAB0F5639B1C535AAEE09FEFFFFFFFF	invalid_price_value
0FAE42F10233667A205E55F80329671A	invalid_price_value
0FAEE48EC5EB61490B9BF2A5C4C26067	invalid_price_value
0FB3327B1AC76E793CA824A61B916FA9	invalid_gender_value
0FB42EEF687F62A839E03D0B698E63ED	invalid_price_value
0FB4E1D4E78E64B707AEF720E65865BB	invalid_price_value
0FB5DD3BBF0568D9119CCA3EBE6A696C	invalid_gender_value
0FB740323B396C273E1756DB3AED6DC2	invalid_price_value
0FB7B674055CB2604B8FFDBBFFFFFFFF	invalid_price_value
0FB7C015B59A92EAE53E1F22FFFFFFFF	invalid_price_value
0FB7FA7AF0CC686C2EFFEC21F1A86966	invalid_price_value
0FB94609849268CF26C9553985F0696B	invalid_price_value
0FB94B565AE46F9A34A75C555B9A6E39	invalid_price_value
0FB9D35961F177D39A64908CFFFFFFFF	invalid_price_value
0FBBEC9776876F6ED6E9777FFFFFFFFF	invalid_price_value
0FBF825314A26B3E072D949115F16AF7	missing_fields
0FC3A84B1D616B9A0056BEB51C1F6A1A	invalid_price_value
0FC528B962466289029E3D1563186358	invalid_price_value
0FC62A7354AC981BA30A1E77FFFFFFFF	invalid_price_value
0FC685F8C10B65E812AB9365C043641A	invalid_price_value
0FC7062F3E5763A13F3A17903F7B626E	invalid_price_value
0FC78ABF931A3E34C6A8C2E0FFFFFFFF	invalid_price_value
0FC8E024FAE3601032E3F5B7FBCB6172	invalid_price_value
0FCA9EF49ABC69BE355488139BD66897	invalid_gender_value
0FCB9BD657BC68AE134C8D3B569B69ED	invalid_price_value
0FCD5C8EC739EB5A48CC778AFFFFFFFF	invalid_gender_value
0FCE0B7F53C90834BA00BFFCFFFFFFFF	invalid_price_value
0FCF89CAE7F46325083D9ECCE69B623E	missing_fields
0FCFF94300756D7CE2DB7EC5FFFFFFFF	invalid_price_value
0FD0C68360F0684F3B4BD0B1619769E0	invalid_price_value
0FD0C8679D8868700471DE979CAD6994	invalid_gender_value
0FD2BF7A794B657725367FCEFFFFFFFF	invalid_price_value
0FD6664E2177654D2E58714020C66427	invalid_gender_value
0FD74C92764C62A41CE65A647710639E	invalid_gender_value
0FD9C83DD361676F3F2ADB52D29466FC	invalid_price_value
0FDA884C6E1B98EBCE8F4047FFFFFFFF	invalid_price_value
0FDAB7E2CCF96C570506A242CD086DCF	invalid_price_value
0FDC221369FF6B03047C34CA68E06AB2	invalid_gender_value
0FDC2D00847E89A0E11E9E6AFFFFFFFF	invalid_gender_value
0FDC4BAFFC466E180D7058D2F84660E5	invalid_price_value
0FE026E8A8958E15A1D8CF4EFFFFFFFF	invalid_price_value
0FE1C3A04CDB6F282581D4A14D576E69	invalid_price_value
0FE29FAFD591627606C48906D4746324	invalid_gender_value
0FE2B16D72C56B6F134BA78773A76A26	invalid_price_value
0FE463B67596273B2243BF25FFFFFFFF	invalid_price_value
0FE5F1FCD38C608B1BFAE703D23661A4	missing_fields
0FE83B543EB869200C582A303F7F68D6	invalid_price_value
0FE94041F26F6F8003114B2BF66F6CC9	invalid_gender_value
0FEBE8E9BC54A05B038AECCBFFFFFFFF	invalid_price_value
0FEC4832481C663723655E7449B16701	invalid_price_value
0FEE88A422D4809FE9ABF1E6FFFFFFFF	invalid_price_value
0FEE9ED520A9647F14A28826219465B4	missing_fields
0FF0905F8F0AE97D6C3AC787FFFFFFFF	invalid_price_value
0FF1BF33935A8590D1161FE1FFFFFFFF	invalid_price_value
0FF29A7411236DEE191D8C8310F76C68	invalid_price_value
0FF2CD50E4D490574ABBDE6EFFFFFFFF	invalid_price_value
0FF33D4A021D62701F832BB8038F63E6	invalid_price_value
0FF58FB21D3BDD170095164EFFFFFFFF	invalid_price_value
0FF6EC4F4A76CB5504DC48F9FFFFFFFF	invalid_gender_value
0FF88DE0687167D311929B16698566C2	invalid_price_value
0FFEE492362E77938612E51CFFFFFFFF	invalid_price_value
100121E83E6088DD54B0387AFFFFFFFF	invalid_price_value
1001305A0DF267B2106C25FE0CA46683	invalid_price_value
10030147AF8F69F73B161645AEB26866	invalid_gender_value
1003598D90AD6DCA1F494E8991CA6C80	invalid_price_value
1004BFA88F9963E10D55AA758E4B62FA	missing_fields
100A796F949569F6361C6D1E9505682B	invalid_price_value
100C81CD093D69264ED5C1C6FFFFFFFF	invalid_price_value
100DB0898974A0E79CD2835CFFFFFFFF	invalid_gender_value
100DB3AC768C616D1578A55C771E600D	invalid_price_value
100F54354BA071BA6234EF81FFFFFFFF	invalid_price_value
10103AE81ACE6E881C632C231BD26F16	invalid_price_value
1010EBE743BCF4AA174B82B0FFFFFFFF	invalid_price_value
1012D5F556DA6D0420AEC676575E6C91	invalid_price_value
1015D5B0F9926DD1C80AA8A0FFFFFFFF	invalid_price_value
1015FED041F66B4715DFEBFF40186A98	invalid_price_value
1017452C5AF26BFD1CEE510A5B906A12	invalid_price_value
10174BCABB8CD85430498D69FFFFFFFF	invalid_price_value
1017AE28D0DC6A411EEDBB07D18B6BB8	invalid_price_value
10181DD794AA692E2F760E3395E968F4	invalid_price_value
101A6C28E39767912F9F7AD2E222662A	invalid_price_value
101C200F1B497FFF23623076FFFFFFFF	invalid_price_value
101E4FACCCAE6E0A29A05B75CDF86F5D	invalid_price_value
10204806D0DB6AA331DF5F01D12B6BC5	invalid_price_value
1021C48E04CB64C0039ED226051D651E	invalid_price_value
102284B469FA6DDC1DC7926E689D6CBD	invalid_price_value
1022EB6BAB5F6BCF077AFF10AF5F6513	invalid_price_value
1024203940016DF335DB373C41E56CA7	invalid_price_value
102442A6BF316F3F35AB4CC1BE996EB2	invalid_price_value
10264512B49E63C420D353FCB57562D8	invalid_price_value
102691F711751CEFF82B056FFFFFFFFF	invalid_price_value
1028419FB4ED6D773FF3569BB5B96C6F	invalid_gender_value
102852A4C7DE6F282DFF47FFC6646E82	invalid_price_value
1028C99061FFF609BC6607EEFFFFFFFF	invalid_price_value
1029A34975B4719C2854DEEDFFFFFFFF	invalid_gender_value
102A1122C9EAB58085936CAAFFFFFFFF	invalid_price_value
102AB7166A7B0FB974649F60FFFFFFFF	invalid_price_value
102AF4B76F51617439B3E2416E2460CB	missing_fields
102CCD8314FD6457214ADBC5155065AD	invalid_price_value
102E18381458616400690ED4150E6014	invalid_price_value
102E57342CA81C95F7EE1F4AFFFFFFFF	invalid_price_value
102EC62688FA60AC0537D0D889366164	invalid_price_value
102F1588B60D6AE530F90305B7DC6BBF	invalid_price_value
102F978D66569F71129757B3FFFFFFFF	invalid_price_value
102FA022FE1A632D3A48B6DFFF6C62E8	invalid_price_value
103098022CF860B90D4E8E832D766160	invalid_price_value
1030A717AB7B61B318D1B1E6AAFF601D	invalid_price_value
1030F2C56947623F212BE43468856360	invalid_price_value
1032000460A91014B8E9A947FFFFFFFF	invalid_price_value
103247DC57D8674138E1513656156647	invalid_price_value
103274D1FB326565235963DFFA5D64D7	invalid_price_value
10334ECFD35E675808135825D27766EB	invalid_price_value
1034389A33B6615138EE2AA832C86026	invalid_price_value
1034E2F50CB30EB79C8A98E1FFFFFFFF	invalid_price_value
1035804E9FC7C4BD8A2F8FFBFFFFFFFF	invalid_price_value
1036261629F0689F01E230F428966978	invalid_price_value
1036604ED0CB6EAC09ED76B0D1476F93	invalid_price_value
1037A61AA807F6E5103218BCFFFFFFFF	invalid_price_value
10395F2C533CB2AC6F8992B7FFFFFFFF	invalid_price_value
1039BB5B30C3CC29C23A7C18FFFFFFFF	invalid_price_value
103BF085B6E56DCD33C7E786B78A6CF2	missing_fields
103D1AB5B8C1C65376FC687FFFFFFFFF	invalid_price_value
103D93E8F70C535CDDBE0D69FFFFFFFF	invalid_price_value
103DEB92E6D7015678DAE07BFFFFFFFF	invalid_price_value
103E5775A466659A26AC42F8A5626409	invalid_price_value
10404DC4A61665F005EB5B2EA7296483	invalid_price_value
1040DFD771E56BE12A3CC92070C86A7B	invalid_price_value
1043AEB7C6EA6A563A64B851C7056B30	invalid_price_value
10445AEA0F6D632C05114F7A0E086235	invalid_price_value
1046BA742F6666D91D8BA99E2E30675E	invalid_price_value
1046F8BFF1E46874094BEE20F0A069AB	invalid_price_value
10482A4837F965CC08AD3F3D36BA643B	invalid_price_value
1048D1FFF6CE6F1A0B80C70FF7A96EDD	invalid_gender_value
10497B9B7D7BA7E9D374AD32FFFFFFFF	invalid_gender_value
1049FDD4C80F6385147AEBFFC9EB62C2	invalid_price_value
104A33EC4666698505292530474F682D	invalid_price_value
104A983268B026056374EBDCFFFFFFFF	invalid_price_value
104BFC70D8EEA5D37A767048FFFFFFFF	invalid_price_value
104C74A64FE665C30A1662574E2D64D8	invalid_price_value
10507C586C39643818846EB76DB665DB	invalid_price_value
10517B6875756F313CF26D93741A6E2E	invalid_price_value
10527086522466743F2C66E2532E67AF	invalid_price_value
10530AAA598460D7377F1C5A586A61A3	invalid_price_value
105698504DB0E8575A0871CCFFFFFFFF	invalid_price_value
105746636FE262533EB951656E366376	invalid_price_value
105860DFB0716BFD520FEF0DFFFFFFFF	invalid_gender_value
105979B8C643ADF588464AE4FFFFFFFF	invalid_price_value
105C2DCCA2326E6524E9391EA3366F84	invalid_price_value
105C3367035669E40E3C246202DD6837	invalid_price_value
105C44CA0BBD6AE001E752330AFE6B4C	invalid_price_value
105D74CA539E6F2329816128579E616F	invalid_price_value
10634A6795B36F5220DD5D6C94786E58	invalid_gender_value
1064AC1742B864D50E6DA70EFFFFFFFF	invalid_gender_value
10675658A375680907054354A25C697A	invalid_price_value
10685568217560CC1AE4430B208B61CA	invalid_price_value
106857A3AC026D5D03BA415BAD7D6C03	invalid_price_value
1068A83A27CD4CF4E8B41419FFFFFFFF	invalid_price_value
106BBA74ADB36A923B42AC43ACBE6B27	invalid_price_value
106C37EF9078F361F8178750FFFFFFFF	invalid_price_value
106E18BDC8EC61F31FEC0A20C94460B6	invalid_price_value
106F2D04006D68CC2360388D019569E7	invalid_price_value
106FAED7029C65EF38EFB830034A649C	invalid_price_value
1071C46CC1406A120D2FD281C09D6B99	invalid_price_value
107262041CEAFB2739C1EBC8FFFFFFFF	invalid_price_value
1072F24D93EE60D70A05E425927661F5	invalid_price_value
10736B414F14614818447DBF4B1463DC	invalid_gender_value
10741C29153568DC19C80AC414886902	invalid_price_value
107522AF110FB7611E16FC58FFFFFFFF	invalid_price_value
1076EFF16E55CD1E55CAB05BFFFFFFFF	invalid_price_value
1077363151A8667408C820DC506A672B	invalid_price_value
107863DE8D2A6B10249574DC8C386A59	missing_fields
107A9358C71621689206C179FFFFFFFF	invalid_price_value
107ACD425D8F6E8D03A8D9A15C1D6F7D	invalid_price_value
107C704EB938433B7D1341BAFFFFFFFF	invalid_price_value
107E51889940650B19EE424198D364B1	invalid_price_value
107E890479FE6C2C20259FFC78166D81	missing_fields
108176FA8D2B68A2382C60298C7B6971	invalid_gender_value
1082100B25C06B9D0D3D066224846AA6	missing_fields
108241F5D84E64D33C6E5706D96B65BE	invalid_price_value
1082501E154A690236A146F314C168A1	invalid_price_value
108255A77A1867F1377243387BA366F0	invalid_price_value
1083F78A4D164CCFC23D01FAFFFFFFFF	invalid_price_value
1085E28A9DBFEBE3EC9D0051FFFFFFFF	invalid_gender_value
1086A3A4233B654823E1B0402281647D	invalid_price_value
108755DA3F25621E069243273E116300	invalid_price_value
108764A6609E837376B8023BFFFFFFFF	invalid_gender_value
1088BC9E4585671E19EBAA6244A866F0	invalid_price_value
1088F18F971A6ACC140CE71B96256BBE	invalid_price_value
1089E9E997A26E6B39D2FEE896EB6F0F	invalid_price_value
108A025ED5AA61782B281551D414606D	invalid_gender_value
108D7987328856356DEAB956FFFFFFFF	invalid_price_value
108DC1CD99426BED370AD54A98C56ADD	invalid_price_value
108EAD3C6CDD63971BB9BBDB6DA86217	invalid_price_value
10911D6C4BBB47342B415264FFFFFFFF	invalid_price_value
1096DE4FB0454210F2B51242FFFFFFFF	invalid_price_value
109763D4C18A6F5F325F7520C0276EC5	invalid_price_value
1097657286A6660C2D2F7384875E671B	invalid_gender_value
10984337C397659927B150EEC20464C2	invalid_price_value
1098B3DA79ED6A51306CA608788F6BE4	invalid_price_value
109A7825DC9F6C5B1E676C41DDFD6D2B	invalid_price_value
109C1EB6727066AD3100084E738F67EC	missing_fields
10A21456A57A68630C1102AEA402693E	invalid_price_value
10A34CF3425D7C633F56E290FFFFFFFF	invalid_price_value
10A355F15C3261A42C5446345D4360AE	invalid_price_value
10A498A64B51659820E28E4E4A2F64E7	invalid_price_value
10A4D767BA796E5B0C15C06EBB4A6F4B	invalid_price_value
10AA02CDDC0E62EC2CA014E0DD616357	invalid_price_value
10AE0A075C9740F8A5556213FFFFFFFF	invalid_price_value
10AE139D525E823B2D1C198FFFFFFFFF	invalid_price_value
10B0AB8BD6D1604612BBBDB8D7796105	invalid_price_value
10B1BA19811B2DDA064F0B41FFFFFFFF	invalid_price_value
10B2379D82B850D5C415FC77FFFFFFFF	missing_fields
10B2732BB8906988075E66D6B90968C1	invalid_price_value
10B2C06D51A165BD10B8D69D50B66491	invalid_price_value
10B3D47D8B7266693829C2D98A9C6725	invalid_price_value
10B4994A3A2161DD2C1F89873BF46006	invalid_price_value
10B4FBE4EB946F8C0908ED1AEA016E11	missing_fields
10B8B3776E826BF41415A2136F2A6AE5	invalid_price_value
10B8C732F5D265E32C5FD1C2F41D6429	missing_fields
10B8F8202C7061690E49EEAD2D59604A	invalid_price_value
10B9A64B0ADA64880068B0B70BCA6507	invalid_price_value
10BA5C4E716E69042F354B4E7086688B	invalid_price_value
10BA7B4E055E690228276D9F04B96804	invalid_price_value
10BBF474390A6C44027CE104380B6DC3	invalid_price_value
10BC35146F2866ED2B2A20206E80672E	invalid_price_value
10BE874BCA0D04BD24DC7208FFFFFFFF	invalid_price_value
10C47DDAC49666CB35ED6B36C51D6758	invalid_price_value
10C560B8BD44681C07D577BCBCC26920	invalid_price_value
10C5665B5D28A555356A1368FFFFFFFF	invalid_price_value
10C5BB9DECFC16D84944E4ABFFFFFFFF	invalid_price_value
10C6DED52F2064E71C60C8ED2E5B6547	invalid_price_value
10C6F82A085161501CF3EEC609D2609A	invalid_price_value
10C7E5BDEE6094A56C2A4C11FFFFFFFF	invalid_price_value
10C93C0EA77C6A992B75291FA6166B4B	invalid_price_value
10C93D5C95346CA725AC2E3694186D34	invalid_price_value
10CAAB657298A5E6B1D7B348FFFFFFFF	invalid_price_value
10CAD5C7847F6B8838A7C37285B46A11	invalid_price_value
10CBEB1E400564EA01E2FD8741A465E9	invalid_price_value
10CDB58D667AF0AF40E6E82BFFFFFFFF	invalid_price_value
10CDCE0FBA406E7C22F5D8E9BB576F61	invalid_price_value
10CEBDF8ED8F993B1A9C6BAFFFFFFFFF	invalid_price_value
10D07E427A326DF12BE96BF37B9C6C65	invalid_price_value
10D0CACE09896A71354ADDC608906BAF	missing_fields
10D131E457CB69632444277F5645688D	invalid_price_value
10D17313F529DBC8944BE325FFFFFFFF	invalid_price_value
10D4BDCB3CD46F15387BA9773DAF6E31	invalid_price_value
10D551B48DC1664F07D447598CD6676E	invalid_price_value
10D572498C31E7A4334AA178FFFFFFFF	invalid_price_value
10D7DF0A9F5CF087E41A7DE6FFFFFFFF	invalid_price_value
10D8C5F09F37675516CED17F9EBB6629	invalid_price_value
10D9DE2E0B0D6B6537AFCAAC0AA56ADF	invalid_price_value
10DEA266874330163F440C4FFFFFFFFF	invalid_price_value
10E0B2A9ED4B61FA096BA44FEC506061	invalid_price_value
10E2F0D747F2C0A86E18EC4CFFFFFFFF	invalid_gender_value
10E362A5C1E96497364E7459C09F656B	invalid_price_value
10E440592C3012C21EA348B6FFFFFFFF	invalid_price_value
10E4C89CA7A168B6180CDDE9A6E269CB	invalid_price_value
10E4EC8C5FE96E2806A5FFB25E6D6F50	invalid_price_value
10E585856D412FF700F2DA4FFFFFFFFF	invalid_price_value
10E5B413C06A9AD500459AACFFFFFFFF	invalid_gender_value
10E5C8A6B2ED62F5083DDCBBB3EA6376	invalid_price_value
10E7B7FCA7A66EDF1EF4A417A68B6F4D	invalid_price_value
10E88A85916D6474039A9F24909D657E	invalid_price_value
10E8FB2D1510AB49CC9FA538FFFFFFFF	invalid_price_value
10E93328ADD168A12847242AAC076913	invalid_price_value
10E97DFFC409C9AD3AC57922FFFFFFFF	invalid_price_value
10EA105D7083605D32AA069671406142	invalid_price_value
10ECDA7347AC6AFA35B0CAC446806BEC	invalid_gender_value
10EE4D277A8F86B18D8989A0FFFFFFFF	invalid_price_value
10EF71609322C65548A0BC2EFFFFFFFF	invalid_price_value
10EFCCBF981F65EC0343D90C9974646A	invalid_gender_value
10F0AA93036767CF233CBCEC0256666B	invalid_price_value
10F34039F3B468010DD156CBF2A369ED	invalid_price_value
10F48BEFA1A56ACC10729906A0A46BB2	invalid_price_value
10F49103205B8A22EB7B5EB2FFFFFFFF	invalid_price_value
10F588B2C87F628411549E40C9A66375	invalid_price_value
10F5ED64366162CE29CCFB92373E6332	invalid_price_value
10F6035AEACB410F07DB20FAFFFFFFFF	invalid_price_value
10F8DAA76ABA2B03B844C5E2FFFFFFFF	invalid_price_value
10FA194821EE6E5521370FBA20CB6F3F	invalid_price_value
10FA22A591B968F6AD7CF411FFFFFFFF	invalid_price_value
10FB6400A43E64C7069C7256A5F665E8	invalid_price_value
10FF446B5DBD62D6053052855CC263AF	invalid_price_value
1101B0D2892924B5DE4BAAAEFFFFFFFF	invalid_price_value
1106F7C3364A63D12A83E16B374062DE	invalid_price_value
1107D5F5CC4C601A16DFC31ECD1B61B7	invalid_price_value
1107E5C8032F63ED1356F3C202BD62A3	invalid_price_value
1108978DF31EF0BEB2BBA1ABFFFFFFFF	invalid_price_value
1109756994076A3F3D24639C952A6BF0	invalid_price_value
1109D6192EB967932CE1C0D22F3E66EA	invalid_price_value
110C24CFCA166BE1033E33CACB2C6A39	missing_fields
110D2820D9056E3F3F6A3D4CD82C6F0D	invalid_price_value
110D6CF50C646125381179FE0D86609B	invalid_price_value
110DABAB8C736B45250BBEC68DFD6A2A	invalid_price_value
110ED84F02E5AF3F826628EBFFFFFFFF	invalid_price_value
111078DA3A936F0437976E323B1D6EEA	invalid_price_value
111141393199678E33C757D730F76649	invalid_price_value
11120DD4B49061E63EBB1E59B5D360AA	bad_type_priceSensitivity
111249688EDD683D29C35F978FC86924	invalid_price_value
11135A79ABD46E7417B74F2CAA6D6F53	invalid_price_value
11145910B9116EA214D04F56B87E6F5C	invalid_price_value
11148200BC5FA1E37E78774CFFFFFFFF	invalid_price_value
1116A980B0E765FF3B5ABE8BB1426475	missing_fields
1117365294B367DF2B7C237C95D26657	invalid_price_value
11176EE0A91B6E362F4BA152FFFFFFFF	invalid_price_value
1118D211E2FF6BF63280C4E2E3AB6A9E	invalid_price_value
111950A848496FA63A10455A493C6EDC	invalid_gender_value
11197EF9984C05891B94FBA9FFFFFFFF	invalid_price_value
111BDAB84E61DF9D8022BB07FFFFFFFF	invalid_price_value
111DCA3B6025E3D076667011FFFFFFFF	invalid_price_value
1120D0F8091E666B188FF6EFFFFFFFFF	invalid_price_value
11221E3365762F11B40DA812FFFFFFFF	invalid_price_value
112244169149926E208F8E18FFFFFFFF	invalid_price_value
1123A6BED78056AD4C2F1A2DFFFFFFFF	invalid_price_value
1124690BF29EF1816C812C83FFFFFFFF	invalid_price_value
1124DBAC0853E99B0C96712AFFFFFFFF	invalid_price_value
11253F65AA0FF1DDB296DBA3FFFFFFFF	invalid_price_value
1126B2E0728D6B2B2BFEA41173116A3E	invalid_gender_value
11291894D2E46A280DCB0E7ED3836BBD	invalid_price_value
112AD720A91D6ED723F4C117A8386F16	invalid_price_value
112B4F54D13772DC169C4795FFFFFFFF	invalid_price_value
112C43F542AB7C2D0DC20A3DFFFFFFFF	invalid_price_value
112D9A7E84BB94A7779189FEFFFFFFFF	invalid_price_value
112E0C1055F8DCE356E3BA88FFFFFFFF	invalid_price_value
112EC67F98CC6D7B2B67D4F399B36C09	invalid_price_value
112F5A40165F63342E574FA517456287	invalid_price_value
1130C48794F83C208E65ED48FFFFFFFF	invalid_price_value
1132A77F4DEF664709F8B1924C6967F8	invalid_price_value
1133C279F8AB5DFF5EBC44AAFFFFFFFF	invalid_price_value
1133EC28B65AC1C24BBDAB83FFFFFFFF	invalid_price_value
113670A812DB6567050167A413736457	invalid_gender_value
113AD7B909D98E0492ED03CCFFFFFFFF	invalid_price_value
113C5945ECBF6C0F11494FB5ED636D65	invalid_price_value
113D785E507168420E776D4A51DC6992	invalid_price_value
113E23360BEAB4C310EE2E27FFFFFFFF	invalid_price_value
11400E46AEF7D2CEA44F93EDFFFFFFFF	invalid_price_value
11410D256BE766983A396499FFFFFFFF	invalid_price_value
11415AE07C126C8C19204DE87DA36DC1	invalid_gender_value
1141FDAE6B2265EA29DBEB586A3B6438	invalid_price_value
1142071589216AE4248F11F688C06BA1	invalid_price_value
11424050991B69BF3CE85459981C6803	invalid_price_value
1142DA9A43316190195DCD9342F060A6	missing_fields
1144FF164AA99391A9823455FFFFFFFF	invalid_gender_value
11484BD3A126626015D55D8CA0AF63C1	invalid_price_value
1149E694DC7CF068A4C7D08DFFFFFFFF	invalid_price_value
114BAA2BC33164941F3FB9D6C2C06536	invalid_price_value
114BD92E6598653EBA7EAE85FFFFFFFF	invalid_price_value
114BF9C1C13F6C3C2C2FEF88C0556D16	invalid_price_value
114C6D9235FFD49BD7041D54FFFFFFFF	invalid_price_value
114D66436435EBC54F57F93AFFFFFFFF	invalid_price_value
114D68F42FF961F014197E082E9C60F5	invalid_price_value
114DACDB735E6A9A07E3BA2F775E6814	invalid_price_value
114E70B479D06ADE285067B678536BD7	invalid_gender_value
1150799028CE422140FD9C02FFFFFFFF	invalid_price_value
1153699F349A617D2E9C7E9D35FD60D5	invalid_price_value
1153851F23816D1803C893D422AA6CF4	invalid_price_value
115523754D1561D525DA35054CE16000	invalid_price_value
115D420A1DF927E47D830E13FFFFFFFF	invalid_price_value
115F64E66A7129F3F1F1463EFFFFFFFF	invalid_price_value
1161679658AA56603EF74ABBFFFFFFFF	invalid_price_value
11619C05E7F8B00CBED9518AFFFFFFFF	invalid_price_value
1161F9984FC667F41FFDEF524E076634	invalid_price_value
11621FDA5BE5C9731B28AC29FFFFFFFF	invalid_price_value
1163BD4A140EA82CD7673F13FFFFFFFF	invalid_price_value
11645B360A4562C13C254DD90B3B63AA	invalid_price_value
1164795662B8B69FF6CF6C38FFFFFFFF	invalid_price_value
1165788DABCF62160B526EFBAA5663F3	invalid_price_value
1165C563DBC4B5F065D41830FFFFFFFF	invalid_price_value
1166561A39A03173FDEFD3A3FFFFFFFF	invalid_price_value
116739A2269E62DC1F392F522793630A	invalid_price_value
11673AF0F09E67FA18C72F07F1FF6653	invalid_price_value
1168561E6A66F6B015CE2489FFFFFFFF	invalid_price_value
116896666FCF661834E4802F6ED86742	invalid_price_value
116906A9D5029DEE2FEF720EFFFFFFFF	invalid_price_value
1169DA14D2D27CC7D93E1898FFFFFFFF	invalid_price_value
116AB116410D6F641388A22A40CB6E3A	invalid_price_value
116B404C6006CC5DC2F39675FFFFFFFF	invalid_price_value
116B59B74E086F872C8F4A414F476ED4	invalid_gender_value
116B5F6D8BFE60AA260549AD8A5461A8	invalid_price_value
116DB3AFBBAA63BD1D76A552BA446232	invalid_price_value
1171E636E06599334D109698FFFFFFFF	invalid_gender_value
117363D6E2F972D4351B3790FFFFFFFF	invalid_price_value
11750FECDE37656A03B01AA6DA376BC7	invalid_price_value
1175C028F0B31EF4CB9CF8C6FFFFFFFF	invalid_price_value
1175D315FF70C2E16DAAFB8FFFFFFFFF	invalid_price_value
1178232CDDD76F531CF4355ADCBC6EB3	invalid_price_value
1179255F1B2167323943325F1AAF66DE	invalid_price_value
117A5E84B7B2C1581887FD28FFFFFFFF	invalid_price_value
117AC005628968400395D6EF63B26961	invalid_price_value
117CB594E3F56DC520EDA672E28B6CDE	invalid_price_value
117D424FAA247F025B0A8E7CFFFFFFFF	invalid_price_value
117E58296F21304E91EFE335FFFFFFFF	invalid_price_value
117F3EB22881659638133250295164EF	invalid_price_value
117F5A97F7F5347ED99EF590FFFFFFFF	invalid_price_value
118061536B7E651D248E77166A79644A	invalid_price_value
1180DD8B4DCE6E781B34CB784CD76FA4	invalid_price_value
1182AE7AD823E2574A13D0E7FFFFFFFF	invalid_gender_value
11839F50CA176F3135D58857CB0D6E89	invalid_price_value
11879F0E754D6AF80F2289FF74BC6BDE	missing_fields
1187A5FD093C6678075EB0E8082E67F2	invalid_price_value
1187E05D7A5CD7153F4EA1A5FFFFFFFF	invalid_price_value
11880A1101A72D76F2174DB1FFFFFFFF	invalid_price_value
1188D2FABC0F635834BAC450BDF862A3	invalid_price_value
1189317FA02169FE28ED2791A1F36819	invalid_price_value
1189CB8B9EA9BBDE62A7B782FFFFFFFF	invalid_price_value
118B642DA3E36B41276D72ACA2EB6A5D	invalid_price_value
118BA278A60661DA3DD3B480A786606B	invalid_price_value
118C120E1ECAABEBAA3AC86CFFFFFFFF	invalid_price_value
118C5834AF73658C17504E06AE066451	invalid_price_value
118C6C2FB8906A9802547ACEB9C66B24	invalid_price_value
1191D9F0A7DF61C2029FCF09A61D60CA	invalid_price_value
119325057A7EDA4CDCFB8B45FFFFFFFF	invalid_gender_value
119482DEA355B5DBE0342063FFFFFFFF	invalid_price_value
11956C9518E969E234C37A7219BB685D	invalid_price_value
1195751DE7FC67E73052602BE60D6668	invalid_price_value
1195764C62BA666D0AB162DF633667A6	invalid_price_value
1195C494154F61FD3968D39014E26052	missing_fields
1196A99835FB68022CEEBF6E34396905	invalid_price_value
11971BEFB434690C033E0D19B5C168C1	invalid_price_value
1198ED1E79FE230DF2D1115AFFFFFFFF	invalid_price_value
11996B6DAC3A6A41332E7D99ADF86BFB	invalid_price_value
119B6ACA39F4D729F3A506AAFFFFFFFF	invalid_price_value
119C69A34884603208387C1A49236179	invalid_price_value
119C823414E23097BDCEFB84FFFFFFFF	invalid_price_value
119F51AFDFF168ED0816474CDE6369E9	invalid_price_value
119FE40E08766EAB4457C8CCFFFFFFFF	invalid_price_value
119FF55712E46DDB3B66E0C7136A6C49	missing_fields
11A02C1C92F56FF4094E393A93F66EDD	missing_fields
11A12E9F7B3CF20822974078FFFFFFFF	invalid_gender_value
11A2A8AA119B68B630BEBE56106969A4	invalid_price_value
11A307CA5BDE6BFD221311255A2E6AFD	invalid_price_value
11A34408F3B0CE0EBC656CD5FFFFFFFF	invalid_price_value
11A43D0FB9E76927339E2B6CB83468FC	invalid_price_value
11A4BB1186FA650A2F01AD94878E646E	missing_fields
11A4E7714B79602835D8F2A24AD761B9	missing_fields
11A68D1D9971132A18326A3FFFFFFFFF	invalid_price_value
11A68E46A9C2B84DE8A54C6DFFFFFFFF	invalid_price_value
11A7E674867F6B071F31F693871D6A8F	invalid_price_value
11A7EEF89F966BFD2CF6FC9B9E126A39	invalid_price_value
11A8CA0DF254696233DCDCF0F3F26890	missing_fields
11AA18C4BEA690DAB3A41E71FFFFFFFF	invalid_price_value
11AA5C92F14567B322434A7DF00666EC	invalid_price_value
11AAA6A009DB6A922140B44408896BD7	invalid_price_value
11ABC70382CE2B5E3BE9385AFFFFFFFF	invalid_price_value
11ABEB8301CE67B81E71FD72000C6674	invalid_price_value
11AC7CF6524764D608F76ACF53806558	missing_fields
11ACAC7FFF38655A275ABA31FEB464A6	invalid_price_value
11AD548E8597656B3CA642CF848F645E	invalid_price_value
11AE132B004AC6A707F1244CFFFFFFFF	invalid_price_value
11AEAE7C1F381B4E7FA6D43CFFFFFFFF	invalid_price_value
11AF0EDB1C3C6E713ABC18371D046F2B	invalid_price_value
11AFBCCA8F3E3958BDE26BF2FFFFFFFF	invalid_gender_value
11AFC8BE0865125544AEE7C4FFFFFFFF	invalid_price_value
11B05EAFAAD3917224C30564FFFFFFFF	invalid_price_value
11B29B3A986D2A3BD140279AFFFFFFFF	invalid_price_value
11B41E49D657E332BEC2014DFFFFFFFF	invalid_price_value
11B5EE731CBA60EC067BFF591D0D61CE	invalid_price_value
11B6640B7391A674C813E9CCFFFFFFFF	invalid_price_value
11B6BE7E792607B90984EABCFFFFFFFF	invalid_price_value
11B6D7F310E2643526DDC24F11616521	invalid_price_value
11B7252AFD693584CCBCD786FFFFFFFF	invalid_price_value
11B942345E1D64CC070E54A55F346546	invalid_price_value
11BB31D4EF4462693E3C25A3EED063CF	invalid_price_value
11BF1AAFAE5465950F7108C7AFAA646E	invalid_price_value
11BF83CD4F7967D4103F95B44E0C667E	invalid_price_value
11BF917A330D69E1214787843231683E	missing_fields
11C0BB85635163A108D5AC8262A162A6	invalid_price_value
11C1EC59925AAD1975C6DAF0FFFFFFFF	invalid_price_value
11C224451E9F3E6340A1B96DFFFFFFFF	invalid_price_value
11C37285B0DD3577635BCF22FFFFFFFF	invalid_price_value
11C5CCC4CB0E6BF03B9BD90BCA7F6A89	invalid_price_value
11C99B0E4C415EE989E687D0FFFFFFFF	invalid_price_value
11C9B131FD7C6DE83F45A767FC136CC9	invalid_price_value
11CA79A3E470BD60C7554A77FFFFFFFF	invalid_price_value
11CC5ACECBD6B931D99389EFFFFFFFFF	invalid_price_value
11CDEE33B01F6E7A3B54F8F3B1086F12	invalid_price_value
11CF8216EA1FA37D85DD6E5BFFFFFFFF	invalid_price_value
11CF9DB063A7946F6DA2B3DAFFFFFFFF	invalid_price_value
11D0A61091348898FD8D13AAFFFFFFFF	invalid_price_value
11D0CF0E3E27559E00D0200EFFFFFFFF	invalid_price_value
11D16A7142142838226C3B59FFFFFFFF	invalid_price_value
11D1F89075A09FBF763F6126FFFFFFFF	invalid_gender_value
11D3B84FEC0AF9796CA1260FFFFFFFFF	invalid_price_value
11D505EB041467A20DB81783059A6628	invalid_price_value
11D5C1BAA9576BC012DFD6B4A8C46A93	invalid_price_value
11D5D3EBA0DD6F8E065CC511A1F86E7B	invalid_price_value
11D854ED60F91583576C6DFCFFFFFFFF	invalid_price_value
11D9C657CD0F69CB215AD154CC7568AB	invalid_price_value
11DB17514CC86D032F8D01A94DD06C97	invalid_price_value
11DB2B8668D8241836E7B658FFFFFFFF	invalid_price_value
11DB79B21CFD48DF01D89DA5FFFFFFFF	invalid_gender_value
11DC69600EB2679430A87E660F6D6690	invalid_price_value
11E13024A991689B128426B0A8E06993	invalid_price_value
11E1D0303E1161452E98C4F43F2C60F3	invalid_price_value
11E3E423E1E13E1389E9B2AEFFFFFFFF	invalid_price_value
11E5266C9A8864DA2B9F32EA9B5E65D4	invalid_gender_value
11E55706423E6CF83FE241F843CE6D8A	invalid_price_value
11E59ED00DC56EE83FF68B770CB06FE8	invalid_gender_value
11E62268DC661821F52D045BFFFFFFFF	invalid_price_value
11E65AB95151625A222C4C9D5087632D	invalid_price_value
11EA3E5A61D8669E117A28AC605B676F	invalid_price_value
11EB6BDC621E69C006F17D2063616870	invalid_price_value
11EBA21E901960F5042BB4E5918C61C2	invalid_price_value
11EC247F4BB96727336B32E34A14661B	invalid_price_value
11ECBB19699B1A849E4E3D1EFFFFFFFF	invalid_price_value
11ED7C914CC064E809C86A794D6865A0	invalid_price_value
11EE734E224BFB552C9A7BCAFFFFFFFF	invalid_price_value
11F040817255646C38FE551C732065D5	invalid_gender_value
11F09E6676DC681129B48ADB77F96955	invalid_price_value
11F1117C4DD17F31E30560DFFFFFFFFF	invalid_price_value
11F1B160E90E621106E3A665E8FF63A4	invalid_gender_value
11F37DFB9CA9DEDA2C6EF99FFFFFFFFF	invalid_price_value
11F439772E82659F37F32CB02FD46455	invalid_gender_value
11F4B8317621CA5DFB186800FFFFFFFF	invalid_price_value
11F76C25D2FB6E7E2B607A9CD32E6FB7	invalid_price_value
11F7D0210C53CA88F6CE0811FFFFFFFF	invalid_price_value
11F90A228AC76E811B881CA48B186FEF	invalid_price_value
11F98B8D07A06DA124679D75060D6CC6	invalid_price_value
11FC22E8159067B01928340E14F466A1	invalid_price_value
11FC37E988F4544EAC01173CFFFFFFFF	invalid_price_value
11FD3256FD076F193F6F241BFC726EA5	invalid_price_value
11FD79E3C14379D202EDFE38FFFFFFFF	invalid_price_value
11FF0DF8EAAF660B34501B3FEBBC67EE	invalid_price_value
1205F6FEDFDF6A9E2E9AE1FBDE476BFC	invalid_price_value
12071AC41D91640C366A0C661C1D65E0	invalid_price_value
1208550C34396F4934C743D335E66E22	invalid_price_value
1209B375D37B630F27FAA582D2AF6201	invalid_price_value
120A41AE40B774F726085DB8FFFFFFFF	invalid_price_value
120B847BA0386D0B1ED4928EA1786CAF	invalid_price_value
120C3988AB316EEA37062FE3AAA66FB6	invalid_price_value
120EB586B038667F17B5A31CB1AC6751	invalid_price_value
1210F3414AD3BD0FF9DC5586FFFFFFFF	invalid_price_value
121291978980656B287082EF88B664EF	invalid_price_value
1213DA90CF1B624F1FA3CE4ACE36634B	invalid_price_value
12180EF4413B674F3F5B187940A76640	missing_fields
1219954ED2A463B601CF81A5D31A62F3	invalid_price_value
121ACB569C456B512E7BDDB09D0B6A82	invalid_price_value
121B5E47B214BC57AABA7180FFFFFFFF	missing_fields
121B8A4D81718F3C70AD44A5FFFFFFFF	invalid_price_value
121C10BC1E176E453204036A1F706F29	invalid_price_value
121D2A5160E43F7490989990FFFFFFFF	invalid_price_value
121E92381D4A69B61FD386941CEB680B	invalid_price_value
121EBC176C7A350B0D38FF3FFFFFFFFF	invalid_price_value
121F40946BBFA3ED2CDAD6B1FFFFFFFF	invalid_price_value
12219D452F81673B38A38BDF2E63669C	json_parse_error
1221EEFA2DFC6B1C3663F8DF2CDC6A92	invalid_price_value
122227B03A483B402329B683FFFFFFFF	invalid_price_value
122232ABDD686FFB10DB245EDCAA6E71	invalid_price_value
12242C06E01D5836B5E7868EFFFFFFFF	invalid_gender_value
122886AA37D7622319DD90F6368063EB	invalid_gender_value
1228EDBB857262B32D6DFB458473633A	invalid_price_value
122B8BE86E066B211F0E9D1C6F8A6A5B	invalid_price_value
122EF2B033426A282822E441326F6B4D	invalid_price_value
122F47D6A76B6D8E3ABA5135A6F26C32	invalid_price_value
122FC42144FBE1462EAC3D80FFFFFFFF	invalid_price_value
1230E99A91BC67342E68FF5F907966D7	invalid_price_value
1231EB6F6409401D2CE124BCFFFFFFFF	invalid_price_value
12323FCCEF16611002B42A76EEC06012	missing_fields
1235250D84E16ED72DB531E485C86FDD	invalid_price_value
1236509009026216120F479108C363A9	invalid_price_value
12366C887B1966622648786C7A346713	invalid_gender_value
123A155030E868FC3C8603863105690E	invalid_price_value
123D7D55E77DDC6CB16E0AAEFFFFFFFF	invalid_price_value
123F35762409675B000023852524662F	invalid_price_value
12405652D1AC6CF538EC5E06D0BB6DD6	invalid_price_value
124375F78B86CD160B8BE4ECFFFFFFFF	invalid_price_value
1244C36E0ECE61B22D30D0DA0FB060C2	invalid_price_value
124549CA18406D7F14A85F2C19ED6C33	invalid_gender_value
1245AEB0CD0369872315B85BCC91680C	invalid_price_value
1246A63E2DB168DF3236B0C62C41692E	invalid_price_value
1246D6D4096E65830C98C02508106467	missing_fields
12479FF60ADF68333EEF89030B5469ED	invalid_price_value
1247D1154697D2CDEDBC0B68FFFFFFFF	invalid_gender_value
124A5366BD956D54227646DCBCB86CC6	invalid_price_value
124B1C1E0DCE693523B309E20C1F6828	invalid_price_value
124BAD3FEED1533EE676E35FFFFFFFFF	invalid_price_value
124BB96B4A1A63C22C31AB0B4BCE62C8	invalid_price_value
124CF60935BC3A5E62A66258FFFFFFFF	invalid_price_value
124D78873F05DEF9D41CCC75FFFFFFFF	invalid_price_value
125008A9827463BE37511E1C839962B4	invalid_price_value
1251EFE7C32F60121F0FF90EC2356131	invalid_price_value
12531EEB285364F70C1109E329A96548	invalid_price_value
12533195E061664F09F8276AE11C6734	invalid_price_value
12538F033E3C67AB27C799F53F156628	invalid_price_value
12539178F9396A061B60876FF8586BDA	invalid_price_value
1253E8E92164D6D0B82CA6C4FFFFFFFF	invalid_price_value
12544F3939DA658933BA59D5388F64DE	invalid_price_value
12548303637A646F3D6695ED62396529	invalid_price_value
1256214AC1116D5C0B19364EC03A6C42	invalid_price_value
1256C5C1312A66BB37E9D32830A16761	invalid_price_value
1256D37E3D55B9E262FAC4ECFFFFFFFF	invalid_price_value
1256F3BADC51F83E531DE028FFFFFFFF	invalid_price_value
1257455403535EE1389AF243FFFFFFFF	invalid_price_value
1257AEDA5720616A3152B87E569660A7	invalid_gender_value
1258F943816979E1EA92AA06FFFFFFFF	invalid_price_value
1260E85DB5BF66741CFCFE5BB434672C	invalid_price_value
1261FAFD61F26BA90AF7EDF460E56A11	missing_fields
126483CD3BD26DE6019595393A976C9D	invalid_price_value
1266112CF07069E00DF707D9F19E68E9	missing_fields
12675F438A859D9CDF1AB7B3FFFFFFFF	invalid_price_value
12677A4EE64C6ADB29EF6F78E79A6B45	invalid_gender_value
126797268B836FC7321B86D08A576E34	invalid_price_value
126C03B12D589F39E30FC234FFFFFFFF	invalid_price_value
126E2D0D1CF76B9016C738C21DDB6A17	invalid_gender_value
126F87D820756AF519CB575BFFFFFFFF	invalid_price_value
1270269B5DE9FAB784B115F4FFFFFFFF	invalid_price_value
127038045B31FDF520C3E8F9FFFFFFFF	invalid_price_value
1273BF6CE7C3671500D2AE97E66B662A	invalid_price_value
1273EDBA70BE6C6E1D1CFB5271EB6D69	invalid_price_value
12748AB68E50681202FB9C4E8F4569F0	missing_fields
1274CCD5C20E66B42A8BDBD6C345671B	invalid_price_value
1277CB3382D0E072C5E94CA3FFFFFFFF	invalid_price_value
1277F64B039C80B6C21A803BFFFFFFFF	invalid_gender_value
1278B45CE6368391B12471E9FFFFFFFF	invalid_price_value
127AB6E0920DDC73B849E7D6FFFFFFFF	invalid_price_value
127BD1D7F5138E94EB84360AFFFFFFFF	invalid_price_value
127C45404AB0634C2BB653B54B5362E3	invalid_price_value
127CF818AB3763161F05EB33AA9C627C	invalid_price_value
127E35712D906E5B1B1924F72C446FC2	invalid_price_value
127FE9A809B066D81344FF580836673B	invalid_price_value
12808E1E93C82B8F4105DA3DFFFFFFFF	invalid_price_value
12821268B35AD58F6E9DB1F7FFFFFFFF	invalid_price_value
1283B66672B661BA0B18A16773CA6084	invalid_price_value
128517226C94638C034D01BB6DE86249	invalid_price_value
1285F99FB24F62A42BD8EE92B31163F4	invalid_price_value
128781E9B6545C7862879699FFFFFFFF	invalid_price_value
1287A44DEBB9673A08A7B2BFEAD766BB	invalid_price_value
1287CA78A866691830E5DF7BA929684F	invalid_price_value
12892BDE55DA6EF700243D2554B86F9B	invalid_price_value
1289F98EDB51628B3713F63ADADE63C5	invalid_price_value
128C649C0D1A6B90164172710C7E6A6A	invalid_price_value
128CBC8C0962C04B290D8EC2FFFFFFFF	invalid_price_value
128D818466AF61EE2D80977867906049	invalid_price_value
128E0FE5D7D368893DBF19D0D6B269B4	invalid_price_value
128EF0E1A1A46EB63E2BE5B3A0746F52	invalid_price_value
1290B9B5829463033C8CAF1F8364628B	invalid_gender_value
12915568F1D728F5EEBE4E37FFFFFFFF	invalid_price_value
1292530E09A46D3110CA45FA08E16CCA	invalid_price_value
12926796632461FE3E9B71C862426066	missing_fields
1295165DCD5861152141015FCC9260B4	invalid_price_value
1295BB6569903E38CCC4F066FFFFFFFF	invalid_price_value
1297BCAFD1B36B1625B0AA06D0726AEF	invalid_price_value
1299119B8D47672F1585077E8C5B66D2	invalid_price_value
1299F46155954E49406D6648FFFFFFFF	invalid_price_value
129AFC9BEB556C3735E5E92FEA376DCE	invalid_price_value
129C411951C16C4A09B457BE50F66D43	invalid_price_value
129D1A24D855648B33B80C24D94265F5	invalid_price_value
129D2882023C6FF30D353A2403966ED7	invalid_price_value
129E8A6A3EFB65482C9B9C5A3F3B649D	invalid_price_value
129FB89B28356299072CAE6C297663EF	invalid_gender_value
12A2016CC127B5AE466363F8FFFFFFFF	invalid_price_value
12A29D1F3108776A94A9840CFFFFFFFF	invalid_price_value
12A49724F9EA631C0F7181DBF81C62CE	missing_fields
12A64C61A31062A53CDF5836A2836363	invalid_price_value
12A6579FD43C635D0A0A4174D582625E	invalid_price_value
12A6B6E38DBC7195A3B79F12FFFFFFFF	invalid_price_value
12A70CA6097B19EB5F041114FFFFFFFF	invalid_price_value
12A8BDBB52A5610E24EFAAB8533C60C4	invalid_price_value
12A91110A7EF6840E5084927FFFFFFFF	invalid_price_value
12AABE0EED38849108825ECDFFFFFFFF	invalid_price_value
12AB03F6AEAF65D827271519AF11640E	invalid_price_value
12ACE148E9496B94165BF72CE8C56A8F	invalid_price_value
12AE851B70F1D6E418EE5628FFFFFFFF	invalid_price_value
12AEE248104A6AF61328F4F811C16B88	invalid_price_value
12AFE5F751366C4C210DF2FC50596D08	invalid_price_value
12B27786CF796A1C35376179CE6E6B75	invalid_price_value
12B289C4F70B691215669DEBF60A68BD	invalid_gender_value
12B2C4B7AEE666EC37E9CF3CAAE660A9	invalid_price_value
12B2F29E33723B25B853B74DFFFFFFFF	invalid_price_value
12B355E7A8F15A608706D375FFFFFFFF	invalid_price_value
12B7019AD25F693B290D1765D3CD68EC	invalid_price_value
12B82A29397D698E34083D2838936826	invalid_price_value
12B86A114036627D25FE7CFF414B63E7	invalid_price_value
12B93578F60062293B462273F7D66332	invalid_price_value
12B94F79E3EB614311685BE2E22C6012	invalid_price_value
12B95C4B690B6AE829644AB568AF6BE2	invalid_price_value
12BA2D6743ECB4C09A2CA643FFFFFFFF	invalid_price_value
12BA6CB768D16DF8155C7A5A69216C97	invalid_price_value
12BAC4E6C2DD64DF3EB9D3E7C3706591	invalid_price_value
12BC277C045B72E4ADFE1621FFFFFFFF	invalid_price_value
12BD4C0BC48664DA26E35AFAC57E659B	invalid_price_value
12BEEC534EA209F30834164BFFFFFFFF	invalid_price_value
12BF12963935B15B7822E0A9FFFFFFFF	invalid_price_value
12C0B3E53BD56D8E1EEDA72D3A836C6C	invalid_price_value
12C20EE0F48863C9028A180DF50B6283	invalid_price_value
12C4356D605C6D69213720A6619C6CBB	invalid_price_value
12C4BA94035C70BA59C957F5FFFFFFFF	invalid_price_value
12CA56AEBE2A31C6D25F75F5FFFFFFFF	invalid_price_value
12CBD028929E624F2FA9C6C093C863E4	invalid_price_value
12CC6E0E5851D5C0A3BD66DDFFFFFFFF	invalid_price_value
12CE28D4F019F05A29421BB9FFFFFFFF	invalid_price_value
12CF3FE0BE12D3343A774FE8FFFFFFFF	invalid_price_value
12D03310DE906F47098325FADF0C6E12	invalid_price_value
12D0AD62DDF26AEF1687BBC7DCBD6B6F	invalid_price_value
12D24FFA22F6686B12A1598D23E56946	invalid_price_value
12D2C1E5C2C256803DD41423FFFFFFFF	invalid_price_value
12D35E14D9AD89744E703515FFFFFFFF	invalid_price_value
12D69D266A9061E819898A246BCC6027	invalid_price_value
12D6E452D298E21BFEE18C2DFFFFFFFF	invalid_price_value
12D71CD367BA6A0222B80A7466746B93	invalid_price_value
12D7912F601C658A037C87C1615F6493	invalid_price_value
12DA2E27832365570843392D822F64D2	missing_fields
12DD0A91440661FB09161E674564607F	invalid_price_value
12DD2971216DF778FAC3D173FFFFFFFF	invalid_gender_value
12DEB5FFAA2866CA1D1EA341ABFF67E8	invalid_price_value
12DFC0D824276066054DD6DE258C616A	invalid_price_value
12E019AE3BEF6C6800430CD23A7B6DFB	missing_fields
12E0E3AB33909A02D56783BDFFFFFFFF	invalid_price_value
12E229DC166F6EA722DA3F2817116F22	invalid_price_value
12E4C4736AC146A07BCC0C0CFFFFFFFF	invalid_price_value
12E56E13FDF46D8F109C7D58FC946C2F	invalid_gender_value
12E65513F8AAABB798CF1089FFFFFFFF	invalid_price_value
12E7583FC06C63573D204ECBC14E62CD	invalid_price_value
12EA6858903D5876089B15A1FFFFFFFF	invalid_price_value
12EABA0455017578A1189755FFFFFFFF	invalid_price_value
12EADD5BF4F862821181CB9EF5F563DE	invalid_price_value
12EB98928F8F675F30318D928E7E6650	invalid_price_value
12EBC2D7BC0F688739A9D431BDA269EF	invalid_price_value
12EE08C1D585605822BF1E28D40261BC	invalid_price_value
12EE94C7529B6D9A132E83C353096C25	missing_fields
12EF3397679C679F31852608661F6605	invalid_price_value
12F592023633F99DE6C48A0FFFFFFFFF	invalid_price_value
12F5E456855061F427F0F243842560B3	invalid_price_value
12F5E97742146C9525CCFADA43A16D30	invalid_price_value
12F8A0467F74DD420A838CB0FFFFFFFF	invalid_price_value
12FBFB2C3350653B34CCEDB9323864F2	invalid_price_value
12FC1E23894A679014F70A2B886F66FD	invalid_price_value
130061CA4B536FAB05FC741B4A2D6EC5	invalid_price_value
1302AB77E2B567553F12BDB7E3F366B1	invalid_price_value
1303F384E1826D283328E5EEE0DC6C98	invalid_price_value
1305A7C9C3206DC71B7DB13CC2606CAB	invalid_price_value
13060A301D858CC36D167088FFFFFFFF	invalid_price_value
13062E135D8B66151EF338FE5C3F676D	invalid_price_value
13097528F72F6E1E1C8760C0F66C6F54	invalid_price_value
13098C36744161FA3D18984F75A76058	invalid_price_value
1309B4B979C534C872655C22FFFFFFFF	invalid_price_value
130ACE8E6A4FEDA23F18A21FFFFFFFFF	invalid_price_value
130B215D2DE4BF8E3F8176C1FFFFFFFF	invalid_price_value
130DA2F7BF79B5F2444D5125FFFFFFFF	invalid_price_value
130DF46E5A3BE9150913A6C5FFFFFFFF	invalid_price_value
130E0574997D832FA477FACEFFFFFFFF	invalid_price_value
130EF1A9317B6D423888E741306C6C9C	invalid_gender_value
130FD41B3CCC68CE28B6C2ED3D476912	invalid_price_value
13109DEC7BFF03D31F110FB9FFFFFFFF	json_parse_error
13119D7A7BB8AD258EEBB34AFFFFFFFF	invalid_price_value
13124DFD667E6FB125FC5BC867116EE2	invalid_gender_value
131420A8FF756D0A188F3571FE176CD8	invalid_price_value
13150DA350B969581B1888D9FFFFFFFF	invalid_price_value
13191DE4B5B86219167D0BC1B4AF63CB	invalid_price_value
1319743191558E22E2D07914FFFFFFFF	invalid_price_value
131A133B469160C83AE705D147D5612E	invalid_price_value
131B3D7641550987B0A3C23BFFFFFFFF	invalid_price_value
131B4582C9656727374E5379C8026683	invalid_price_value
131B52DFD2DC60BF1AC246DED36F6167	invalid_price_value
131B5433B064F9A908627896FFFFFFFF	invalid_price_value
131BDA76DF386E911685CCFDDE016F82	invalid_gender_value
131CBF547067936A76F4E704FFFFFFFF	invalid_gender_value
131D68B57AA66F8E032C7E587B8B6E53	invalid_price_value
131E3EEC5AA16B2E115028135B776A02	invalid_gender_value
131F2C51C5066D692CDA3AB6C44F6CF5	invalid_price_value
131FA6D5F0666B1B076BB02AF1116A84	invalid_price_value
1320B904F00699A5DC714FA9FFFFFFFF	invalid_price_value
13215ECDE0C0682A01914B10E17A692B	invalid_price_value
1321C59D73C601C40E2CE82DFFFFFFFF	invalid_price_value
13238A52FE3163BF1CA49FB4FFC06258	invalid_price_value
1323BBB2D24F6E37345BAD40D3A06F36	missing_fields
132599C91EE163001F158DDB1F396238	invalid_gender_value
13261EE7B273682704590E92B3CF69EC	invalid_price_value
1328CCBC32F766ED1485DA4333D867D4	missing_fields
132CCAFBB9A66D6B25B3DCA6B8C96C9F	invalid_price_value
132D7937FB6A67C70BFA6BB2FF6A69DC	invalid_gender_value
132E3BC10830A61A4973D1EBFFFFFFFF	invalid_price_value
132E90809A7F724E50819FF3FFFFFFFF	invalid_price_value
1333548B3FDB62D613C242533E366393	invalid_price_value
1333D90C97F965C34C377999FFFFFFFF	invalid_price_value
1335112FCF7361D6345B0424CE61601C	invalid_gender_value
13352D5382EE6C3C30473BA0832A6D78	invalid_price_value
13386B28A53866FC27F27DC0A4D167F8	invalid_price_value
13389377A870706577E2187BFFFFFFFF	invalid_price_value
133B7EB0425B683B0E16684C433C69BA	invalid_price_value
133D7DF2215D69622D4D68B820B36867	invalid_gender_value
133DBA2D185968DA1249ACC91902696C	invalid_price_value
133EE27EE99E6AA10159F4F8E8FB6B1E	invalid_price_value
1340F09D82026B2F3A77E67483EC6A62	invalid_gender_value
134159B67C430B938EB5B191FFFFFFFF	invalid_price_value
13427CD4F1BE6370260F6841F059624B	missing_fields
1343552BFA6E6D07013D433BFB4B6C88	invalid_price_value
1344B9E09F836EA01449AF599EC46FEC	invalid_price_value
1346714BCE5163AF3AEA67ACCF8F6257	invalid_price_value
134734D3AB766E9D2C4F222AAAFD6FED	missing_fields
1347DC4912FB62B12D22CA1D13C4635C	invalid_price_value
13490AFD644983980A34552CFFFFFFFF	invalid_price_value
134AEC60524C64350F83FAE5533865E3	invalid_price_value
134C48A6EA1A19C44DF6B498FFFFFFFF	invalid_price_value
134CE12798DF6B2B060EF7ED99E96AC8	invalid_price_value
134E432C4C376100FE90CC06FFFFFFFF	invalid_price_value
134E687AD39C63AF02B97E8FD286625C	invalid_gender_value
134F46D9EB6062713DEC57F7EA4963AB	invalid_price_value
134FF10BBEDBAB3080947EE3FFFFFFFF	invalid_price_value
13503D2BAF8AF6762DBD5249FFFFFFFF	invalid_price_value
1350BFAAC4CD7FD5FCE3C555FFFFFFFF	invalid_price_value
1351A75DD67F4AECD5C48F9EFFFFFFFF	invalid_gender_value
135314336752602730D9AA84FFFFFFFF	invalid_price_value
1355F0668DCB5F7DEBD3265FFFFFFFFF	invalid_price_value
135694CAFA0206234DE559D3FFFFFFFF	invalid_price_value
1356A88A02D06547265CBE4F036D64B5	invalid_price_value
135A06D0A99E6E960B811025A8E16F9B	invalid_price_value
135CC7FF638DA386E09FE499FFFFFFFF	invalid_price_value
1360DCF386B5975EDA33D338FFFFFFFF	invalid_price_value
13662C5543398585B143E822FFFFFFFF	invalid_price_value
13678A38F29260D21FCF9C01F3AD61E4	invalid_price_value
1367A2C8C27F85A66A25FDC4FFFFFFFF	invalid_price_value
136888DDA44660EF1B0C9CACA5D46171	invalid_price_value
1368E250C8096DFB3D46F00FCC096F42	invalid_price_value
136B8D15E059687A0C279BE1E4596ACC	invalid_price_value
136D7613611B6D120C9C60E460656CB3	invalid_price_value
136DD62488D26A732B29C0CB89136B86	invalid_price_value
136EA93E8167600A0438BD29804B618A	invalid_price_value
136EDBDFC1356E88258BD881FFFFFFFF	invalid_price_value
136EFDB7C09C6A451C5EEBB6C1B16B80	invalid_price_value
136F8CADAC906DA92AA49BA6AD646C80	missing_fields
137128A0E3F3651506463E52E20B64FF	invalid_price_value
137168C791596F1A3C2E7EBE90276ED9	invalid_price_value
1371F2AAAEFC66FE2191E5A9AFA26744	invalid_price_value
1372A014365C67973EB2B71C374B6679	missing_fields
1372AB356B3862251734B9E06ABE636D	invalid_price_value
137511DB4A138B23C3BA05D3FFFFFFFF	invalid_price_value
137696C4A87E6C3D2CFE8347A9FD6DAB	invalid_gender_value
1377A41D6CE469B813E6B2E16D4468B9	invalid_price_value
1378756B1DE80F4A52CF991CFFFFFFFF	invalid_price_value
137A049CC16E6A17064C1234C0DB6B8A	invalid_price_value
137A1B9C44456C91367D094145526D6F	invalid_price_value
137CC74F8D6E608C02EAD04F8CE8615E	invalid_price_value
137CD17309BFF0425E223A3DFFFFFFFF	invalid_price_value
137D6205E43D683E15A87085E5116967	invalid_price_value
137D73C45B24E68623AC6927FFFFFFFF	invalid_price_value
138074B3F7F964C9335C6465F605657E	invalid_price_value
1380BE719503428F0945222AFFFFFFFF	invalid_price_value
13832C273F15F3F9D31C1437FFFFFFFF	invalid_price_value
1384F0F5204C7B8AACA631E3FFFFFFFF	missing_fields
13856E5B6E7C008309550571FFFFFFFF	invalid_price_value
1386F9BAC6D76A502CCCEF42C7066B5D	invalid_gender_value
1388EB22E5336445215EFD23E49F6573	invalid_gender_value
1389E1DBADB66D020099F73DAC1B6CFA	invalid_price_value
138C1A2FC0478B05F8A20C1BFFFFFFFF	invalid_gender_value
138CD1B6AA6B9473EF9CC61FFFFFFFFF	invalid_price_value
138DB95C37CC65AF179FAFAC36E564BC	invalid_price_value
13908266385B6C521B29942739316D32	invalid_price_value
1390ABD442266BE279D5B03EFFFFFFFF	invalid_price_value
13941F1AD7FF964C0887B843FFFFFFFF	invalid_price_value
1396684EAFC4599C492E6FA3FFFFFFFF	invalid_price_value
139818DB586F15667C9C7471FFFFFFFF	invalid_price_value
13A1AC8C2F5C7DFE86C70CE0FFFFFFFF	invalid_price_value
13A1F296EE8E6FE12D18E4F9EFE96E0C	invalid_price_value
13A2D4CA33746EFA3FBAC22232A26F86	invalid_price_value
13A2F73133E766982D0AE2E1324C67F5	invalid_price_value
13A5F1C471CBC1F42592768DFFFFFFFF	invalid_price_value
13A69BF04AE96B0F2A718DC94BF36A63	invalid_price_value
13A850811CE6A383511AB0D7FFFFFFFF	invalid_price_value
13A8ADD4C2D06C6F0FA2B816C3F96DBE	invalid_price_value
13A96630F7986A7115AB73EEF62F6B01	invalid_gender_value
13AC4516901264BF28EA518691806527	invalid_price_value
13AC6DBFEC2ED09882DD4600FFFFFFFF	invalid_gender_value
13ACD307E0E8EE26EBD1A46EFFFFFFFF	invalid_price_value
13AD4952476F6FAD385E5FA146116E79	invalid_gender_value
13B03BE92DE163D133CD2DEB2CB162E1	invalid_price_value
13B170FA67CB6A22349264FA66E76B5A	invalid_price_value
13B271D93E2B6E85270767323F316FF4	invalid_price_value
13B296841F475A309FCA4F8BFFFFFFFF	invalid_gender_value
13B4E24AD229695D07F4F4EDD376687B	invalid_price_value
13B5C4E3565266E22C88D2F857E56727	invalid_price_value
13B5E1D3741EA9660A2ED46BFFFFFFFF	invalid_price_value
13B6F3F02FBD69302397E58A2E8D6874	invalid_price_value
13BAA3D2933768393F16B5169276699B	invalid_price_value
13BE656BCE6B361AB82B32BBFFFFFFFF	invalid_price_value
13BFE689CD4787AFF92A3B75FFFFFFFF	invalid_price_value
13C058FEEA58670632364E10EBD36686	invalid_gender_value
13C26A8FEDC2FF728103FA0FFFFFFFFF	invalid_price_value
13C400D933756081197717DB328D6188	invalid_price_value
13C45A88226768282006484A23ED690F	invalid_price_value
13C494533E50013F87F1A601FFFFFFFF	invalid_price_value
13C61C41CCA1B46E3EA45F9CFFFFFFFF	invalid_price_value
13C6543F3BDCF1ACBE23ECA2FFFFFFFF	bad_type_priceSensitivity
13C724B26F519CAD65B54116FFFFFFFF	invalid_gender_value
13C74A0DA8016C4E1CAD5CEBA9CF6D97	invalid_price_value
13C80520CF7A60720A7A13CFCEF1610A	invalid_price_value
13C88594CF735D07084B03F9FFFFFFFF	invalid_gender_value
13C914EBF829C0B608D219C8FFFFFFFF	invalid_price_value
13C92CA7EB616E0B12433BA2EA216F56	invalid_price_value
13C96B1AB3BB6E7014B27C18B27A6F7B	invalid_price_value
13CA32AB44596922060B24FF457C686B	invalid_price_value
13CE3ABA303A66F50ADE2C1A31B667F2	invalid_price_value
13CF1FCEE99D668B2AE40923E8C8678F	invalid_price_value
13CF2B10993E61EE1E893C1D98CC6040	invalid_price_value
13CF8C49A8E26C7600199AB6A9786DCB	invalid_gender_value
13CFF208221B6B2A3623E7C123826A12	invalid_price_value
13D13BC63CD39EA40C8A1FB7FFFFFFFF	invalid_price_value
13D35BFD62E0618905254D0E63E4600C	missing_fields
13D589A6016542E4BA25374FFFFFFFFF	invalid_price_value
13D9DD2F793362D7396DCBDF789E63A7	invalid_price_value
13DA9F99E39E7FD64AA69498FFFFFFFF	invalid_price_value
13DAA727E3F2292A19B2C891FFFFFFFF	invalid_price_value
13DC8947D75C6A470D289E47D6A76B8E	invalid_gender_value
13DD7AA1CFE163A11F6E231BFFFFFFFF	invalid_price_value
13DDF86D1F8B66611E16EE991E3E673E	invalid_price_value
13DF65D31CBA6869060F73221DD06940	invalid_price_value
13E0F5B3668C719E43A43F7DFFFFFFFF	invalid_price_value
13E1DE6DD92682D9216BAB7EFFFFFFFF	invalid_price_value
13E36D5AB4A3A38F9C64578AFFFFFFFF	invalid_price_value
13E37C0DC42E6F801D2B6AE5C5556E31	invalid_price_value
13E3B99A92FADFC6D61B594EFFFFFFFF	missing_fields
13E7449E7F5668B33CD452457EDD691F	invalid_price_value
13E78BD6BAD6E17A2A98E3E1FFFFFFFF	invalid_gender_value
13E83DA73D1D61D60C5528ED3CD460A0	invalid_price_value
13ECF1892BB763411DB0E44B2AA06218	invalid_price_value
13EEABEC2D326916364ABE022CCC6854	invalid_price_value
13EFE0CD1B68645E0B7FF6E91AB365ED	invalid_price_value
13F100620CC165872E8716C30D0A64D1	invalid_price_value
13F247E7C2C46A9A1F915202C33A6BBC	invalid_price_value
13F302AC86BC64D82C601420879E6512	invalid_price_value
13F3332EB9A566EE11BC25DDB88C6770	invalid_price_value
13F3DBDFF34BBD7589B62EE6FFFFFFFF	invalid_price_value
13F77FC7E81B69201D4D693AE90E68EE	invalid_gender_value
13F8EB5DC2FA6E7E3967FDA8C3526F07	missing_fields
13F8F665C411616E1264E08AC5F660FB	invalid_price_value
13F9783EDE416DDD1BDA6EE1DFBE6C91	invalid_price_value
13F9C5136D52023874F3D05AFFFFFFFF	invalid_price_value
13FAB420698E635A3D7CA2BD68D6620C	invalid_price_value
13FDF4D40D5965A3384AE2170C5B64A6	invalid_price_value
13FFA21E8308679429ABB4EF828266ED	invalid_price_value
1401B67A179B653B244BA0E9163F645B	invalid_price_value
1404F65A9EC56AE51CE5E29C9F896BCE	invalid_price_value
14051AC30DA0447EC859B25EFFFFFFFF	invalid_price_value
140539B3BAFA6609107C2905BB8467E2	invalid_price_value
1406EB9EEFBED85412FADB99FFFFFFFF	invalid_price_value
140897AE7EDFF2D08EF7D23CFFFFFFFF	invalid_price_value
1408EFC6A3AC63923464F9F4A2446241	invalid_price_value
140A7CC9BB730F833A398CE5FFFFFFFF	invalid_price_value
140AFDB459F164CC29A5E95F58846567	invalid_price_value
140D5E254ADD6A9B07894BE24BBD6B3E	invalid_price_value
140DDC25AB8171E4393FACDAFFFFFFFF	invalid_price_value
140F5BE88EB268022FED4D1E8FCA69B1	invalid_price_value
1411384B0DA1DB2324F3FE77FFFFFFFF	invalid_price_value
1411E40CEFD1BE8854810B0BFFFFFFFF	invalid_price_value
1412E43D7536B8DCC07C77A4FFFFFFFF	invalid_price_value
14146E98D63B68FA0B10789ED77769D4	invalid_price_value
1415B89BC9CF60990AF8AA57C89D61D3	invalid_price_value
1418192A371C63BF11F60FD4369062C6	invalid_price_value
1419724894A45976A2BD76A6FFFFFFFF	invalid_price_value
141A6118398C22DFB45F6A70FFFFFFFF	invalid_price_value
141BC421B9FB65DC0158D328B8AA6408	invalid_price_value
141C61E9E4F124A1F2FD8DDDFFFFFFFF	invalid_price_value
141E73C4DB046DF410066532DAFC6C3F	invalid_price_value
1420189B6CE16FE317550E726D6A6E69	invalid_price_value
142048C2AE5A1A2FC86D2ED1FFFFFFFF	invalid_price_value
14207F25593AD1496C25F7A6FFFFFFFF	invalid_price_value
1421AFAC87BDBA5FBAA480D2FFFFFFFF	invalid_price_value
1422D7058BC3082BC031685AFFFFFFFF	invalid_price_value
1424B44B10E361561E8AA2B611DE60BD	invalid_price_value
1425DD21F60F671104CDCBCCF7B5667A	invalid_price_value
142636F7BCF66C5B27112398BD416DDC	invalid_price_value
14266E7849B969391E2178F948B66844	invalid_price_value
1428D7D0191664E12D5FC67818126527	invalid_price_value
142A1C43E1B5E8CE2EBD1951FFFFFFFF	invalid_price_value
142C9FC06FE76C24361289426E166D54	invalid_price_value
142E052259106B2F0CE0111158BE6A66	invalid_price_value
1431560A46806EBE032E40ED47776F7D	invalid_price_value
1431D000438D14955F3E162AFFFFFFFF	invalid_gender_value
143491BA64E52AE9288CF5EBFFFFFFFF	invalid_price_value
14353A4708ED61BD32652BBA09C16032	invalid_price_value
1435E48CED2090F7F61C0307FFFFFFFF	missing_fields
143624E3B0F66F8424A93787B1206E8C	invalid_price_value
14367517CA02664A103E63FECB4667E9	missing_fields
14368D0AA35F6D4333059BFCA29A6C83	invalid_price_value
143766602F2E60C62B4470C02EA96143	invalid_price_value
1438AA39172A94AFD1B575B4FFFFFFFF	invalid_price_value
1439D6529E676B483151C15F9F8E6A81	invalid_price_value
143A27D7F23660B01E803174F3E76164	invalid_price_value
143B94AF9EB36DA339B5877A9F376CBF	invalid_price_value
143CA978EB826E303B82BD87EA426F0E	invalid_price_value
143F32A4A093D3ED37CE536AFFFFFFFF	invalid_price_value
144146ED7E9D1C2DBC4E1838FFFFFFFF	invalid_price_value
1442D18F9933BC135BB1E350FFFFFFFF	invalid_price_value
1444BBFD5DFA6FE81294AE2D5C7E6E17	invalid_price_value
14455B31A5F96E7E32B84D53A4AF6F1C	invalid_price_value
14469B96424669A6244E8D6C436A683E	invalid_price_value
14476D2428CB688A18527821293B6974	invalid_price_value
14479D7D57AB633C1E708BC5566262CC	invalid_gender_value
144825DCD8FA6C3E19CF35B4D9D66D2D	invalid_gender_value
144896EAC9EC6F5A372F80E6C86A6ED4	invalid_price_value
144904EE25EE638736341209241B6258	invalid_gender_value
14493D5B0CF4C4885E1D7E34FFFFFFFF	invalid_price_value
144AB3ECA7F0F18E7A7899C5FFFFFFFF	invalid_price_value
144BCBEFA1EA3594267CC935FFFFFFFF	invalid_price_value
144BD6A2902E5E6769376FB8FFFFFFFF	invalid_price_value
144D1DDB5484685D1FD40B0B5525697E	invalid_price_value
144D371D9BD9623A2CA021F39A3363E0	invalid_price_value
145109BD15F00E9E3434151CFFFFFFFF	invalid_price_value
1451CA7C5CBCFF120ED850C3FFFFFFFF	invalid_price_value
14558A982C2D67BE13209FDB2D0F66BF	missing_fields
14575BD9454B6A801A254CD2447F6B71	invalid_gender_value
14587B4CDDFB6CA729BC6DBDDCE16DC5	invalid_price_value
145884D45B426AB00AB391495A306B1A	invalid_price_value
1458978C40C8699F0637A7E8FFFFFFFF	invalid_price_value
14596370B0BF692602DA70D5B19A6890	invalid_price_value
145A50C80E7F6DF618AC47C50F296C02	invalid_price_value
145ABDB90DD01B9CA21FB36EFFFFFFFF	invalid_price_value
145B807C97A99171418D2E35FFFFFFFF	invalid_price_value
145BB3B193D56413041DA50C92566573	invalid_price_value
145C6A8E75786D5A08147C7674866CD4	missing_fields
145C9430CB236EAD2512833ACA606F8F	invalid_price_value
145E2E3CF624455C07A95BE1FFFFFFFF	invalid_price_value
145ED83267CE0BF36FB65C83FFFFFFFF	invalid_price_value
14601BB749F2662919380CB5484C6767	invalid_price_value
14604E72E9C278730D55C496FFFFFFFF	invalid_price_value
1460B72B1B1ACCF418214C5DFFFFFFFF	invalid_price_value
1462DCC80FC6641F210EC8FA0E20655E	missing_fields
1462FA6E980E2EBAA523839CFFFFFFFF	invalid_price_value
14635176232167E01831472D229666B1	invalid_price_value
14638E4C7E0265670D6A98F37FAA6459	invalid_price_value
146438752B47676A22842E1F2A496664	invalid_price_value
1464856A25EFDB2122A3C40FFFFFFFFF	invalid_price_value
14669F1D5E2AAF13A5CF1A7EFFFFFFFF	invalid_price_value
14681507D071495D140BBDCDFFFFFFFF	invalid_price_value
1468226B310C5AD0CF70E4E4FFFFFFFF	invalid_price_value
1468E404892667B43A74F2E188496650	invalid_price_value
146900FE2BD161BE291B16652A1A607D	invalid_price_value
146A1329185088C2D9A704E4FFFFFFFF	invalid_price_value
146D63D34CAA68362CC475D24DC56982	invalid_price_value
146DB2EF554FE8C6A705D9C5FFFFFFFF	invalid_price_value
146DDC5084956E912E00CD5280956818	invalid_gender_value
147069744374DFBA866F66ACFFFFFFFF	invalid_price_value
14726804D3A36A2800C97D04D2BB6BD0	invalid_price_value
147299E5571E6D9F0F888F1B56216C70	invalid_price_value
1472AFC976EF66BE06C5B8CC77AC670F	invalid_price_value
1473440F7690050A78EDF551FFFFFFFF	invalid_gender_value
1477821CC5DE6E9D3F4A94E3C41A6F87	invalid_price_value
147799F95DE13B421B631453FFFFFFFF	invalid_price_value
147968599BC60508B7A9F3DBFFFFFFFF	invalid_price_value
147E8E208FF62DAF53D72400FFFFFFFF	invalid_price_value
147EF2391075731D343C17E9FFFFFFFF	invalid_price_value
147FB186D12B68D1396EA76CD00E69B5	invalid_price_value
1481C3F5AAC7A06F868AF55EFFFFFFFF	invalid_price_value
14831CD9855FEE0570956AA6FFFFFFFF	invalid_price_value
1483C6664F7169E50F37D09F4ED168B4	invalid_price_value
148806722EDB65153BCD12412F8364B9	invalid_price_value
14894283E3F36F141DBF5646E2636E71	invalid_price_value
1489943CC5B96C4A69F817F1FFFFFFFF	invalid_price_value
148B6AEB1360633701447C0312E4625E	invalid_price_value
148DAB1040506F8A1220BD6141DE6E25	invalid_gender_value
148E9C24BE60697F0C968B26BF10685C	invalid_price_value
148EB62E5D3E6A9329B2A0DF5C1B6B56	invalid_price_value
148FB2C17BBEEFC9936B3761FFFFFFFF	invalid_price_value
1490025FE53B645A2CE01197E4B465AD	invalid_price_value
1490347D898D5AE7B595E271FFFFFFFF	invalid_price_value
1490FD7C0557600824C9EB94043861D1	invalid_price_value
149227074CF2CF709690610BFFFFFFFF	invalid_price_value
14942042C7A56317092E3748C6D06248	invalid_price_value
1494A7984C676E8427B3B0994D706F93	invalid_price_value
14957BB9A37DE60CD4988457FFFFFFFF	invalid_gender_value
14999D8FCE8C6EC414478BE6CFDA6FDE	invalid_price_value
149AC28E3780A44F23CEA8BAFFFFFFFF	invalid_price_value
149C393C1A22664D2F552FC71B37670D	missing_fields
149D8051E80F6C0C242D975DE96B6D56	missing_fields
149E8EF541DF5ADB53CDDB9FFFFFFFFF	invalid_gender_value
149F3385E0EA6EB11E712486E1C96F3A	invalid_price_value
149FB7F34CBA676E02D5A2634DAD6638	invalid_price_value
14A0C14C4AB461093507D7B44B1360A1	invalid_price_value
14A0E7A8DA8F48CC0D1C2EEDFFFFFFFF	invalid_price_value
14A168F7530F6BFD06497E0A52356ADA	missing_fields
14A2452B572F6B1A38755325532F6944	invalid_price_value
14A53D5C11E260BC32152BAB102C61A8	invalid_price_value
14A71CEEF41761432FE40AC4F5AA60B2	invalid_price_value
14A95AFCF8F13241323A3D44FFFFFFFF	invalid_price_value
14AD97E27213646425638126732765F2	invalid_price_value
14B0387306DB6D2918CE2D5507496C16	invalid_price_value
14B0629F019361FC08CA746300DB6054	invalid_price_value
14B1D77BA77F63C135F5C4EAA6146216	missing_fields
14B22D18B6676CB602FB3BF4B7086DAA	invalid_price_value
14B2B15D5164B8072486206DFFFFFFFF	invalid_price_value
14B2C64C0F116C9A0404D14B0EAB6D04	invalid_price_value
14B3470AF6DF63FB1D9E51E4F7D5626A	invalid_gender_value
14B4E5996F056ACA0C23F3696E1F6B75	invalid_price_value
14B56C715F61603B3F157A845E9561F6	invalid_price_value
14B7DF692D35E0C276F77075FFFFFFFF	invalid_price_value
14BB3906D3342787ED9A30BFFFFFFFFF	invalid_price_value
14BB7952469263623AA16F3E47CC6203	invalid_price_value
14BCB0B5155B67CB0C42A64D14AB6626	missing_fields
14BD0AAA6275E7732B28D59CFFFFFFFF	invalid_price_value
14BDB45D151D51C95B612E86FFFFFFFF	invalid_price_value
14BE134908081170B52CB8FEFFFFFFFF	invalid_price_value
14C456E7619E6EDC2355433960336F14	invalid_price_value
14C698D014DD5FB2144E89ABFFFFFFFF	invalid_gender_value
14C841A4EF9B6DB91AA35748EE076C33	invalid_price_value
14C92E2953A168500D8538915284696A	invalid_gender_value
14CA2D40BE606B272F8F3A4FBA606980	invalid_price_value
14CA69D3744FD9D57C87D156FFFFFFFF	invalid_price_value
14CB46FC1512659928D1501B14476469	invalid_price_value
14CB553F8C0F6B9930C641E98D516A14	invalid_price_value
14CC33D20F1B628939D625AA0EE9634A	invalid_price_value
14CC413B213A678B2EFE579B20EC6628	invalid_price_value
14CDD45FEBC816AE7A2B6A82FFFFFFFF	missing_fields
14CE51D0CAB362F409CE44F1CB9363BF	invalid_price_value
14CEE113AF6E80371D8F2788FFFFFFFF	missing_fields
14CF2AA29A186DCA3D3D39469BB96C87	invalid_price_value
14CF49F8493A63241DB05CFC48A3624E	invalid_price_value
14CF6CD6480B9DD2A0826F4BFFFFFFFF	invalid_price_value
14CF8BD91AF169832A499D611BA668AA	invalid_price_value
14D0B8035A9F633E2143AC8E5BE76222	invalid_price_value
14D2EB8535E162BE3331FF7D34F66305	invalid_price_value
14D312A7F6496CB82DEF0752F72B6D5E	invalid_price_value
14D88D8014F985259916ABE0FFFFFFFF	invalid_price_value
14D9E60B6A7B65101005F0726BFC6420	invalid_price_value
14DA75CB0B2963C9007D603A0F29619C	invalid_price_value
14DC006F842A5D9C3C167ED7FFFFFFFF	invalid_price_value
14DD54429EBA6ACB229A40A59FBB6B44	invalid_price_value
14DDD050A12AC4C435823860FFFFFFFF	invalid_price_value
14DF3F704C1267141C632AFF4D0066E3	invalid_price_value
14E27223A44E6BD314137CDDA5C66A91	invalid_price_value
14E2B04208AD8FBF4C74F0C1FFFFFFFF	invalid_price_value
14E37F2DF49D6EEC3C74682BF5236FC6	invalid_price_value
14E3A4EA92467811C921295EFFFFFFFF	invalid_price_value
14E613F71D62629D2CA005091CCF635E	invalid_price_value
14E7D720EC306AD3168ED88BED876BFA	invalid_price_value
14E8CC343CC26A363B25DAD33DAD6B32	invalid_price_value
14E8FA9C1AA20348A1010FC0FFFFFFFF	invalid_price_value
14E9C689597C691120BAD08658DB68E1	invalid_price_value
14EA3DCACD4D0B5BB92D0387FFFFFFFF	invalid_price_value
14ECE97F7109771D79018F29FFFFFFFF	invalid_price_value
14ED4D68ECBD668C3C265999ED2F6751	invalid_price_value
14EE0D4E47E5D499B8244A54FFFFFFFF	invalid_price_value
14F0A9ADF2124B1883FAE8E6FFFFFFFF	invalid_price_value
14F2134765ABBBEE5FFF97F0FFFFFFFF	invalid_price_value
14F3ADECDA085C1111FC21FEFFFFFFFF	invalid_price_value
14F4A1DA28A1637A26CCB41A29506221	invalid_price_value
14F50F6DE2816B6D36C01998E32C6ABC	invalid_price_value
14F51F6838BD6A79377309B939126BD0	invalid_price_value
14F5645BEE66BEB2499E0EF7FFFFFFFF	invalid_price_value
14F595247C6E66950FDB83D27D9E677B	invalid_price_value
14F60B2D5EC8D2F4CE896D2CFFFFFFFF	invalid_price_value
14F6BEEF1E3A79E3F53D31AAFFFFFFFF	invalid_price_value
14F846AF78E064C3325D504279B26561	invalid_price_value
14F9D5CFA66B5095ED87045AFFFFFFFF	invalid_price_value
14F9FE534CE96C182A27E80E4D146DBD	invalid_price_value
14FAF59694AD6FC53599E057957B6E85	invalid_price_value
14FB0E89F644911A48A2A32DFFFFFFFF	missing_fields
14FBCD2A9E7A7EB86D152F5DFFFFFFFF	invalid_price_value
14FC1B372C5B6FAD3F050EBF2DD56EFB	invalid_price_value
14FF021FDD5166ED1F4C1460DCE46752	invalid_price_value
14FF77F55C71A4243496F3DBFFFFFFFF	invalid_gender_value
150138A305910FCDAF1CAC99FFFFFFFF	invalid_price_value
15023176F1A59E8467F361F8FFFFFFFF	invalid_price_value
1502F8133C5067DC2D50EEEA3D5C6644	invalid_price_value
15042E2356A3614D9DB97937FFFFFFFF	invalid_price_value
1505D253BD2BD732B2EB86C7FFFFFFFF	invalid_price_value
150649F6D263519D6F1A17C4FFFFFFFF	invalid_price_value
15068A516BF4CFD111263AFAFFFFFFFF	invalid_price_value
15073A5D979960F028C32CCF96CC61C3	invalid_price_value
1507A16BE194F070A85095A1FFFFFFFF	invalid_price_value
150824823D01645418B42B0739016274	missing_fields
1508A8A4243367E82840BE5E25B566C4	invalid_gender_value
1509201B94D26A87032136EF951A6B45	invalid_gender_value
1509D5FA93F66E9D3A24C3D892E36FB1	invalid_price_value
150A5D6D63766F933DE64A6E62546E85	invalid_price_value
150C231E825D64FC063835FC83476500	invalid_gender_value
150CD6F8DA946939288FC3B9DB7A683C	invalid_price_value
150E1CE2A9A2693934D20A18A8E8685E	invalid_price_value
150F6E3E20DB637B1D7F78FB21A56207	invalid_price_value
150FA94D8EEE6A4224A5BD758F7D6BBC	invalid_price_value
150FC597E6234A39F836A22FFFFFFFFF	invalid_price_value
151279FA6C906A64006A6F0A6DC76B34	invalid_price_value
15137B74256966A238166EF6246867DB	invalid_price_value
1514A4676E4A2BD41FF915D4FFFFFFFF	invalid_price_value
15151E2998E4632539820D08996062D7	invalid_price_value
151547AA7C79A1712531DB61FFFFFFFF	invalid_price_value
1516E0BC0F8267713EABF6540E0166EA	invalid_price_value
151757FFA7DBF763046BDFF9FFFFFFFF	invalid_price_value
1518953E69A1909BBF61EBADFFFFFFFF	invalid_price_value
15189A27717965C274DF31FFFFFFFFFF	invalid_price_value
151DEE86D79C6F8D2FDBFCD7D60F6E80	invalid_price_value
151FDC8E2B466F021809C8C52A296E71	invalid_price_value
152177D2256667391545651A24A16688	invalid_price_value
1521936720706495050383AA211465BB	invalid_price_value
1521E4D6E3A44D4C8BE12942FFFFFFFF	invalid_price_value
15229D72C49C64530D1588B0C5316561	invalid_price_value
152300CEA5E3402172EE398FFFFFFFFF	invalid_price_value
15245CC13A776E18386A4AEB3B346F95	invalid_price_value
152540FED9B9FB8371F1D360FFFFFFFF	invalid_price_value
15256C8A79E06B233A987A6278096ACF	invalid_price_value
15263A8D0A046FC20A652BE20E0461F7	invalid_price_value
152687BCB6706FF108E89145B7806E01	invalid_price_value
1527AFCD97F9682D066CB9309639693D	missing_fields
152802BDADBA6B8909D7144DAC486AE5	invalid_price_value
1528BADA0F1863682619AC780EA962FA	invalid_price_value
152926611C82BFE18F07DBF8FFFFFFFF	invalid_price_value
152CCA396E61634A0247DCCC6F426238	invalid_price_value
152D06B5DC980DD179540F0BFFFFFFFF	invalid_price_value
152DD754AC796F723CAEC25EADDE6E95	invalid_price_value
152E4C437D3DD76849E79CD6FFFFFFFF	invalid_price_value
15326B82306D65C30DBB7AAE31916416	invalid_price_value
15329E720DF36E5E094D897F0C6E6FDF	invalid_price_value
1533DF49A24397305157ACACFFFFFFFF	invalid_price_value
1534BB86716F6D082E2AAE4570AD6CDC	invalid_price_value
1534EA5CD49967A8299EFCF1D5E9668E	invalid_gender_value
1538A83E9208AE0ECE2A3693FFFFFFFF	invalid_price_value
153B410AB5D365603E795749B4556456	invalid_price_value
153BB2E207C2FCA0C200F41BFFFFFFFF	invalid_price_value
153BF9BDEC508AC9077176C6FFFFFFFF	invalid_price_value
153C9C87FAB16B390BFC8A1BFBF56AA0	invalid_price_value
153CBBB720F266E32BF6EA35FFFFFFFF	invalid_price_value
153CE262817E8868ED48DCB4FFFFFFFF	invalid_price_value
153D8EE2C441A337C893DCCFFFFFFFFF	invalid_price_value
153E82795EEE90956AED5EC7FFFFFFFF	invalid_price_value
15405B241CDB6F2D29C04DD61D826EAB	missing_fields
15420FBE0CC366ED7A7385BEFFFFFFFF	invalid_price_value
1544CD2778C6609736C1DB737994617F	invalid_price_value
15454C52441F6EBD088C5B5945016F13	invalid_price_value
154635B935176F180C16234B34F56E69	missing_fields
1547D2B7DE481C5E97C917E2FFFFFFFF	invalid_gender_value
1548A388B37B6DB11793B5F5B2C96C49	invalid_price_value
154A4D1CCA59FB7848459961FFFFFFFF	invalid_price_value
154B82C7098E6DA52F78943C08186CCD	invalid_price_value
154E7968E7981B6500DBB857FFFFFFFF	invalid_price_value
1553C8E9DFF372AE14AE8B38FFFFFFFF	invalid_price_value
1556C245B3086A3C18C9D4E7B2A06BDD	invalid_price_value
15583787E57B6551002A24BBE4C8649D	invalid_gender_value
15597EE4F39A6FEF380F680AF2DD6E64	missing_fields
1559992CF4656F7829EB8F2EF0656D07	invalid_price_value
155A11E0B41519B85A30C3E6FFFFFFFF	invalid_price_value
155AF5005F83D668C5481ABFFFFFFFFF	missing_fields
155E92E11818F69AE8A85009FFFFFFFF	invalid_price_value
155F52E1918B54224D98E703FFFFFFFF	invalid_price_value
1560B8F870896DD31200AFF871F76C8F	invalid_price_value
1560E03D463F659628F7F6DA47B664F8	invalid_price_value
156114E73C6B6D471EFE06E43DB26C21	invalid_price_value
1562719E010C6D95051B669900EF6CB4	invalid_price_value
15632F44417B9C34D54AE25DFFFFFFFF	invalid_price_value
15638A86FC605AE3CE376D80FFFFFFFF	invalid_gender_value
15645AA38A9861CB1AC44FEA8BF76089	invalid_price_value
15661AAA1D15644C01720FEE1C9A657F	invalid_price_value
1566903765811D02B3868011FFFFFFFF	invalid_price_value
156696344AF9F175CFDAB107FFFFFFFF	invalid_price_value
1566CB845287CE5ABD6904DCFFFFFFFF	invalid_price_value
156793B8F83FAE2F3A3F06B6FFFFFFFF	invalid_price_value
15686A93862D5A1FB65D69BAFFFFFFFF	invalid_price_value
15690FE9A54E62DF39B21A0EA4B66378	invalid_price_value
156A4C1FBF506F5B4BE5A7C1FFFFFFFF	invalid_price_value
156A4D8160918D798AF4557BFFFFFFFF	invalid_price_value
156A5D8478BF66C109F54FB079A6671B	invalid_price_value
156A93DB85D79B7A14397B42FFFFFFFF	invalid_price_value
156A97B96BF1623E3D9B81416AAA6371	invalid_price_value
156AF9DD5E44617B1C03EED95FCE6097	invalid_price_value
156BB429F0C8D5D53041BFDFFFFFFFFF	invalid_price_value
156BD58AC6536DDF0CA7C373C7D56C1F	invalid_price_value
156D331FE93480F319FF7AE5FFFFFFFF	invalid_price_value
156FA15D426B8737C8C218ACFFFFFFFF	invalid_price_value
1571EF4732F662E83C02F93A332063DD	invalid_price_value
1572CE70241F68873F52D886258D6966	invalid_price_value
1572E9B249CF64FF3B8EFF744802658D	invalid_price_value
15737AC436324E3D308B7CF7FFFFFFFF	invalid_price_value
1575B2C9FE6712202D0DE76CFFFFFFFF	invalid_price_value
15772759754E6B670CF531D4746B6A61	invalid_price_value
15772B5A8C3A62141A683E2E8DB16385	invalid_price_value
1577F8192D02631D09A6EEF92C9062DE	invalid_price_value
1579C5DCECBA69F60BA6D33DED08682A	invalid_price_value
1579EB13238E66B00E37FC13222967CC	missing_fields
157C95603F7360AB3C58803A3E3C61FB	invalid_price_value
157DD76B06E98CDA26DD7480FFFFFFFF	invalid_price_value
157F7C5AF9C16D511B816929F8306C38	invalid_price_value
15805EF2F1D8A01EF36F9660FFFFFFFF	invalid_price_value
158137CB10A968F55188E7CFFFFFFFFF	invalid_price_value
1583DFA29E886BEA2B7CCCAB9F756A06	invalid_price_value
15841D638C00FF91F909CC23FFFFFFFF	invalid_price_value
1586263133D4736C36BD42D3FFFFFFFF	invalid_price_value
15877FAC2994618813536941288560D5	invalid_price_value
158BBD3BBF346F7A045CA8DFBE286E09	invalid_price_value
158BED556C0164072661FBAD6D6D6554	invalid_price_value
158E6BB2B5C1605B1A557CB1B43161BC	invalid_price_value
158EB2B8E92B698F0138A756E831688D	invalid_price_value
158FADB0BAD965DE1E62BAB1BBE364FD	invalid_price_value
15906099A5EF62F72D72766BA48763E0	invalid_price_value
1591600CF302F1B5FF778851FFFFFFFF	invalid_price_value
1594385AEADE2F9BDEB949EEFFFFFFFF	invalid_price_value
159485A65002681D2721904A5189693D	invalid_price_value
159595D1E3B76BE31AAB809BE2DC6AF2	invalid_gender_value
1595DA8CFF096D4C2FD9CC47FEF96C66	invalid_price_value
15963BDEDEDF62F711CC2D4BDF406373	invalid_gender_value
159680D8678BA5B7149D523AFFFFFFFF	invalid_price_value
1596A4102A2D08B1C8DB04E5FFFFFFFF	invalid_price_value
1596C0D4C1406983677BDEB1FFFFFFFF	invalid_price_value
159C8802C4E51998E339795FFFFFFFFF	invalid_price_value
159E13C502B3923F5A992B7CFFFFFFFF	invalid_price_value
159E772E8DE7B3FF015EE525FFFFFFFF	invalid_price_value
159F949120574B643E981E49FFFFFFFF	invalid_price_value
159F96E41AA1CA9672FD2598FFFFFFFF	invalid_price_value
15A23552B52C69FC0AC72258B45A685D	invalid_price_value
15A311BDBA7440B9B81DE15FFFFFFFFF	invalid_price_value
15A44B057B8A665A04885C047AF567FE	invalid_gender_value
15A45A90B3FCFF5F093D7CB0FFFFFFFF	invalid_price_value
15A893BC2010553A48861776FFFFFFFF	invalid_price_value
15A9BE22308E6F8B11F5A92731EB6EB2	invalid_price_value
15AB288DDFA1651F027F3E7CDE59647A	invalid_price_value
15AF4D36CF766F427F751CAFFFFFFFFF	invalid_price_value
15B260177A8521EAD0249F56FFFFFFFF	invalid_price_value
15B30CD40A1C3F74087E7CA3FFFFFFFF	invalid_price_value
15B38008A0B13EA647B14997FFFFFFFF	invalid_price_value
15B5D2D2E43660800541C42BE0366201	invalid_gender_value
15B5FC657A20678E2B55EA8F7BA666EE	invalid_price_value
15B6AA82C68CB06DED2736DBFFFFFFFF	invalid_price_value
15B81E1144EA87BD003AE053FFFFFFFF	invalid_price_value
15B8FFB3C15F61ED3800E947C0FB606F	invalid_price_value
15B987524DAB650D012F90544C26646A	invalid_price_value
15B9C3B463A06C820CF3D56062E66D49	invalid_price_value
15BA93007C1C651C2DCA84017D9764D4	invalid_gender_value
15BD2B08E4276C3B29CB3DE1E5EB6D0D	invalid_price_value
15BE2A81CF2EE79D225EA4BDFFFFFFFF	invalid_price_value
15BEA8377AD7182AF2F234DDFFFFFFFF	invalid_price_value
15BFEFE2BEFCEF2745AA56B2FFFFFFFF	invalid_price_value
15C134508C97CE79C7571260FFFFFFFF	invalid_price_value
15C4F3278A7EFC98A17EF4D0FFFFFFFF	invalid_price_value
15C58C6D5E2868212E339B6B5F60695B	invalid_price_value
15C81F60CF8EEF334428CB37FFFFFFFF	invalid_price_value
15C93616806534314D3AE425FFFFFFFF	invalid_price_value
15CBA0D510F769F23E12B66911B16827	invalid_gender_value
15CBBD10C5341E37D910F102FFFFFFFF	invalid_price_value
15CE972B3E456BB107E380223F326AAD	missing_fields
15D096FC02E9130D7BA7B478FFFFFFFF	invalid_price_value
15D328B2A35A66113EA33E47A2F26797	invalid_price_value
15D4DB448D5E61AD159FCDD58CC3603F	invalid_price_value
15D694CCEFB6292D81A43E9AFFFFFFFF	invalid_price_value
15D6B172B4E3B8B1B5FD3EAFFFFFFFFF	invalid_gender_value
15D9552D59DB62FC37D54650584963A8	invalid_gender_value
15D9F07327176E272267E68326D66FC5	invalid_price_value
15DB5369D3833237848E2090FFFFFFFF	invalid_price_value
15DC3856C2DC6DD8352E2EB8C3826C00	invalid_price_value
15DCB7CB971E643A1503A12496606510	invalid_price_value
15DD51CB0B516C6F0E4B44C10A306D17	invalid_price_value
15DFBAB79CA7DF756BE46F6AFFFFFFFF	invalid_price_value
15DFFF4D514425D2B0EE41C4FFFFFFFF	invalid_price_value
15E348DB0DF26B782EDF44F109F268C9	invalid_gender_value
15E3859CE30C63F5293D931BE25F6299	invalid_price_value
15E42783A9C5B2446344706DFFFFFFFF	invalid_price_value
15E814356B9362100C9507486A076362	invalid_price_value
15E8FB4FC7676B67198CED31C6AA6A7D	invalid_price_value
15E9F2116F8061782B0CE2CE6E0F6014	invalid_price_value
15EE47F41EE96C6302ED533E1F866D1E	invalid_price_value
15EEADDA389C6A9138E4BB7B39726BA6	invalid_price_value
15F3F261FD01F05643C21725FFFFFFFF	invalid_price_value
15F4D06F9B9AC8839E355DD9FFFFFFFF	invalid_price_value
15F53F2A7FF9680922DF29D97E6E6956	invalid_price_value
15F5F83AE3DB695A3C53EF3BE2876858	missing_fields
15F8D230DD6261183A0BC4E3DC3F6029	invalid_price_value
15FCF4FE1928683D183CE204180D69D0	missing_fields
15FF9C2998B46A5D09388A40999F6B26	invalid_price_value
15FFDB47BB8B6B591862CE0ABA8F6A0B	invalid_price_value
16007E7BA097CA5F5FF36CD4FFFFFFFF	invalid_price_value
1600A522C89ED0E48FB74C8EFFFFFFFF	invalid_price_value
1601F4F835A96FD93ABCE20E31A96DFD	invalid_price_value
1609BE72E70463411414A889E6C36296	invalid_price_value
1609E3395323614D0A5BF5C1528460C9	invalid_price_value
160ACA34B0ED8BF6F88F59D7FFFFFFFF	invalid_price_value
160CD9F60F49786C97D75421FFFFFFFF	invalid_price_value
160F35A0AE96600907DE2351AFE3610E	invalid_price_value
160F4441758E9112EA901CC8FFFFFFFF	invalid_price_value
161000FD645561CE07611414651A6015	invalid_price_value
16117E6F07F36D0F2596696106786CF9	missing_fields
1612D5A0188EAFEA22A32993FFFFFFFF	invalid_price_value
1614062158D721C32F90C609FFFFFFFF	invalid_price_value
1614E89346383A9CC3DD11AEFFFFFFFF	invalid_price_value
1615461C6D566AAE1FA851186CC46B73	invalid_price_value
1615A3E41F0A6881ECC7CB69FFFFFFFF	invalid_price_value
161684C1594D604D1A24922958D261EC	invalid_price_value
1617CA0EC559E5385C062D3DFFFFFFFF	invalid_gender_value
161958E5519D60162A704E0250E361E4	invalid_gender_value
1619EB47FDC36929035AFD3EFC7C6872	invalid_price_value
161BA48A9C9F65D5315CB3819D5064E0	missing_fields
161D693669306FC4321A7FC268796EDA	missing_fields
161D6DE3D52663E22FEB794FD4E16299	invalid_price_value
161DC06003A97A3004361D4BFFFFFFFF	invalid_price_value
161E76772D185B9A519BF628FFFFFFFF	invalid_price_value
161F744FA8690030BEF6EBB5FFFFFFFF	invalid_price_value
162044A5975AF31130B0CCAEFFFFFFFF	invalid_price_value
1620B6A37AB069A80204A7E67B226844	invalid_price_value
1621953B3D26674C369880863C5D6609	invalid_gender_value
162284FB60E768B51F13920C6192696C	invalid_price_value
1622D72ACB70AF652EB96AAEFFFFFFFF	invalid_price_value
16234A63A97FCBD821CF1B9AFFFFFFFF	invalid_price_value
1623D13F64946DA41AD1C2E765EA6C1F	invalid_price_value
1624B8658A59EE9C34D83A46FFFFFFFF	invalid_price_value
1625F614769A60F31574E0CA77C961B6	invalid_price_value
162858A5FF7FD692101B1FFDFFFFFFFF	invalid_price_value
1628AF01D1BE2FDAFE328ADFFFFFFFFF	invalid_price_value
162992A26ED56DB909FB84F76FD66C84	invalid_price_value
162AF7F2AF71036FEE361039FFFFFFFF	invalid_price_value
162C50871EB2660709A6466D1F8F6739	missing_fields
162C6820BB6A6BE82AE27F2ABAB36AA0	invalid_price_value
162CBAFC16D662A522E9AC00178A63F1	invalid_price_value
1631EE1F2ADC59F654379A0AFFFFFFFF	invalid_price_value
163413F8FF026FFB3D7E0504FED46EE4	invalid_price_value
1635C3689CCD61463BA6D4609D3F601F	invalid_price_value
1637D8C0A21D9DDCD288A360FFFFFFFF	invalid_price_value
1638483602AB63A71E0B5E90033962A9	invalid_price_value
163901CC1BB56956304417331A9768D1	invalid_price_value
163ACF9B0D35617518FBD95F0C0F60C2	invalid_price_value
163BDF7045986E81055BC984447B6F4F	invalid_price_value
163C1A9F38EC64971FFA0C6839026561	invalid_price_value
163CDCBBAC446D6D2BEBCA56ADAA6CD7	invalid_price_value
163D0F239F343849766C6BB1FFFFFFFF	invalid_price_value
163DB0490EB94F1E90C47EB9FFFFFFFF	invalid_price_value
163E197F6BDE2B746535650FFFFFFFFF	invalid_price_value
163F94097E0F60353C0481B57F186156	invalid_price_value
164311D53578684F319B0313342E699D	invalid_price_value
164715BEF09A6BDD1CE4075FF1B66A0D	invalid_price_value
1648C80B2B4D69511FA1DE372ADB686E	invalid_price_value
1648E20440DB61D83BA9F448412A6023	invalid_price_value
164A15676A1A608AA1E321BBFFFFFFFF	invalid_price_value
164CDF04F35CDB56AA635101FFFFFFFF	invalid_price_value
164E916A37836F0C29D2809F36176E07	invalid_price_value
164F3987586127C9E2D5551FFFFFFFFF	invalid_price_value
1652A801ADF1763E8819CDDFFFFFFFFF	invalid_gender_value
16535180EBCFF100E8B4AEDDFFFFFFFF	invalid_price_value
1654028B58D3DE194BB860CBFFFFFFFF	invalid_price_value
16541E171DF769C025E608E71C896887	invalid_price_value
165424CE745A6E9C38BD32C175386F48	invalid_price_value
16545133F9AC6676085A42D7F88167B7	invalid_price_value
1654837B162457A3A39DCB22FFFFFFFF	invalid_price_value
1658C85668D0B446B191992EFFFFFFFF	invalid_price_value
165B9CFFF71469123362884EF6FA68B7	invalid_price_value
165C164B904A68EB3AB500BF91936911	invalid_price_value
165D219E2850877804922368FFFFFFFF	invalid_price_value
165D350FDDC2659C2B0D238EDCA8647B	invalid_price_value
165DD16E436CBCA3A518FFFDFFFFFFFF	invalid_price_value
165E8CD0305D647026FD9BD931AD6566	invalid_price_value
165EB3305068343416F6B3B7FFFFFFFF	invalid_price_value
165EC6D950166F9F11EDD0B051676EAC	invalid_price_value
16604C58F07C659D1F965AAFF1026489	invalid_price_value
1660FFADB39E687D0C84E950B20A6982	invalid_price_value
166208B644A9908CF303C3A5FFFFFFFF	invalid_price_value
166278C1C5AE5D9D13218467FFFFFFFF	missing_fields
16680CEBCD8A19152F1462B6FFFFFFFF	invalid_price_value
166881CFBAA967E50F4E97D9BB07667D	invalid_price_value
1668E8A467A2E7F351B85A7CFFFFFFFF	invalid_price_value
166C34B7751CA5A76E7F9F62FFFFFFFF	invalid_price_value
166DFA2C05ACA689E0F5259AFFFFFFFF	missing_fields
166F34CE0FA46C1F09CA27D00E396D46	invalid_price_value
16719180C65785649CECB206FFFFFFFF	invalid_price_value
1671F6F9DCC7667E118AE00EDDB967F2	invalid_price_value
16724E35C8356F6704DA5D5BC90E6E31	invalid_price_value
167294FFE52B689B3D278201E47E6982	invalid_price_value
16743054A52EB2675785FD32FFFFFFFF	invalid_price_value
1674DEB5BE9E67B23B90C84EBFFF66A5	invalid_price_value
16759FA880176A7A263D88A181F46BB0	invalid_gender_value
16765455598266FF0DDA40155890675B	invalid_price_value
1678645BE8E0C292CE766E40FFFFFFFF	invalid_price_value
1679DE67B1896F0205F7C964B02D6EE2	invalid_price_value
167E7755CF9E4101CB92CE70FFFFFFFF	invalid_price_value
167F0A1875ADB3706D1CBA1BFFFFFFFF	invalid_price_value
167F26FF49A06B5B372230E848D56AD0	invalid_price_value
1684227D616814CFC1B13BC8FFFFFFFF	invalid_price_value
168471E322156B442171671F236E6ACB	missing_fields
16848EC173DA61B33F6A9827724E6040	invalid_price_value
1686210477F8518BF2E1C262FFFFFFFF	invalid_gender_value
1687ECC3625012F9230D44F7FFFFFFFF	invalid_price_value
16880F12E4F566893E281819E5806761	invalid_gender_value
168829EAA3D29D03AA61A650FFFFFFFF	invalid_price_value
1688F0A5FF62645D00D2E5F7FEA065AD	invalid_price_value
168A1B525DD659F2BD58F35CFFFFFFFF	invalid_price_value
168A33D2DB1F6ECD05FE273ADA996F28	invalid_price_value
168A6357AEAA2C3605D31479FFFFFFFF	invalid_price_value
168A6A2B48BD16764A523D92FFFFFFFF	invalid_price_value
168D0794CC0827F5CF580AB3FFFFFFFF	invalid_price_value
168D97B4152B69F9165480B11405684C	invalid_price_value
168E1EA11A57691C117B08561B2C68C3	invalid_price_value
168F0B3A2192D43AA9162C4EFFFFFFFF	invalid_price_value
168F62B08D84A9C76BA72897FFFFFFFF	invalid_price_value
169022CDB114CDA2E0C2DC0AFFFFFFFF	invalid_price_value
169044D3DC25391ECC21EC81FFFFFFFF	invalid_price_value
16911720552E671E2B810028548A66E6	missing_fields
169155F4EE956BC93DAE431FEF136A53	invalid_price_value
16915B62653B4B2A93848EB5FFFFFFFF	invalid_price_value
1691A4B8A83368240C2EB247A95B69E6	invalid_price_value
16926B870C45636C26307C81084561C3	invalid_price_value
16936A54899C6B980001788288B06AD5	invalid_price_value
16945BF120DB62B82AB94D1A21B16359	invalid_price_value
1695A9C2A17226E6B75591A7FFFFFFFF	invalid_price_value
1695C8E89B52E163742E5424FFFFFFFF	invalid_price_value
16967C2FB32E6BED24A76AC1B2A46A6E	invalid_price_value
169732E9E7502F4A947C5D4DFFFFFFFF	invalid_price_value
1697744D4DB76E863F6A62A64C4F6F01	invalid_price_value
1699B35E786263DB1F18BE5679D262F2	invalid_price_value
169A0576CE3A64092E161382CFAD650E	invalid_price_value
169AEB53EBA12182049BF778FFFFFFFF	invalid_price_value
169B6065B34969323B067422B2B96816	invalid_price_value
169CA8A651416E912537BFA3501A6F79	invalid_price_value
169E464512546E9D0B1B55051654602A	invalid_gender_value
169ED2CF372362722113C43036F76340	missing_fields
169F732A30E46001117C651D31CD6128	missing_fields
16A063326C0163500A4375C76DBB6261	invalid_price_value
16A0C426408363580ACAD2F341FC6248	invalid_price_value
16A1BE2FB9336977177FA8A8B8046852	invalid_price_value
16A2AF11AC9ED565A4092092FFFFFFFF	invalid_price_value
16A2E3491C2863D92165F6AD1D536201	invalid_price_value
16A3A3E848206B0833FBB51F49486A1B	invalid_price_value
16A414AE4857607C1E59027449B961A0	invalid_gender_value
16A50FEA6949F9782F915199FFFFFFFF	invalid_price_value
16A620261AA6C0428F02CD2CFFFFFFFF	invalid_price_value
16A64E24A34F21E5407AA495FFFFFFFF	invalid_price_value
16AA203D36A2320FFC85AC29FFFFFFFF	invalid_price_value
16AA6D73CF5E6D0AD6501AB4FFFFFFFF	invalid_price_value
16AA91D32207653522AB8236230F642B	invalid_price_value
16AAB1E32CDB4D11F519FE95FFFFFFFF	invalid_price_value
16AAEAD40472690A1BD9FE7C05C2685F	invalid_price_value
16AD91D7A1D96FCB2CEB9C92A5D96C73	invalid_price_value
16ADA7F04A1463042886B3814B9A6299	invalid_price_value
16AEDEEA23BA6FBE29BACA74223D6E9A	invalid_gender_value
16B3E2E55B73E3F0A9CFDD44FFFFFFFF	invalid_price_value
16B459B3C05C6396110B4D8AC17962B3	invalid_price_value
16B4695F9256D83CAC4BA4C4FFFFFFFF	invalid_price_value
16B51617CD031C10B2CDF8B7FFFFFFFF	invalid_price_value
16B59CC35E3894A92668F6B7FFFFFFFF	invalid_gender_value
16B6359F66111D7352D9D659FFFFFFFF	invalid_price_value
16B64D4F93096CA703E45E35926B6DC8	invalid_price_value
16B6BD4BE8DE6F261059A8C7E9926E35	invalid_price_value
16B755B31BE364612E0243471AEF65FC	invalid_price_value
16B75FAFBC7734DE55432916FFFFFFFF	invalid_gender_value
16B8165476F4664F197100A477D9672B	invalid_price_value
16BB0A0129B86E2C278E1D03281E6F52	invalid_price_value
16BC8163B0C09AE2FB09753FFFFFFFFF	invalid_price_value
16BCC635E36F60521BC0D132E2C26175	invalid_price_value
16BCF1FD594664CF0AD5E70058376552	missing_fields
16BDA680C2C27333A620FD92FFFFFFFF	invalid_price_value
16BDBDAF541931E4FFC08A8CFFFFFFFF	invalid_price_value
16BDF2BA667FE300B75216FBFFFFFFFF	invalid_price_value
16BFCB1B61616987189CDDE360096891	invalid_price_value
16C15E9DD9866D9C2FDE4866D8F86CBF	invalid_price_value
16C17AD3A7FDF4D41C79E0DDFFFFFFFF	invalid_price_value
16C1C3C081C66DF136BAD53A80B96CDA	missing_fields
16C31844157A602901770F40146A616C	missing_fields
16C36FDA09EB669D1BD2792708CD67EF	invalid_price_value
16C4F5DB0656B8B8D5DFE740FFFFFFFF	invalid_price_value
16C55D89D830B28C74508B91FFFFFFFF	invalid_price_value
16C6C9E89F02674E3623DF079E9066CF	invalid_gender_value
16C8CDEEA3BE65C33AD7D85CA7BE6B85	invalid_price_value
16C96972DF0C6EFA05137F21DE826F09	invalid_price_value
16CA790E02C8631F33F36AD1030F62D3	invalid_price_value
16CACBA63531FDD846B23FA6FFFFFFFF	invalid_price_value
16CB474118986FC3284E51A619E66E48	invalid_gender_value
16CC6A5FBF0C610B1B4A7F14BED560BB	invalid_price_value
16CDEE75851760991652F89A840C6105	invalid_price_value
16CFBC52AA2D63EC268BA9A0ABDD626A	invalid_price_value
16D1E84DF2A16011371CFCAFF388613E	invalid_price_value
16D22812D2BC68A113F63D5BD3526991	invalid_price_value
16D42753E5C2B85B6E668585FFFFFFFF	invalid_price_value
16D455364615DB3A4A180B76FFFFFFFF	invalid_price_value
16D4CD1EA4E46B312669DBC5A5606A6C	invalid_gender_value
16D57C1CBDFB600E37CB6A84BC92610F	invalid_price_value
16D5B58E37EF6F4E082AA0A336286E77	invalid_price_value
16D62E239F3890FC36B61C4AFFFFFFFF	invalid_price_value
16D6DD7EB9052CAA7C35672FFFFFFFFF	invalid_price_value
16D6E979D4776B5634C4FA9BD5096A55	invalid_price_value
16D7E149D43E67EB13C9FDB1FFFFFFFF	invalid_price_value
16D89EA064A761863F2B884F65CF602F	invalid_price_value
16D9672DB34361CA3C1371DAB29D604F	invalid_price_value
16DAE26A80BE6262147BF4CA81726307	invalid_price_value
16DF71D54FE66FBE162367224E8C6EAC	invalid_price_value
16E49F7CE03B603B031B898EE13061CF	invalid_price_value
16E806A6DE68671A384C12F0DFB0669D	invalid_gender_value
16ED66F1952E6D6C1765700894036CD1	invalid_price_value
16EE6D1CD48969F83DEF7B9AD5F36877	invalid_price_value
16F0152FA1CD6C93186A07CEA0236DD1	missing_fields
16F1B38D48BB247FD686A2F6FFFFFFFF	invalid_price_value
16F1CA9A05DC5B6C13ED811EFFFFFFFF	invalid_price_value
16F31369B8DA6F8605BE0463B9546E9B	missing_fields
16F4DE50FEB55911062D2EA4FFFFFFFF	invalid_price_value
16F4DE824916958A1F83F841FFFFFFFF	invalid_price_value
16F5170E1F4F65FA301B01FC1EBF64F1	invalid_price_value
16F62EF1A7D5E4BD02CADFB9FFFFFFFF	invalid_price_value
16F79C6652C7E71913111D3CFFFFFFFF	invalid_price_value
16F91E21A3AF63AB34B20A58A249623B	invalid_price_value
16FBAFE55C0F7B0B5BF915CDFFFFFFFF	invalid_price_value
16FDA74852676BD106C1B1B6536B6AB4	invalid_price_value
16FE00F3B4DE22A8E8111747FFFFFFFF	invalid_price_value
16FE6A10FCC9BA700FE2C925FFFFFFFF	invalid_price_value
16FEB4BAEC0A6C9118F5A24BED546D64	invalid_price_value
16FF112D675002EA680BF453FFFFFFFF	invalid_price_value
16FFDAE0843C61A7203ACE7D85A56079	invalid_price_value
17001166EDD96AF4010C029FEC1B6B50	invalid_price_value
17017B4E1E5C7368D712C1A9FFFFFFFF	invalid_gender_value
17037F4BA06A4D07C376D0E4FFFFFFFF	invalid_price_value
170589095E10A0C31012DB38FFFFFFFF	invalid_price_value
1706672D2B319F19C3666179FFFFFFFF	invalid_gender_value
170736A3703E17A1B4BF1A01FFFFFFFF	invalid_gender_value
170A96946A1FBB33DBED7F40FFFFFFFF	invalid_price_value
170B0DE6E3266E8B2C3A1915E2596F80	invalid_price_value
170E456ADB5663611A17513DDA7F62E4	invalid_price_value
170EDB2103BF68B409C6CC220222692A	invalid_price_value
170F8F7358136E4E249E9D0859716F4A	invalid_price_value
170FFB8E544D6F793B97EEB255606E05	invalid_price_value
1711BCB42E2D62D83C73ABB32F7B63E8	invalid_price_value
17123FEBBB0EA5C6B6B72663FFFFFFFF	invalid_price_value
1714D4EEC36ECE4A4D2033D4FFFFFFFF	invalid_price_value
171934F9D0186CC92F9E271DD1F66DE9	invalid_price_value
171A47BE384B6999171E546D39C168A8	invalid_price_value
171A4DB214A966630BCC594D152F6720	missing_fields
171A705CE533D3CC050FF77CFFFFFFFF	invalid_price_value
171B4651CCCDF74426B7D18AFFFFFFFF	invalid_price_value
171B5577ACBE656E1507439CAD5B642F	invalid_price_value
171BFE6BD8363C18449D6451FFFFFFFF	invalid_price_value
171C327F1AFD62991831257E1BEA63FA	invalid_price_value
171CC9FB22D1664918F0DD2E236F6774	invalid_price_value
171DF34B2E1926D47456CB14FFFFFFFF	invalid_price_value
171DF9756FDA651C3FC7EF8A6E51640C	invalid_price_value
171FE680E3A1876DD619CD8BFFFFFFFF	invalid_gender_value
17218630296D63EF00B495DB28196219	invalid_price_value
17258FFE9BBB6BCB0A1A990D9ADC6AE8	invalid_price_value
172631D723140537243F7C1DFFFFFFFF	invalid_price_value
1727363103CD5C06930D819EFFFFFFFF	invalid_price_value
1727AEEC30FBDA908DB34547FFFFFFFF	missing_fields
17282030BC23D9C3C9F362A7FFFFFFFF	invalid_price_value
1728EC7B3124BA3EF2A77730FFFFFFFF	invalid_price_value
172948E2E6E16D472EED5B34E74F6C3C	invalid_gender_value
172BC455D6BC66ED1CCAD2B8D783679D	invalid_price_value
172D30696790665E092126766657679E	invalid_price_value
172E275D788266C13580346D79546714	invalid_price_value
172F40582FA36620270A53012E0B6781	invalid_price_value
17309FFEAA336B0B2D748900ABDE6AB3	invalid_price_value
1730B3E72D3163CF3944A4ED2CC862E0	invalid_price_value
17315D1BCF37698B7AAF274DFFFFFFFF	invalid_price_value
1735E8FCF5446D3A3E1CFEE0F4726CF6	invalid_price_value
1736DCD06945209902BD02FBFFFFFFFF	invalid_price_value
1738C887CCD162BB20F8DEFACD646322	invalid_price_value
173A258EFA0D3AA4623B6D76FFFFFFFF	invalid_price_value
173C5060EB38674D006D41FAEA146656	invalid_price_value
173E7C3E4F2AC23731DE3F17FFFFFFFF	invalid_price_value
173E8B5B77EF40D684A04F7EFFFFFFFF	invalid_price_value
173EEB1B006F67721126E4C3014366A4	invalid_price_value
173F4AFFA8B9DB5121276E5EFFFFFFFF	missing_fields
173F778400266BB4200F616A01F06A6D	invalid_price_value
1740A419B34A502FFBEBDAB6FFFFFFFF	invalid_price_value
17415D76DF566C481CEF4B3BDE546D7C	invalid_price_value
174283C1120877857C023736FFFFFFFF	invalid_price_value
1743B3750467680B2B8DA589052569CB	invalid_price_value
1745855A8282055694637AB8FFFFFFFF	invalid_price_value
174902F8EC94AC9A706D2D8BFFFFFFFF	invalid_price_value
17498CD721911F159EF3BA37FFFFFFFF	invalid_price_value
174AA4D4BC7D6439B08BE38FFFFFFFFF	invalid_price_value
174E10499628495B4544DDE3FFFFFFFF	invalid_price_value
175166E1933764E03013701C921D6585	invalid_price_value
17529DF78BD60768675EED03FFFFFFFF	invalid_price_value
1752BB7E31B66DB72294ADE730936CC9	invalid_price_value
17538D54A38B6AA73CA09CA0A2996B66	invalid_price_value
175742CCC69B66571337540AC74967F9	invalid_price_value
17594D8E808763E420AC5B63814E6277	invalid_price_value
175C14D1F5F461FC20CE0225F4816014	missing_fields
175CE7C98B8784D770D9CCFDFFFFFFFF	invalid_price_value
175D3FB4BF2461C229942946BE7A601E	invalid_price_value
175D7F8818EEC34267E34AB6FFFFFFFF	invalid_price_value
175EBA37E4916F133ED9ACC6E5D96E4D	invalid_price_value
175F6D5AE193239AA9681A8AFFFFFFFF	invalid_price_value
176020D6356A6116349B36233484608A	missing_fields
1761799AAED36EEC0EC56F68AF5C6F50	invalid_price_value
1761C1F087C2662C2C11D5DA8683671C	invalid_price_value
176204093725A87925D0C9DDFFFFFFFF	invalid_price_value
176413DD1CDA65A41E2D06051D34643D	invalid_price_value
17645EF19DA9135A279192F0FFFFFFFF	invalid_price_value
1764CDC463776C290520D83D62996DE6	invalid_price_value
17658B96BE1E6C7107299C9EBF8B6D19	invalid_gender_value
1766B9ED5783671617ABAFE256FD66FA	invalid_price_value
1768D413D3176DB8228CC1D1D2666C60	invalid_price_value
176CAFE6EFAF6DAA38A7BAB1EECD6C3D	invalid_price_value
176DAB790D6F652B04E2BEE40C3D6477	invalid_price_value
176E9F14472C3B87FA46E89FFFFFFFFF	invalid_price_value
176F930A6EAE65DF37FA85E26FD06469	invalid_price_value
1770258E67FD616123073370669E60E5	invalid_price_value
1771279CD42F67131BDD289FD50666AE	invalid_price_value
17713CCAFC7F6C7C0AD52A3DFD0A6D4A	invalid_price_value
1775C91909B15CBDD6916BD0FFFFFFFF	invalid_gender_value
1776034115696D050D7712E114266CDB	invalid_price_value
17765799F0E36965118F416BF1A0680F	invalid_price_value
177761D699A86DA522A0723298C36C2D	invalid_price_value
1777F5C8B76268083D5CE00BB6DC69C9	invalid_price_value
1778847F9205611303BF92DC93EA6031	invalid_price_value
1778BC57C5BA04748ED6F9E9FFFFFFFF	invalid_price_value
1779AF7E641B7B41A1DE04F5FFFFFFFF	invalid_price_value
177AA79D711E6B8C218EB1B770956ADE	invalid_price_value
177AD9B85C305069097A2800FFFFFFFF	invalid_price_value
177B14E51676B7A234EF3395FFFFFFFF	invalid_price_value
177BCBA41BDE3BFD4410524FFFFFFFFF	invalid_price_value
177BDC8B0275694D0BBACA3C0341684B	invalid_price_value
177D994FEA94636B277A8E4BEBF362E8	invalid_gender_value
17806DBCE5C4ACB23D42BB0CFFFFFFFF	invalid_price_value
1786FFA2312A6065035EEBC1302261AE	invalid_price_value
178AE0A04E724D8D01B20F11FFFFFFFF	invalid_price_value
178B1B76677F67FD0CDC15C366C1668F	missing_fields
178B5E2ABAAE6D013E72492DBB5E6C33	missing_fields
178C8560F06759BEFA639A62FFFFFFFF	invalid_gender_value
1791249E5FD369670CD732715ECE6896	invalid_price_value
179280250496660A1F5596D9053C67EF	invalid_price_value
179398F2979E6E7832418E1A964D6F61	invalid_price_value
17939F86204963C51A43896E218E62C1	invalid_price_value
179697A3B226648F37EB80AFB3F065C5	invalid_price_value
17992C072ACB11B8CB518CC0FFFFFFFF	invalid_price_value
179B2A938068627F17853C7B81B3634E	invalid_price_value
179C096D94B4679D2F3C18B595DD663C	invalid_price_value
179DABE16211694B3F34BD83634E685A	invalid_price_value
179DC4D9674B60510309D11E66C06194	invalid_price_value
179E251DFA8765203BDB30C1FB1364D5	invalid_price_value
17A0877C11C4614A2100928F104260EA	invalid_price_value
17A10D0177F50DAC74262391FFFFFFFF	invalid_price_value
17A1126B8EF89823E596AF45FFFFFFFF	invalid_price_value
17A4179D8E3E16CBFB4AB5B3FFFFFFFF	invalid_price_value
17A6F1EAB2DC66E323F8E71FB32A67E7	invalid_price_value
17A77C83027B6505395A6A7A03BD64A3	invalid_gender_value
17A9D429EB926C5822B4C2F5EA646D62	invalid_price_value
17AAC7B3C13131E6DBE716C6FFFFFFFF	invalid_price_value
17AB499E008ABDC3507E1658FFFFFFFF	invalid_price_value
17AB683206D4DBE1CE5DF7AEFFFFFFFF	invalid_price_value
17AC34DC41C6685A0388202740CE69B7	invalid_price_value
17ADBCB19C22698E0F74AA6E9D7468AA	invalid_price_value
17AF7CF6A168ADB74FFA4D0FFFFFFFFF	invalid_price_value
17B129D267CB731BC7569B01FFFFFFFF	invalid_price_value
17B132E62FA96B851CF724182E046A39	invalid_gender_value
17B1C1FBE2BF61A2273DD770E3C160A7	invalid_price_value
17B3897A5F2660B0195E9E795E57615A	invalid_price_value
17B6260E44318643696C37B0FFFFFFFF	invalid_price_value
17B712DBFCE664D10E52042FFDCF65D4	invalid_price_value
17B716BAA3C615E2AF4C9B26FFFFFFFF	invalid_price_value
17B73353C15765B03179268EC093649D	invalid_price_value
17B81264CE2E671921690463CFF866A4	invalid_gender_value
17B880A0D287665C18A897A4D36A676F	invalid_price_value
17B8DDE9EC39019AA5B0221EFFFFFFFF	invalid_price_value
17B8E5CCC6F70721B452A7D5FFFFFFFF	invalid_price_value
17BAAD479601695A805A3F8CFFFFFFFF	invalid_price_value
17BADB3B75F4E74449F13BAFFFFFFFFF	invalid_price_value
17BBE1390C6D6F963C2CF7930D8E6E47	invalid_price_value
17BD26055CED65491C8635085D166410	invalid_price_value
17BD40A2A6A8653620895620A7D66414	invalid_price_value
17BF2265395564B7AB2D4701FFFFFFFF	invalid_price_value
17BFEA975DE16DBE2B25FC7A5C736C93	invalid_price_value
17C159D55BD8622C29824D255A7063DA	invalid_price_value
17C33B645A4E6F4803FE2D9A5BFF6EB8	invalid_price_value
17C3E7F9F435A93948ECFB38FFFFFFFF	invalid_price_value
17C55F8D44826C6C3C4D4978450E6DDE	invalid_price_value
17C6EC7F219161783554FA9620EA607B	invalid_gender_value
17CAD01EA8FCA97F33F5D9A1FFFFFFFF	invalid_price_value
17CB21F889E365E6295A36F0887564DE	invalid_price_value
17CCE140B5CA4DE90F52F12DFFFFFFFF	invalid_price_value
17CE9BD74E746BF13D3A8BC64FDC6AAF	invalid_price_value
17D143AB709861F23BAF55AA71B160EF	invalid_gender_value
17D1D264A2B42EE59EA9902FFFFFFFFF	invalid_price_value
17D389195DBE6CF2FDA8690AFFFFFFFF	invalid_price_value
17D70EDD69756B611BB3182B68276A32	invalid_gender_value
17D777716427C4AF8FA5B543FFFFFFFF	invalid_price_value
17D7CC59AE7F52891D4836B8FFFFFFFF	invalid_price_value
17D90E22F9126583309E1B6EF80B647E	invalid_gender_value
17DBAD216EE665021948BBCC6F166413	invalid_price_value
17DD4F7C045E6C2F0BF359A505C06DBA	invalid_price_value
17DE9A30D4AF688D0D488C11D5CD690F	invalid_price_value
17E1C1117A3693A74F7BDC93FFFFFFFF	invalid_price_value
17E1D87B2934685E031FCE8F28EC693A	invalid_gender_value
17E2695252E088B65412BA78FFFFFFFF	invalid_price_value
17E29CF15A3166E60F2A8A075BF767F7	invalid_price_value
17E443CA6128DFF8EA71C2CBFFFFFFFF	invalid_price_value
17E58C68F3116FFF082B9AC6F2916E6A	invalid_price_value
17E70C4EE678EFE6D5371E22FFFFFFFF	invalid_price_value
17EA660A492D674FBB20E75CFFFFFFFF	invalid_price_value
17EB93940A07F1D838F6DB2FFFFFFFFF	invalid_gender_value
17EF7B9B500785EE98D84328FFFFFFFF	invalid_price_value
17F04696AE1F61C6139350B2AF366065	invalid_price_value
17F05CA1AE3C68AC1D7D4BABAF2B697F	invalid_price_value
17F46E543CCBA8AF3EF886D9FFFFFFFF	invalid_price_value
17F477CB154E6549322160C414BE6439	invalid_price_value
17F5EE95400F6614D6B7EA02FFFFFFFF	invalid_price_value
17F63D7782BEFD7E5ABA5938FFFFFFFF	invalid_price_value
17F65F8A85EC413C52346C9AFFFFFFFF	invalid_price_value
17F7CE656AF85A04CCF0F6F8FFFFFFFF	invalid_price_value
17F94E226D77B03F2BA9B5F8FFFFFFFF	invalid_price_value
17FBEF3E5BB76D522693F9D55A346C7D	invalid_price_value
17FF3A39EE036C6CB34422A0FFFFFFFF	invalid_price_value
18000BECAA626DD8390E1D80AE6263FB	invalid_price_value
1801341CD97011A6FA29734FFFFFFFFF	invalid_price_value
1802C45A8D216651155ED2BB8C5F672C	invalid_price_value
1804C5921754BC87C6FD67CAFFFFFFFF	invalid_price_value
1804E3826781797531129A16FFFFFFFF	invalid_gender_value
180502278E1D1CDA58551D74FFFFFFFF	invalid_price_value
180534194FC96E1F3EE921B44EBC6F45	invalid_price_value
1805EF0FB3256A072D0BF9D6B24A6B00	invalid_price_value
18088E8487423C4886DFA9BCFFFFFFFF	invalid_price_value
1808BEEC1E1B6E4A0D64A9E31F746F99	invalid_price_value
18097FCFA2176B06348F693EA3036A6E	invalid_gender_value
180C5B0DFF76C94585294D4DFFFFFFFF	invalid_price_value
180C74A2C8657483A78DB369FFFFFFFF	invalid_price_value
18109910F663EBB3D10F70E9FFFFFFFF	invalid_price_value
181232DD38446D3D208F25D139EE6C3E	invalid_price_value
1812E43F574C60982FABF33A56466198	invalid_price_value
1814EEDD9F6D60373B75F9D59E3B61A2	invalid_price_value
18164DD5574361BE265759C7569A6037	invalid_price_value
181B4AA331BC65052B245C4B30AB6405	invalid_gender_value
181B51142B7991EE4D690F7FFFFFFFFF	invalid_price_value
181DF35592C26B9733C8E45393656A0E	invalid_gender_value
181EFEC7850369D71DB0EA45842368F9	invalid_price_value
182099922540A09FEEB39A09FFFFFFFF	invalid_price_value
18241FA5A95E63E711460A86A80862AB	invalid_price_value
1824C0E99CC39CF820AA41B0FFFFFFFF	invalid_price_value
18267F97D5686DB73F0E6B08D4EC6C8A	invalid_price_value
182856DD427D67A4379E402243F66660	invalid_price_value
1828B4F5B790F69AE284A6E8FFFFFFFF	invalid_price_value
18292A40E4116EB711A53D45E5E86FC6	invalid_price_value
182BDC912BB37007C83F9171FFFFFFFF	invalid_price_value
182CAAC720946BCE27F5BC2F21C36ADF	invalid_price_value
182DD631A786652B1D2FC0C2A64764F7	invalid_price_value
182E3251A7FB6C260E362558A6AE6D84	invalid_price_value
182FE15F12F389723B50C0A4FFFFFFFF	invalid_price_value
18309D5E9F7A695639EA88FF9EF6680C	invalid_price_value
183267697A9A622B2BAF71877B206360	invalid_price_value
1832A9C5C20B6D5A39D5BC8EC3926C15	invalid_price_value
18334E7102E56AB61922588F03906B18	invalid_price_value
183542D701DE05B42B46DA62FFFFFFFF	invalid_price_value
18355FB2822B6D7F1F48497983246C12	invalid_price_value
1836342B90B16517FB1D1FCFFFFFFFFF	invalid_price_value
1836A923B036A27104EA7E16FFFFFFFF	invalid_price_value
18372DB701E07309A643DEA2FFFFFFFF	invalid_price_value
1837762E439C66F623F260C342316716	invalid_price_value
1837A24C0C009C2F52031A9BFFFFFFFF	invalid_price_value
18383B6C634025C83B6A25E0FFFFFFFF	invalid_price_value
18399F984146693E06938977403368C4	invalid_price_value
183A216C5E806C5A0C5D37F55FDC6D51	invalid_price_value
183A3A51142BCAC5189DF6F2FFFFFFFF	invalid_price_value
183A3E6EF2CB36BC31FFB1A9FFFFFFFF	invalid_price_value
183A7C1200656DBA36B06A61011B6C97	invalid_price_value
183FDCBA1F5E2856E0300DBCFFFFFFFF	invalid_price_value
1840052CC984684C260313D5C81669E2	invalid_price_value
184039523840EE47A59F0364FFFFFFFF	invalid_price_value
1840584E41CC6AAD2F9E4EA540396B82	invalid_price_value
1840735CD9A76CDA294165AED83A6D1C	invalid_gender_value
1840A114AD3E314D1A63F887FFFFFFFF	invalid_price_value
1842A38B5B33696E16B7B51D5A5F6864	invalid_price_value
18436552FBD96F1105F973ACFAE36E9C	invalid_price_value
1844F7C411B366943782E1C6109E6785	invalid_price_value
1847F80F7CEC6FA51C08EEF97D626E74	invalid_gender_value
1849680FBA5960A009B37D53BB8F619F	invalid_gender_value
1849AD3ABCBA607202B8BF71BDCF611D	missing_fields
184AF8B6D5421CEACE4EF371FFFFFFFF	invalid_price_value
184D02F361166E32364616F860D16FA0	invalid_price_value
184D679BFD8962662A747147FC3C63AF	invalid_price_value
184D9142AEA3656731788648AF0E64E4	invalid_price_value
18504846F87F65F72C445ED6F9D26491	invalid_price_value
18504AC87BE668C322305E717FE666BC	invalid_price_value
1850BE5B1ADD6CA411E3A8BC1B796D43	invalid_gender_value
1851454F579666B3027153C1561E67D8	invalid_gender_value
18539A84D39F6BF3260D8CB3D23E6A16	invalid_price_value
185986B8F51F6E1B048B902EF4826F9E	invalid_price_value
185A2431CBDC491E777E3061FFFFFFFF	invalid_price_value
185B135BD24B8588693EB280FFFFFFFF	invalid_price_value
185B48A954AC4E7959E6EE72FFFFFFFF	invalid_price_value
185C4726F8020894B9D3B299FFFFFFFF	invalid_price_value
185D607276DAAB4673E2D002FFFFFFFF	invalid_price_value
185DFA9F6FE860433C72ED996E556174	invalid_price_value
185FF4C1F4676BA00A46E192F5416AED	invalid_price_value
1861D6F1E3AC6390678761A9FFFFFFFF	invalid_price_value
1862588C01F8FB171B1FCE78FFFFFFFF	invalid_price_value
18641F5B6184671726C20CF76008669D	invalid_price_value
18660710075B62C822E711FD06CD63BF	invalid_price_value
1866D44B1829617C342CC1DD19EE60D9	invalid_price_value
186861CB672027914E76BCC8FFFFFFFF	invalid_price_value
18690D57467F171AB8CDA9AEFFFFFFFF	invalid_price_value
1869354B273BEAA6D2BCD92AFFFFFFFF	invalid_price_value
186A0923A7316C9F258F1C15A6B56D1B	invalid_price_value
186A450D22A66AB9087E53E523C16BF3	missing_fields
186A9D756FC732AE658877F1FFFFFFFF	invalid_price_value
186CE3F6B9E36D400374F506B8356CF7	invalid_price_value
186D3682252B61D82B45202C245560BD	invalid_gender_value
186E6D1FAD1B6CD10C277BE3ACCA6D88	invalid_gender_value
186E7BE534AD60860DE46D6035DE61DA	invalid_price_value
187223D8BB2C61070AE0362DBA926045	invalid_price_value
18745F61B1E06D1A391A4986B0666C62	invalid_price_value
1875A8FD3269A6406E2BBC5AFFFFFFFF	invalid_price_value
1875FC7F429863C41586E9D2430162A2	invalid_price_value
1876623B942A73F8A81281BAFFFFFFFF	invalid_price_value
1877C4A39C4E61141889D2C79D5860F1	missing_fields
1879A039A44F690B3146B6CDA5DB68D2	invalid_price_value
1879DBC8DFE8240D948C0A84FFFFFFFF	invalid_price_value
187B37F34F81655F5A4FC192FFFFFFFF	invalid_price_value
187C9C9A9CDA6B9934878A8C9DBB6A63	missing_fields
187D88AC74D1614B21C49E7775F7608E	invalid_price_value
188345085A1568DA1BB6505E5B0D698C	invalid_price_value
18839CA2033C2D6D73DA6FD2FFFFFFFF	invalid_price_value
18858DD7A65960F319709B25A7276122	invalid_price_value
1886185234117BC67A31E41BFFFFFFFF	invalid_price_value
1886BCA4DBFA671C0BDAAA59DABF6603	invalid_price_value
188936171BFF6C623DFB20E81AB96DA8	invalid_price_value
188B16D44EC7907E405D9BB1FFFFFFFF	invalid_price_value
188B60CCFAB52A9DC500A796FFFFFFFF	invalid_price_value
188C51DD1DEA6B1B097A47E71C9D6A34	invalid_gender_value
188D97D847E464F627388165462765D3	invalid_gender_value
188E9EA82AC6CB32B7158AA9FFFFFFFF	invalid_price_value
18903B19405CBFBA48E6AC17FFFFFFFF	invalid_price_value
1890EC9E74666CAD3015FB9D75A46D1D	invalid_price_value
1892238BE8196C4C165C3483E9926DD5	missing_fields
1892D3CE4C0D605D097EC69D4D896111	invalid_price_value
1893B6F217FE6CEC0892A04616606DD7	invalid_price_value
1894D96BAF1A1DA496D51827FFFFFFFF	invalid_price_value
1894D9A1EAC74013B892009CFFFFFFFF	missing_fields
189523C15F71695F22B5373E5E056853	invalid_price_value
18963E3A41594EA597AEE238FFFFFFFF	invalid_price_value
1897D0928C1D693E27BCC7988D746869	invalid_price_value
18987B49806F6BF43BD36DBA81E46A32	invalid_price_value
189930C2377E933CDF773999FFFFFFFF	invalid_price_value
1899A30654AB68C90FE3B0D7558269E3	invalid_price_value
189A63E049E9011BAF6F85DCFFFFFFFF	invalid_price_value
189B2B1EF86965F019C93DD5F9EF649E	invalid_gender_value
189BDB42CBF4611E3D63CC48CA7A60C2	missing_fields
189D3DDBB9C86B970D092ADFB8266A93	invalid_price_value
189D9CFEE0DD0B43603DDAF2FFFFFFFF	invalid_price_value
189D9DA3BB8A6B3120368B51BA246A40	invalid_price_value
189E6595766F6246388B7297771E63B8	invalid_price_value
189F78A5F0E80E7173CB5BFAFFFFFFFF	invalid_price_value
189FF6C4B2FB01EC2AEB1B96FFFFFFFF	invalid_price_value
18A0DCDE95A36D2737B2CF0A94B46C58	invalid_price_value
18A108B4DBA460360C6B1E5ADAD261D2	invalid_price_value
18A4411092DB69241B6257E193F06820	invalid_price_value
18A5D56CDE8862D92985C397DF9663F8	missing_fields
18A7373223DACB0AFB2C3A92FFFFFFFF	invalid_price_value
18A931DAF4871299121E4E2EFFFFFFFF	invalid_price_value
18AA5071AFB2D2010C8CD8B2FFFFFFFF	invalid_price_value
18AA6BB85CF5611009A97D835DD8602B	invalid_price_value
18AAD5E468BA6F4F0505C2E369F46EDA	invalid_price_value
18ADBA9E363EA5AE1DDC5E49FFFFFFFF	invalid_price_value
18ADEF605F12692810B2F90F5E3768C1	invalid_price_value
18AEDBF08B20620E29C0C84E8A8B63C7	invalid_price_value
18B093A2988D6F963AFF84AC99346EEE	invalid_price_value
18B0AD41384F4484BF736C32FFFFFFFF	invalid_price_value
18B0E9E1B2DDA774AC6E652BFFFFFFFF	invalid_price_value
18B3F038005B61B53D0FE6CE01CF6052	invalid_price_value
18B47E4E23BB622739CB6A34227D63D2	invalid_price_value
18B56D1CC0746B010DA37BD8C1466A2E	invalid_price_value
18B76EFEA2876CD73573785CA30E6D0C	invalid_price_value
18B79E53FCEF6913233B8B56FDF86832	invalid_price_value
18B835C8D48C6ADC23F92362D5CC6B2D	invalid_price_value
18B856A403EB0925055B2372FFFFFFFF	invalid_price_value
18B8BB74F5A766300514ADF0F4A667A7	invalid_price_value
18BBF43C025EDF1068EF27FBFFFFFFFF	invalid_price_value
18BC0FE4041A1B798CBF88B5FFFFFFFF	invalid_price_value
18BC4DBAA77254B4A70D01D0FFFFFFFF	invalid_price_value
18BE4EB4BC476FF51C6E5AD7BD6A6E4C	invalid_price_value
18BEDB12FBC862112B2FCC19FA9E6326	invalid_gender_value
18C0D6B7779D61911310C04A76B06019	invalid_price_value
18C11B0C182962823BF20DED192163FE	invalid_price_value
18C1E0CB403569C12CCFF627413368AE	invalid_price_value
18C4802441DE68FB3F7996C240A06999	invalid_price_value
18C6E32090C4C35E844EB4C4FFFFFFFF	invalid_price_value
18C78563B76169B22D889396B6F168A9	invalid_price_value
18C86332CC9C6155298175CDCD86606B	invalid_price_value
18CB8CEC22336F651CE98238231F6EDF	invalid_price_value
18CBF5E13B8868EEC1B2EAB0FFFFFFFF	invalid_price_value
18CC5D3B13057DE28CA80126FFFFFFFF	invalid_price_value
18CD8EF5DA7504C6B52167CBFFFFFFFF	invalid_gender_value
18CF68FC30F067542B0C7C1531F76676	invalid_price_value
18CF9C42F20956FABEEE473EFFFFFFFF	invalid_price_value
18D145CAAC842AC17CEF81E3FFFFFFFF	invalid_price_value
18D1493A1326610F34DA5FC6123A6073	invalid_price_value
18D2935D54CE60A5241985A5555F610C	missing_fields
18D6E3BFC013696717B2F061C16D6870	invalid_price_value
18D768E7DDF5585D6BA380A2FFFFFFFF	invalid_price_value
18D7A6858AB6B4D1DF518973FFFFFFFF	invalid_price_value
18DC31D559A46CFE36A6273358816DD2	invalid_gender_value
18DC7A98842C994D596D6F17FFFFFFFF	missing_fields
18DC97F07376EB7CEE679715FFFFFFFF	invalid_price_value
18DE8A4087596BD62A009CB086DF6AA9	invalid_price_value
18E220934F5D6C54227734764E4F6DA1	invalid_gender_value
18E44394E8B268C41FE65565E99A6917	invalid_price_value
18E5B42D948F4A6D165CC2DFFFFFFFFF	invalid_gender_value
18E63963E2119775B4876C24FFFFFFFF	invalid_price_value
18E8FA3B53D562580D93ECD352CD63E7	invalid_price_value
18EAD4C58DBA6A7B1767C1048C626B68	invalid_price_value
18EDED69BB7368A215C9FA61BA1469EE	missing_fields
18EDF18AAA78E004659C464EFFFFFFFF	invalid_price_value
18EF6B65B28E454A32FA4923FFFFFFFF	invalid_price_value
18EFC89A4FDD1359CC352A8BFFFFFFFF	invalid_gender_value
18EFD1BA822E6EA404ECC7D583886F04	invalid_price_value
18F0E70C46EA6C283624F3FF47886D04	invalid_price_value
18F2EDC64E08BF475AAB8D26FFFFFFFF	invalid_price_value
18F305FADE83E2C3E2F02A98FFFFFFFF	invalid_price_value
18F3A0A083F864D12646B64F82A66582	missing_fields
18F626DD06F3EB9587002797FFFFFFFF	invalid_price_value
18F7155F136763E01CD00322123462B3	invalid_price_value
18F74F7C60A16C092C88598D61066DBA	invalid_price_value
18F796403C266460378280D33DAB6587	invalid_gender_value
18F80A98EAE7DC890D4F799EFFFFFFFF	invalid_price_value
18F8798899226E7F3AB96E8898B06FB8	invalid_price_value
18F9964560ECEEA8994D4B7CFFFFFFFF	invalid_price_value
18FAC276C2B8E88F7FEDB408FFFFFFFF	invalid_price_value
18FAC9B8A84C6B322167DEB9A98E6AE4	invalid_price_value
18FD7EEDBE6964F535E668BEBFE965C6	invalid_price_value
18FD9053CB309B5DB074722AFFFFFFFF	invalid_price_value
18FE51B49E9C6E660D3A46B79F346FA0	invalid_price_value
18FEFE22EFA66B7926E3EBBFEE8F6A9E	invalid_price_value
18FF6087EA3E682D37917594EB956900	invalid_price_value
18FFE00958D40451E2BAC786FFFFFFFF	invalid_price_value
19000A97B7D86D9C39C51F58B6236C84	invalid_price_value
1900BF522AAC60081F0AABCF2B896158	invalid_price_value
1902B3557EDB9818497B1AD4FFFFFFFF	invalid_price_value
190409D09B8E6779088D1F289AE7666B	invalid_price_value
1905E0E32D7B7574ED8B0165FFFFFFFF	invalid_price_value
1905F31958C66C781891E5EF59546D19	invalid_price_value
190833F643CFD7DEC8DD8C76FFFFFFFF	invalid_price_value
1908EAD5315D637A1995FF5D30D2626C	invalid_price_value
1908EB9685A66F671A5BFD66841C6EDC	invalid_price_value
190B5BCED90BE17803D8A023FFFFFFFF	invalid_price_value
190E00DA8E9268AF185716068FEC69AB	invalid_gender_value
190E855EDBBB671E305090A1DAF26615	invalid_price_value
190EC9CF1DAF6C053BDFDF361C796DD3	invalid_price_value
190F1778E2936E5E209206F8E3466F68	invalid_price_value
191349370E26660C26AB5AA80FDB67F6	invalid_price_value
1913DA23BD296662012BCCD8BC4F67C2	missing_fields
19140E5D2B3B6D5D14E718272ABE6C82	missing_fields
19149B93D16A353804B233F1FFFFFFFF	invalid_price_value
19152F06BDAD64AA1B993947BCCF658E	invalid_price_value
1915F3DF737F617AD1305FA7FFFFFFFF	invalid_price_value
1916D8821D226F490641CE4D1CB06E26	invalid_price_value
19183F11676901CD30CC7E80FFFFFFFF	invalid_price_value
1919B38120ED8ACC24D5AD57FFFFFFFF	invalid_price_value
191B0722836F67BB3F0311CC824A6661	invalid_price_value
191BBA1159D76D3E1E17ACD158F26CD4	invalid_price_value
191DE8DBBF7810719EE697A6FFFFFFFF	invalid_price_value
191E8356A66160ED353697B7A73761E8	missing_fields
191F07E11A1163493D5B10E31BBC626E	invalid_price_value
191FDD693BB065081134CB803A3B649D	invalid_price_value
191FE488CEE0A1029C0A7177FFFFFFFF	invalid_price_value
1920C0D805F365B240A87BFEFFFFFFFF	invalid_price_value
1922B223B24263062F7BA522B337628D	invalid_price_value
19231313614661D42604041560F460A1	invalid_price_value
1923756B433C863A67D1DD24FFFFFFFF	invalid_price_value
1923979645FEA15340C79F0AFFFFFFFF	invalid_price_value
1925AB57FA5ECB39A865AB9EFFFFFFFF	invalid_price_value
192631B457B561113ED3272D56066033	invalid_price_value
19288F47B68467903EDD99B8B7D86647	invalid_price_value
192B088C9EE3644C23231C919F67654E	invalid_price_value
192B15DE63E07855B8EDD274FFFFFFFF	invalid_price_value
192CFC3169B86C2417FCE9CA6DB86207	invalid_price_value
192DB0C5E77764471EABA62DE63465D3	invalid_price_value
192DB89D131C1E4DEE02ADAFFFFFFFFF	invalid_price_value
192F414D0A3607942E160E38FFFFFFFF	invalid_price_value
1931BC37CDBE6CE42A03A847CC836DA4	invalid_price_value
1936696709B56C22D10399F7FFFFFFFF	invalid_price_value
1938E8715FAB9FD1571D1547FFFFFFFF	invalid_price_value
19393B2BC2E4F1694673906CFFFFFFFF	invalid_price_value
193A11B21A1AFEEDB66EEEEEFFFFFFFF	invalid_price_value
193AF0D70F3A64511AF7E62D0E29655C	invalid_price_value
193B4FBA80C06C671B145A2281836DF4	invalid_price_value
193BE23E9B5760A30B5EF7E69A2861ED	invalid_gender_value
193C5B385A086F1E08584DF25BD16E19	invalid_price_value
193E7960E6552BA3A125BCFEFFFFFFFF	invalid_price_value
193ECF749F1C745894067B05FFFFFFFF	invalid_price_value
194162DAC4DED19756A696DFFFFFFFFF	invalid_price_value
194296D1A4BC6C71334F81D2A5286D97	invalid_price_value
1945FC637834646D0D63EADE79326522	invalid_gender_value
194614926492691B0B630396656768D3	invalid_gender_value
1946928555976BCF225884A354216A26	invalid_price_value
1946B5F88CD7BDCDE60013BCFFFFFFFF	invalid_price_value
1947F5AC953C648D1439E1FB949265E4	invalid_price_value
194893C4518C6ECA190C8535501B6F7B	invalid_price_value
1948DAF0F57A20C5BF2AB7A3FFFFFFFF	invalid_price_value
19494E0BAC6761A700FC58F6AD0360BA	invalid_price_value
194952C35B3F048EC539A590FFFFFFFF	invalid_price_value
1949D733DA03D847F9F3B82CFFFFFFFF	invalid_price_value
194A934D71AF68B7306685BF70C069E7	invalid_price_value
194B2667617663E21C6F316160B162FE	invalid_price_value
194B3E177B2D66E119792A1F7A7A67AE	invalid_price_value
194C29C492066E26116A3F3593236FFC	invalid_price_value
194CE40D730649827394A9D5FFFFFFFF	invalid_price_value
194EB034466C925765E0592FFFFFFFFF	invalid_price_value
194F730B575FFF8E78406F54FFFFFFFF	invalid_price_value
1950834DA58D651D253D95BDA428645E	invalid_price_value
1952C58989016C9E146BD32188876D47	invalid_price_value
19554598AA97604F534968A5FFFFFFFF	invalid_price_value
1955985DD1BD7E6BD5ECF2B0FFFFFFFF	invalid_price_value
1956011839E474CB58CDC48FFFFFFFFF	invalid_price_value
19561D2A75E462D928B30E21745363EE	missing_fields
195801E74B297767FE724BD1FFFFFFFF	invalid_gender_value
19586E3E573287916B0B5AEAFFFFFFFF	invalid_price_value
195912F87862A3DDB6C2C7DCFFFFFFFF	invalid_price_value
1959DB17AAE267262833CE08ABC76655	invalid_gender_value
1959DDE4F10B0C8BAA7E8AC0FFFFFFFF	invalid_price_value
1959F1A42C40683102B9E75B2D9569C2	missing_fields
195A4B86E18A674F00915D31E0E566C8	invalid_price_value
195B5ED7F0C56CEE1CEA483DF1046DDF	invalid_price_value
195CE650CFC3E14FD2E40540FFFFFFFF	invalid_price_value
195F08FAD69FA5724C262204FFFFFFFF	invalid_price_value
195F9019A47F8C24E6686158FFFFFFFF	invalid_price_value
1962EF7E208B60F73FC7F8772158615D	invalid_price_value
1964506246D46AC20C08469447AA6B40	invalid_price_value
1964CA7307DEEF2C274B7AF8FFFFFFFF	invalid_price_value
1964F0DE2B4B642C24BDE4202A3465D6	invalid_price_value
19650370AE7DE748D3401ED9FFFFFFFF	invalid_price_value
1965F3488CFE57B00BC6EC22FFFFFFFF	invalid_gender_value
1969A5402D9E6924350EB3072CCB6822	invalid_price_value
196B4A878D6D64F7312F5C7E8C3B658A	invalid_price_value
196C069935F5877B7CE98392FFFFFFFF	invalid_price_value
196D2F19C93B82BC31DC6ADDFFFFFFFF	invalid_price_value
196D3ADFC3EFBAC5059B31AEFFFFFFFF	invalid_price_value
196D3EBC5BEF68522EBC285A5AFC69CF	invalid_price_value
196EFD6665B96AB6399DEBDA649A6B84	invalid_gender_value
196F97FB98A265090F1881529957640C	json_parse_error
19711B04E9006D0A8CCA0423FFFFFFFF	invalid_gender_value
1975DDB537F51D0825911E34FFFFFFFF	invalid_price_value
19768CD20C43675B1136990A0D3666F1	invalid_price_value
1976BD59467F6A9F153FABAD473C6B88	invalid_price_value
1976DA5EB2206D232910CF4AB34A6C77	invalid_price_value
1977F7A13AB168B01821E27E3BD3696A	invalid_price_value
19786F13CCA66ADD239179BCCD576B7A	invalid_price_value
197890997A0F8F8935F5E692FFFFFFFF	invalid_price_value
1978D57FF3A166C20C27C389F287678B	invalid_gender_value
197A6912AC436684189B7FEEADB66756	invalid_price_value
197F0058C08FC2C84B0617CEFFFFFFFF	invalid_price_value
197F44681FA16D5B2ED9529B1BA16FE3	invalid_gender_value
1980BBF1DEA1675028E3AD19DFF06630	invalid_price_value
1981BE332E3BD409AC2731E8FFFFFFFF	invalid_price_value
1982F5CAD8C065F63848E179D9356400	invalid_price_value
1982FB418E836FC73D7FEE898FAA6E80	missing_fields
1984150B08D06E600EB603F6096A6F1B	invalid_price_value
1984AB7F08236923331ABD8209DF6874	invalid_price_value
1984AE0EF10F6F78021CB8E2F0986EF6	invalid_price_value
19862A647BC66CC236303C947A6B6DF4	invalid_gender_value
1986879A946B69ED0301909795C1686B	invalid_price_value
1987C0A4D76B656C3EB8D214D6C66482	invalid_price_value
19883F9CCB7E6A9714A6309ACAAA6B7B	invalid_gender_value
1988DDE2C8EDA39C7DC54187FFFFFFFF	invalid_price_value
198A80436B566437077394D06AA865B7	invalid_price_value
198C5DA61C8967D711134AA21DED6664	invalid_price_value
198F208A90F56C36274C368A919F6DCA	invalid_price_value
1991D77E0DA961253208C11D0C006006	invalid_gender_value
1993D138F19B69CC31DAC7CEF0686824	invalid_price_value
1994090C8B01B530677CF448FFFFFFFF	invalid_price_value
1994D90F3B7F619620C5CFFF3A876046	invalid_price_value
1995A239985E64C53BBEB45C99346519	invalid_price_value
1995FEE06A456C663660E80C6BF56D83	invalid_price_value
199783E78FA5F09B7E7BA485FFFFFFFF	invalid_price_value
19982E5C9B456EEF137839589ACA6FE1	invalid_price_value
19983D196BAB27AD81273F09FFFFFFFF	invalid_price_value
199898F2D931BF487EA7B12CFFFFFFFF	invalid_gender_value
199A7D6FDCB439ABC06E07A2FFFFFFFF	invalid_gender_value
199C3234C64C6D7502BE2403C7BE6CF8	invalid_price_value
199CF1DE5A71112F91157C20FFFFFFFF	invalid_price_value
199DC49A3D97C025C7F01AC1FFFFFFFF	invalid_price_value
199ECD29F6C469286674F722FFFFFFFF	invalid_price_value
199F88579A9A6C1635029EA69BF06D9F	invalid_price_value
199FA451ED3665BC1E5FAA35EC52642C	invalid_price_value
199FEF0121B6D7D549728303FFFFFFFF	invalid_price_value
19A09CDC7C3BD346AC4AEE12FFFFFFFF	invalid_price_value
19A112E4180F31611FA4663BFFFFFFFF	invalid_price_value
19A18007A443629318F29610A5E263D2	invalid_price_value
19A1D1DFEE240B8623FE2EF3FFFFFFFF	invalid_price_value
19A2C9CAE8766E6634DDDF23E96A6F2F	invalid_price_value
19A52291142165D41D793462156064DF	invalid_price_value
19A67CA786646DEC2D55698887166CE8	invalid_price_value
19A70525D6676F3B373B13D8D7196E15	invalid_price_value
19A94115645D653C184D573365DB641F	invalid_price_value
19AA84650399609122459288026961C9	invalid_price_value
19AACD4238A8B3456394CC52FFFFFFFF	invalid_price_value
19AB7A03391761170A826D00386960C8	invalid_price_value
19AC05761A728F9F92D72BD1FFFFFFFF	invalid_price_value
19AF04B3DCCB63F03DED1248DD40628D	invalid_price_value
19B0E0F14AFD08D2A6795C54FFFFFFFF	invalid_price_value
19B19F2D8E7D670210AA89EE8FA266EA	invalid_price_value
19B21CEA82496F2939800A8F835D6E3E	invalid_price_value
19B4430C7CF56FF51DEF55E77DB56E66	invalid_price_value
19B5D73DB172B8D139845461FFFFFFFF	invalid_gender_value
19B626212487607F222D30C825156176	invalid_price_value
19B67C01853464043E706A28844A651D	invalid_price_value
19B6B7754E7169882056A2FC4F1E685B	invalid_price_value
19B736C0B8DD61030DF62712BCDD6702	invalid_price_value
19B9D215112F61B01A47C7BA104E6082	invalid_price_value
19BA219A547564421EA9377355D565FA	invalid_price_value
19BA88FDEE8DD8D15E27A48FFFFFFFFF	invalid_price_value
19BD64781FB086AF573ED578FFFFFFFF	invalid_price_value
19BDDF2350686DBF1F65CAF351416C15	invalid_price_value
19BE40BB5CDD1DCCD4C07307FFFFFFFF	invalid_price_value
19C00F101533687A16CD18161430691A	invalid_price_value
19C033464422F50215F000E5FFFFFFFF	invalid_price_value
19C052A301146D64EC322AE6FFFFFFFF	invalid_gender_value
19C1B5C04F2732A87AFD197DFFFFFFFF	invalid_price_value
19C20138E80BE9E05966CE9EFFFFFFFF	invalid_price_value
19C328CCA7406DC818503FCCA6D26CE3	invalid_price_value
19C5C18138CF6F9B0ECBD76839AF6E2C	invalid_price_value
19C6A47CAD0D727D7D10183BFFFFFFFF	invalid_price_value
19C7E80E3CE31703A89D4D78FFFFFFFF	invalid_price_value
19CA4C31CED36C2B19575AC2CFAD6D95	invalid_price_value
19CA4D5ECFE7129F251B035AFFFFFFFF	invalid_price_value
19CB406C2EFC64C1313E53C52F126569	invalid_price_value
19CBB3CADB6169DC1C1AA54DDA2F6879	invalid_price_value
19CC1DFEF8C004A189DDC037FFFFFFFF	invalid_price_value
19CC43A85A2A6BA1298F56F95B386AEC	invalid_price_value
19CC7CD34CC921889B1309B3FFFFFFFF	invalid_price_value
19CCC5343551657137F5D0D834FC6420	invalid_price_value
19CDDB87B52A65F537E3CD6EB44364B2	invalid_price_value
19CDE7A62CD76D0A1EB9F0AE2D816CD5	invalid_price_value
19CE502FB350680933C646DAB2BF6901	invalid_price_value
19CEBC1E781F668F2945AA4279636777	invalid_price_value
19CF29047FDA6C1826743E077E846D7E	invalid_price_value
19CFA72370546D9B09CBB02F714E6C4A	invalid_price_value
19D072A8CEFC6C253FF060AACAFC6AE7	invalid_price_value
19D212108B4668D7004D04E18AAC691F	invalid_price_value
19D2C3FD27EC62D335AED51726D66304	invalid_price_value
19D415348BCF0A41BC37E239FFFFFFFF	invalid_price_value
19D5776E8C186E5C012761878D496FC1	invalid_price_value
19D6414070B06DE538B857A371DB6C32	invalid_price_value
19D6B8EBDCF16E251E9AB65BDDDD6F14	invalid_price_value
19D6F4E7AF4C65B80699E216AE6964C6	invalid_price_value
19D7FC37A41B6F743B09E992A5036EED	invalid_price_value
19D87D6B8E9E65DF06076B918F086430	invalid_price_value
19D9A009C1FD6DDF0DF3B3C8C0886CF1	invalid_price_value
19DA0C8678E16CD5149D1A7C79726DCD	invalid_price_value
19DAA546B20E6B6813A6B3E9B36E6A76	invalid_price_value
19DAA6EEF03C69593E7EB074F13568A2	invalid_price_value
19DB151DD6EC3A862CDBAB98FFFFFFFF	invalid_price_value
19DC664AB3A1662F2ED373A1B2BD67DD	invalid_price_value
19DD1ECB4898F7221469EAA8FFFFFFFF	invalid_price_value
19DD26C9AF0FE4392462D641FFFFFFFF	invalid_price_value
19DD7AACD4E968421CF36C5BD53D69DB	invalid_price_value
19DFDA5C89732B1179D58E6BFFFFFFFF	invalid_price_value
19E20A2A9999627A059D1D2F98946379	missing_fields
19E2D4608FFCC7A656E1DC4BFFFFFFFF	invalid_price_value
19E3480E400191FB7FAF4886FFFFFFFF	invalid_price_value
19E38279A4FE642E06869080A56E6562	invalid_price_value
19E7E1301B2668512601F2111ADB6932	invalid_price_value
19E9F508B6A618F25ECB829CFFFFFFFF	invalid_price_value
19EAA6BCEC1D672802F2B04DEDA666DC	invalid_price_value
19EB6203FB8F6D592160716AFAC46C1C	invalid_price_value
19EBD93846E46D820FCECB7347846CAA	invalid_price_value
19EC2D1C0561676D0A823B7A047466F1	invalid_price_value
19EE0AEB3AAEDF7ED0BD777DFFFFFFFF	invalid_price_value
19EF1674A48D6405138700CAA5C365C7	invalid_price_value
19F0386805DC0DCD18844732FFFFFFFF	invalid_price_value
19F17F713740697E091E6986369E683A	invalid_price_value
19F41D7618AF15AC11CF7E86FFFFFFFF	invalid_price_value
19F5AD7736696EDD24E5BBC837946FE0	invalid_price_value
19F747FF1CA6DD8402427886FFFFFFFF	invalid_price_value
19F84EC83845682E22715D2039CD69AD	invalid_price_value
19FBA110C53EE84DBD8D8054FFFFFFFF	invalid_price_value
19FBBDAE3B1482D1764A7169FFFFFFFF	invalid_price_value
19FE355FFB4F6FDC1E3B23A0FA316E7D	invalid_price_value
19FE3D08792D64A717892BFE78E765CD	invalid_price_value
19FF6694E5614F92BB52BB38FFFFFFFF	invalid_price_value
1A0069F6C1115B705021BA9EFFFFFFFF	invalid_price_value
1A01A3635D558580A76048F7FFFFFFFF	invalid_price_value
1A0271FA95ACF736B907CCBFFFFFFFFF	invalid_price_value
1A027E03C07D6CEC0E6D68EBC1F66DAC	invalid_price_value
1A028F6FB5C3673B1C389CB8B1C3694B	invalid_price_value
1A046D7A35EB6A24048C7B9E346D6BFF	invalid_price_value
1A055D68F2DD624136224A69F3A36300	invalid_price_value
1A058A457D1CDEC3912586E1FFFFFFFF	missing_fields
1A06DE111A678AB297FB4B2DFFFFFFFF	invalid_price_value
1A08292601C060331B503FD200D76172	invalid_price_value
1A0880509E4B60DF052196829FC2610A	invalid_price_value
1A096964276E631F3DC57F5D26E162C5	invalid_price_value
1A09DDB4E2D94D480588C759FFFFFFFF	invalid_price_value
1A0B2FC7A28C6DA23E702128A3986CA8	invalid_price_value
1A0C4CC04D2E657105605BCB4CA964C8	invalid_price_value
1A0CD4051F62D642C94B33BDFFFFFFFF	invalid_price_value
1A0DBDB566E07BA49AE2A338FFFFFFFF	invalid_price_value
1A0FDEAAE98EE0ABBE13BBF7FFFFFFFF	invalid_gender_value
1A11C6A68DDC96B626BBE12EFFFFFFFF	invalid_price_value
1A121C1D87A36A3F3AEC093C864D6B43	invalid_price_value
1A137C7D6AA9694B1D74694E6B7F6830	invalid_price_value
1A16923E96D362432504807197FF63AD	invalid_gender_value
1A16E6F4ABFE682CDD0D28D9FFFFFFFF	invalid_gender_value
1A1754891B76AC3CCB14F7C2FFFFFFFF	invalid_price_value
1A1758CA507A6F650A7C4E33516D6EF1	invalid_price_value
1A1CD00C5BC9653209A3C6EA5A0B646D	invalid_price_value
1A1CD9D9D9C48336A9D9D91FFFFFFFFF	invalid_price_value
1A20F9923D1F36345FBB0F53FFFFFFFF	invalid_price_value
1A229D81C2245343625BF452FFFFFFFF	invalid_price_value
1A24314CABFD693F10F12503AA5A68C9	invalid_price_value
1A25D5B73FD369F72388C3593E756838	invalid_price_value
1A2617E1B454A934F1423009FFFFFFFF	invalid_gender_value
1A289726449260961F26821345DD61EF	invalid_price_value
1A32706BCBAE6CA614236686CAF96D8B	invalid_gender_value
1A33158B2D3A6622209003762C976759	invalid_price_value
1A33440B33606AA01A6250AE32C16B46	invalid_price_value
1A3494503295659B30D982BD3369648A	invalid_price_value
1A35E165B98863510F82F79BB83D6270	invalid_price_value
1A3A64CDAFCD63790EF17221AEA26256	invalid_price_value
1A3A6FE6C21B61EA1BF779A8C3AC6056	invalid_price_value
1A3D378E2FB669DE3AB720842EF26887	missing_fields
1A3DEAC52A2864E529ABF8532BD565F4	invalid_price_value
1A3E4C2338E59A80725A3C34FFFFFFFF	missing_fields
1A3F3897A6C86A283ADC13E7FFFFFFFF	invalid_price_value
1A40842D82616DE7C636C69BFFFFFFFF	invalid_price_value
1A40B01D0B83605615BCA63F0A7261F7	invalid_price_value
1A4270C7E0286E983F03663BE13F6FAA	missing_fields
1A432775FE336573225C3192FFA7649F	invalid_price_value
1A43935E814F62DE027385AC803063F1	invalid_price_value
1A44F8CAE19565D5250EEFCEE00764DD	invalid_price_value
1A458FAC181C668305039A67197667EB	invalid_price_value
1A4970C14ABF6DDA370C66C74B116CF8	invalid_price_value
1A49D5FC73FD62A8225DC00672506310	invalid_gender_value
1A4AA02F3C696F6D3F6EB6D43D0C6E18	invalid_price_value
1A4AE089F66761763322F780F731607C	missing_fields
1A4BD435E27E432927CDBD67FFFFFFFF	invalid_price_value
1A4C6F4991593826D139A910FFFFFFFF	invalid_price_value
1A4D83F3CF033B4F32938F3BFFFFFFFF	invalid_price_value
1A4E1B0711156294233E0DF2109E6373	invalid_price_value
1A4FC68DDC9D600E2462D305DDD161F7	invalid_price_value
1A50D90678D76E3E17F9CFE079A96F48	invalid_gender_value
1A52C673D21E694B2343D08ED36A6857	invalid_price_value
1A52DA5C46FA60DE0C72CCBB471B61E8	invalid_price_value
1A535BF560A1694302E44D0361EB68D2	invalid_price_value
1A53DA83037B9EF83EEE0871FFFFFFFF	invalid_price_value
1A55D5C93B6363B13073C33E3A1D622D	invalid_price_value
1A55DE0879208666F5292280FFFFFFFF	invalid_gender_value
1A58980B45A469AB3E108F04447F682A	missing_fields
1A589AEE24B96C0F09628CB025E16D62	invalid_price_value
1A58F3231C84667A14A5E5C51DDC6713	invalid_price_value
1A5C36795C02E3B3F9C4C048FFFFFFFF	invalid_price_value
1A5CDF65F0E4CD69DFF5AD14FFFFFFFF	invalid_price_value
1A60A956EC2565373D8CBC87EDB76484	invalid_price_value
1A612C0D369A1AA752C92D1CFFFFFFFF	invalid_price_value
1A615E772FA4FA2141FFCA91FFFFFFFF	invalid_price_value
1A616F17EB17659110C37CD2EA756470	invalid_price_value
1A62CFDC6B976CA21C98C4F36F976FDA	invalid_gender_value
1A62D99476D46BF1102ECE9277AC6A8D	missing_fields
1A668D1B30F467600C509BD1316366B8	invalid_price_value
1A679B7566ED622A3A7B881867C16370	invalid_price_value
1A6A26D0E6E2676C27D73044E7A86669	invalid_price_value
1A6AE9B79698686E142FFA7C97FA69D3	invalid_price_value
1A6C550055F0DFC179747D02FFFFFFFF	invalid_price_value
1A6C79018BD96B0420246FF68AA26ADB	invalid_price_value
1A6CAEB0FC3ABAD0CFEB3010FFFFFFFF	invalid_price_value
1A6CCC2D44D16E641818DADF45456F1E	invalid_price_value
1A6D3CA9C7BB60D70C5629DFC69661E7	invalid_price_value
1A6E43E947CD647A3157565C461565D4	invalid_price_value
1A6F0C56912B68A51BD71A4390096919	invalid_price_value
1A729544EE9161A126E386A6EF876061	invalid_price_value
1A72C3661D012952E8520B64FFFFFFFF	invalid_price_value
1A76CE90D027605527D9D865D14061AF	invalid_price_value
1A7A69A5AC1D0D15A6E8E354FFFFFFFF	invalid_price_value
1A7BE4C66CFE2183B612FBBFFFFFFFFF	invalid_price_value
1A7CB5268EBCD8960F80C2BBFFFFFFFF	invalid_price_value
1A7D51450244655C053947B803B164FD	invalid_price_value
1A7E01E88EE1E72AA87A535EFFFFFFFF	invalid_price_value
1A7E849B30172D88ECFA12E2FFFFFFFF	invalid_price_value
1A7F475DC6D86A1B0229512AC7A36BC3	invalid_price_value
1A7FF8695EA18B00A967372FFFFFFFFF	invalid_price_value
1A8104E3836E6F420DD5121482A36E29	invalid_price_value
1A8134EF82B94904EC6901AFFFFFFFFF	invalid_price_value
1A81CE29DE96B4F935A9C83CFFFFFFFF	invalid_price_value
1A8434A142EE30970C28CC8EFFFFFFFF	invalid_price_value
1A8A60F0CA5E61BD3BAB723CCB3C6003	invalid_price_value
1A8B1399B09A515848816F19FFFFFFFF	invalid_price_value
1A8CAAB54ED669661F03BC5E4F9568B4	invalid_price_value
1A8DF2FFD74160B3084CE416D66C6177	invalid_gender_value
1A8F33FFEDCD66122ACD258FEC1567CD	invalid_price_value
1A8F6E479FBCBEB83FBFAB5BFFFFFFFF	invalid_price_value
1A90F9323BF86DAF3C85EAF53A4F6C5D	invalid_price_value
1A932C3BBBA0779D3FFC8119FFFFFFFF	invalid_price_value
1A95CAFC904F27F419C65A5AFFFFFFFF	invalid_price_value
1A9758451AFBEEE34894A68BFFFFFFFF	invalid_price_value
1A99980E540D93EA1113A287FFFFFFFF	invalid_price_value
1A9A7CFE882B861E421D28CDFFFFFFFF	invalid_price_value
1A9AD5F03CC768BD1D82C0023DCE696F	invalid_price_value
1A9D7516CB566CAB3A5463FFCA9F6D86	invalid_price_value
1A9D99C2215D6473089F8EC0203A658E	invalid_price_value
1A9DEB87FEAF6BDD0AC9FDF7FFBA6AC2	invalid_price_value
1A9DFAEF05EF657D1954EC01049964C3	invalid_price_value
1A9EADC98E7F62A3359DBB3F8F43631F	invalid_price_value
1AA071644EE5B98BB1708FF7FFFFFFFF	invalid_price_value
1AA07A50FF5C60260D526D5DFE6661E8	missing_fields
1AA114AAE5D92712269B9B34FFFFFFFF	invalid_price_value
1AA15C326C2C66F52EFB4A346D846765	invalid_price_value
1AA23C50785B65790903296079D16407	missing_fields
1AA4C9E1F86262FA1ABEDEE2F9EF631B	invalid_price_value
1AA4DDD5E3CDDA9B44D2428EFFFFFFFF	invalid_gender_value
1AA5569D4C9CB3098E7F5181FFFFFFFF	invalid_price_value
1AA8BC6375BA70A25B25CFF3FFFFFFFF	invalid_price_value
1AA9A35F21DA6DA629B7B53520AB6CB1	invalid_price_value
1AAAB25872DD621925E5A4B8735E63B8	invalid_price_value
1AACED4E3A1F67AB0DACFBBA3B6166A6	invalid_price_value
1AAE33A6650162B23B0824AC647F6331	missing_fields
1AB0A947D91F7E83D78F40E9FFFFFFFF	invalid_price_value
1AB0F73A396B11A96AF11894FFFFFFFF	invalid_gender_value
1AB35BE6845A5AF1591D6FB7FFFFFFFF	invalid_price_value
1AB3F192B9446DD400A3E4C2B8136CA2	invalid_gender_value
1AB5533E45BC6483019547BD44AB65B0	invalid_price_value
1AB5B973CD35C90A521D28DAFFFFFFFF	invalid_price_value
1AB834C4A58D6C750BE12223A4EA6DD8	invalid_price_value
1AB96381908718EE72CB66DDFFFFFFFF	invalid_gender_value
1ABB13F20C8FD6FC951F4764FFFFFFFF	invalid_price_value
1ABB1AA7B54E64A015E10DAFB45F6598	invalid_price_value
1ABCA7DD6F73675F378FB12B6EE56659	invalid_price_value
1ABCB279F42474542B8C3429FFFFFFFF	invalid_price_value
1ABDB7D63B7F6F4E1ABEA13E3AEB6E3C	invalid_price_value
1ABE2B29B692600422613F96B76361B1	invalid_price_value
1ABFE533DD296B373C14F232DC166AF4	invalid_price_value
1AC047189D416037397052D39CC761DE	invalid_price_value
1AC19C65ED1966713C558AFDEC5D6716	invalid_price_value
1AC1AAC8EA2862021BEABFD9EBBC63A9	invalid_price_value
1AC3797B02A561D724CB6F8A032E605D	invalid_price_value
1AC3DB3C721303E5B4AA8C85FFFFFFFF	invalid_price_value
1AC54FD3C6ED7D33D75EA7FAFFFFFFFF	invalid_price_value
1ACC59C5C403603B223E4CF5C5616102	invalid_price_value
1ACCBE08BB4F556763D1BD06FFFFFFFF	invalid_price_value
1ACD0AEA75B13D376FB2A9FCFFFFFFFF	invalid_price_value
1ACE5B15C50F67853CCF4C15C4F766D5	invalid_price_value
1ACF6C7A411AA239A2197395FFFFFFFF	invalid_price_value
1ACF9A3184A3E3D2D930951BFFFFFFFF	invalid_price_value
1ACFBE7057DF56B9BD70596CFFFFFFFF	invalid_price_value
1AD150F9BAC40C0D073B849BFFFFFFFF	invalid_gender_value
1AD3AFF819506BE4023BBBA018BE6A4C	invalid_price_value
1AD3D56E170966F7097AC39A169D67FE	invalid_price_value
1ADA06061402A75110654CD1FFFFFFFF	invalid_price_value
1ADB388E9D5A61992B272E9B9C4660BB	invalid_price_value
1ADB8EE8F1C8FA6B06573B0AFFFFFFFF	invalid_gender_value
1ADC12829B3ABB846A57FA07FFFFFFFF	invalid_price_value
1ADEA48FC6AA5EBF53993266FFFFFFFF	invalid_price_value
1AE02E811EA668F2335938711FB56936	invalid_price_value
1AE05D42751A65301D424BB8740D64BF	invalid_price_value
1AE3329D2E536A5306E5277D2F106B35	invalid_price_value
1AE39C924EA4F305F3F4E42AFFFFFFFF	invalid_price_value
1AE4A68DA313FC52248EFE6FFFFFFFFF	invalid_price_value
1AE5E46D1D606C721234F2CE1C8C6D59	invalid_price_value
1AE716C4B16B63C60BC805E0B0A9629D	invalid_price_value
1AE727D39EF1EFB88CB90E99FFFFFFFF	invalid_gender_value
1AE860DE5AE86D6D33C9760C5BA16CB4	invalid_price_value
1AE94C2A2C2B6D212FC5580C2DA56CA8	invalid_price_value
1AEE1505103D6AF92AC3039E11AF6B8D	missing_fields
1AEF5D0D0C896E0D34134BE10DF16F24	invalid_price_value
1AEF6FE74DB86033357F7C734CCC61E0	invalid_price_value
1AF130DC7D3D6118101D26077C576085	invalid_price_value
1AF2BAD394283C5F1C2988DDFFFFFFFF	invalid_price_value
1AF32BFBFF4B64123E903D09FE3065ED	invalid_price_value
1AF568A03029FC34F7A295C2FFFFFFFF	invalid_price_value
1AF64A156C0CA4215AF3BA07FFFFFFFF	invalid_price_value
1AF71835DBB0955F690C0B20FFFFFFFF	invalid_price_value
1AF9B7560653EF29922DC907FFFFFFFF	invalid_price_value
1AF9B7AF40E16DA2348AA28D410F6CD3	invalid_price_value
1AFB6933130A6BB2C7F223B6FFFFFFFF	invalid_price_value
1AFCAC667A596A2116FFB9517B516BCA	invalid_price_value
1AFD54AB2A0D28FEC6E0824FFFFFFFFF	invalid_price_value
1AFEDF78C2BE639105CCC98AC3CC6221	invalid_price_value
1B03138F0E971F25994707BAFFFFFFFF	invalid_price_value
1B05528F2B1209E7A0232777FFFFFFFF	invalid_price_value
1B07899640BD67022C999E92419866BC	invalid_price_value
1B085367EDB4C4EAB34B0D1FFFFFFFFF	invalid_price_value
1B093B09FB4A65D338A42D3BFA886412	invalid_price_value
1B09496120B5634723595A1C210B6262	invalid_price_value
1B0A821B52C869F53989945553A96853	invalid_price_value
1B0B99D8906E00849B04D3D2FFFFFFFF	invalid_price_value
1B0BCD04A94E6FC6001FDA08A8426E45	missing_fields
1B0C5DB625206BC635CE4ABE248B6AAA	invalid_price_value
1B0CC8847D5564D51BF9DF8C7C70656C	missing_fields
1B11C61DC9336B380062D0F3C8B56AF0	invalid_price_value
1B11C7B33CB965C1305DD33B3DD964F7	invalid_price_value
1B12B4A2F2A4B911E6692C5CFFFFFFFF	invalid_price_value
1B1444A7CE666B802DEC51FFCFD66A06	invalid_gender_value
1B158DB07858A3D02DF74778FFFFFFFF	invalid_price_value
1B15C520990516783A41FF24FFFFFFFF	invalid_price_value
1B160996822421C016250DFDFFFFFFFF	invalid_price_value
1B16265303036D3434CC303A027E6C6C	invalid_price_value
1B19BC41DCF66CD43B50A941DD726D93	invalid_price_value
1B19CAD13FE0BBE657CB43FAFFFFFFFF	invalid_price_value
1B1A26C75CC26F4902F133B15D2C6E3E	invalid_price_value
1B1AC0A3E80460A00A41D60DE96C61BE	invalid_price_value
1B1B366D031E6ED732B8237802EE6FF0	invalid_price_value
1B1CED697FF76C86117FFBF37E096D94	invalid_price_value
1B1E105BA4776B1431D706AAA50B6AA2	invalid_price_value
1B1E990C337141FF86E2F404FFFFFFFF	invalid_price_value
1B205B5D28FCB56A2CC7D291FFFFFFFF	invalid_price_value
1B20DBBE3BEC67820D4CCD493A906673	invalid_price_value
1B212115495D66EE1F11361C48B06741	invalid_gender_value
1B216FD3B8853EB098F8FF66FFFFFFFF	invalid_price_value
1B225DC856BA0420A747D91EFFFFFFFF	invalid_gender_value
1B226E3518EF6754391F7932199166CB	invalid_price_value
1B22B426B21469A53C94A1DFB342688B	invalid_price_value
1B24E4509863E4E485DC8D6EFFFFFFFF	invalid_price_value
1B2559F3477163CC2DDC4EFD4689620D	invalid_price_value
1B2633012E9091E58E428B5CFFFFFFFF	invalid_price_value
1B26502A82736507036D4612838364B8	invalid_gender_value
1B274EC82B01AFEF53F906CBFFFFFFFF	invalid_price_value
1B280B818FFD4713FA2AFBECFFFFFFFF	invalid_gender_value
1B290989C7B71DC1320BE624FFFFFFFF	invalid_price_value
1B2A5DD2C02D2B848D9648BEFFFFFFFF	invalid_price_value
1B2D0F2BEA88B477F1E5C636FFFFFFFF	invalid_gender_value
1B2DE85D937C632C3902FEAB924162EB	invalid_price_value
1B2E166E7E176B9F298C6804FFFFFFFF	invalid_price_value
1B2E80795BC06D28223D969F5A6D6CC1	invalid_gender_value
1B2F5CD634B5D73032959D4AFFFFFFFF	invalid_price_value
1B301E2F06EE62668138421EFFFFFFFF	invalid_gender_value
1B30BEDD606367D1009EA82C61ED6690	invalid_price_value
1B338F8570CD228AB8483F7BFFFFFFFF	invalid_price_value
1B37122C3BD8C9A1A2C12FBCFFFFFFFF	invalid_price_value
1B373232458B69C736FB24DF44FE68EE	invalid_gender_value
1B37EA09279660543FAAFCE1261D6156	invalid_price_value
1B381C60DEE74808C4C013AFFFFFFFFF	invalid_price_value
1B3941512E83624930C057B42F856320	invalid_price_value
1B3A4268F89806043853BEB6FFFFFFFF	invalid_price_value
1B3A8E7F11D6619AAC1E9EE7FFFFFFFF	invalid_price_value
1B3C8516E02864793A4D93E3E18D6562	invalid_price_value
1B3DD67D3B9AFB471F042D83FFFFFFFF	invalid_price_value
1B3DDE76A2E96473129BCBD1A3B565A4	invalid_price_value
1B4496F0145F12DDAD65FECCFFFFFFFF	invalid_price_value
1B449E6052F06A7802778E5053146B8B	invalid_price_value
1B44D5719FCD6672233FC31C9EA167FF	invalid_price_value
1B46077D8BF7686E3DF914BE8AF36990	invalid_gender_value
1B466184F31FB808DE4ABB61FFFFFFFF	invalid_price_value
1B478B7BEC3F676403209D88EDB46617	invalid_price_value
1B47EE8F24F2673234C8F87B258C66E4	invalid_price_value
1B4889847DC44CB1F2FC5E3AFFFFFFFF	invalid_price_value
1B4938D300C05EE6EBADC5BCFFFFFFFF	invalid_price_value
1B494C290483698526375932059168C8	invalid_price_value
1B4BB9E5A1437C29051FF884FFFFFFFF	invalid_price_value
1B4C2F24B365E9615B7AC80EFFFFFFFF	invalid_price_value
1B4DE92A93D3905F61E3D4B6FFFFFFFF	invalid_price_value
1B4E29C9FA2F652A24C53CF2FB636451	invalid_price_value
1B4E37C62657624205772137272C6320	invalid_price_value
1B4F9225990D3BB8E8AFB681FFFFFFFF	invalid_price_value
1B4FB38F8AC56798332AA4848B2B6601	missing_fields
1B524DDDCEAC9DE5A42D00D2FFFFFFFF	invalid_price_value
1B5271160A30F44D66351521FFFFFFFF	invalid_price_value
1B532C93BCAF6D0C3F553ABABDF86CDF	invalid_gender_value
1B53D6A47BDE810890545BA7FFFFFFFF	invalid_price_value
1B53F3B805056C1C19E9E68C04FE6DB1	invalid_price_value
1B570D87E7E464D60E631B81E6676523	invalid_price_value
1B595CAE0216684C204B4BA3038B6916	invalid_price_value
1B59EC4A2C1368312EE4FAA72DAC6909	invalid_price_value
1B5A33B4EDC56AE417EE2558EC136B12	invalid_price_value
1B5AC2EFA0EEB7E1BE14D0BFFFFFFFFF	invalid_price_value
1B5CDE7632A0666622D6C84933A567EE	invalid_price_value
1B5D8A8B210261162ADA9D8B20846068	invalid_price_value
1B5E01D31CCB6DE6157617221D8A6CE1	invalid_price_value
1B5EC0B619BF6C2E306DD50C18146D15	invalid_price_value
1B605216C43A605A2F0D451EC583614C	invalid_price_value
1B61C8593FFC615A192BDEB73E916008	invalid_price_value
1B62BA5F904E6611096CAE1191676789	invalid_price_value
1B649741A2A56156390381BEA3D3603D	missing_fields
1B64CE8AB3090A487D190567FFFFFFFF	invalid_price_value
1B67B22CF3A304CA23EC248AFFFFFFFF	invalid_price_value
1B680CBBAB5F627E312DB6E6FFFFFFFF	invalid_price_value
1B68E48E8F1D66730AD3F2CE8E9B6757	missing_fields
1B6A0EB7AD690F0FECDA678BFFFFFFFF	invalid_gender_value
1B6A86CE1DFA6F64242D903F1CA46ED4	invalid_price_value
1B6AD9461175EDDA20CEF9EDFFFFFFFF	invalid_price_value
1B6AF09CDDA8899F754C96C6FFFFFFFF	invalid_price_value
1B6DA4CC0D1BF35D9BE8C96DFFFFFFFF	missing_fields
1B6EDB8B5917B263C0C5725CFFFFFFFF	invalid_price_value
1B72B15F370B607610FDA788364861F7	invalid_price_value
1B73B74E895968B23DD3A34188C969B8	invalid_price_value
1B7633B538A0A429948211F6FFFFFFFF	invalid_price_value
1B775CABC78ED0C8A7B14F8BFFFFFFFF	invalid_price_value
1B77A1739EDD66953EC8B75A9F3767BE	invalid_price_value
1B7A257440E17D471DE74101FFFFFFFF	invalid_price_value
1B7B5C4F76966C47113B4B4D77CD6D87	invalid_price_value
1B7D3A22585066BA16C42CD759636778	invalid_price_value
1B7F425916906E581ED95419178C6F98	invalid_price_value
1B82E758C994E17CFD64D840FFFFFFFF	invalid_price_value
1B8377A708836CEF2F3160A109726D77	invalid_price_value
1B84A04F69E562570056B3E668276355	invalid_price_value
1B853CC99F0469313AD02A399E566883	invalid_price_value
1B85F90D5CF765542081EFCF5D666408	invalid_price_value
1B8805F5E0E769402A1612F5E12768F5	missing_fields
1B881B5D4FC56F5101BE0DA84E576E8F	invalid_price_value
1B89FB8D798C2BEEFA893357FFFFFFFF	invalid_price_value
1B8A4BAEADBF652F3D9D5CAAAC0A6482	invalid_gender_value
1B8A8DA666EB63A404049B6667B362A9	invalid_price_value
1B8B5AA1DE606A173F6F4C58DFBC6B42	invalid_price_value
1B8B8F13365A6CA2193199EF370C6DAE	invalid_price_value
1B8BB5EBDC226A7B0F71A315DDA46BA8	invalid_price_value
1B8BB9FCC8BE41FE75C89C51FFFFFFFF	invalid_price_value
1B8F5AF155686E653D5F4CE054996FF0	invalid_price_value
1B9133971205D2491335E7C1FFFFFFFF	invalid_price_value
1B91E32944DF69370698F00345596851	invalid_price_value
1B91E6CDC8C0178BA086968CFFFFFFFF	invalid_price_value
1B92CE871A2092C1D364441FFFFFFFFF	invalid_price_value
1B932A1E2503FEE7E8E16DFFFFFFFFFF	invalid_price_value
1B93637E53C05421772270E7FFFFFFFF	invalid_price_value
1B96B90B3DCE67B935D1ADD23CAF66DC	missing_fields
1B984851C8826D8029A85D01C9066C50	invalid_price_value
1B9B7974827EE01A9970E634FFFFFFFF	invalid_price_value
1B9CCF59080E29FC9150123AFFFFFFFF	invalid_price_value
1B9D6F9449176F011E03790948B96E90	invalid_price_value
1B9E08076FD4501937901413FFFFFFFF	invalid_gender_value
1B9F2089FE70A1F48BFB2127FFFFFFFF	invalid_price_value
1BA0766A1D046502184263141C68640B	invalid_price_value
1BA0A91DDFA16A1C2277BDDFDE666B2A	invalid_gender_value
1BA2550EFFDA6CA0372C43E3FE4E6DF8	invalid_gender_value
1BA3986524742049E0B3831CFFFFFFFF	invalid_price_value
1BA3E00371606C7815FFF2E7701E6D4E	invalid_price_value
1BA3E21D207F6DBA1C65F498211E6CF4	invalid_price_value
1BA73B99D49155D05A699A28FFFFFFFF	invalid_price_value
1BAA053F159561B20E52141B14F260C3	invalid_price_value
1BAC602023555D1FEF1F0079FFFFFFFF	invalid_gender_value
1BADD82D9B4A652436DAC9839AAC64A2	invalid_price_value
1BAF6B2C2B7C6CAD1FDB7DD82ABE6DCA	invalid_price_value
1BB06B516A3C39F13D11EDC6FFFFFFFF	invalid_price_value
1BB580A4172F6214330F96131602639A	invalid_price_value
1BB6628104BA68F017CA743B05D46962	invalid_price_value
1BB6B41C5DD244D67D0A383EFFFFFFFF	invalid_price_value
1BB70E84C9A368A92F571877C8C369C9	invalid_price_value
1BB858D4B01666FD28734CB9B17967E5	invalid_price_value
1BBB42836703612F0AB7549B66946056	invalid_price_value
1BBC73AE1DC766071A7F65D61C416724	invalid_gender_value
1BBC7D6EDD45617E09506BC0DC9C601E	missing_fields
1BBD4C225CE96C381B0A5ACA5DD26D19	invalid_gender_value
1BBDE84F2BF36EE82B74FEB22AD86F54	invalid_price_value
1BBE339031D2653538B325A1300664B3	invalid_gender_value
1BBF011E1270BF91FDF0ACEDFFFFFFFF	invalid_price_value
1BBF8A261A400094CBE270C4FFFFFFFF	invalid_price_value
1BBFA12FD54930550904D162FFFFFFFF	invalid_price_value
1BC0DCC58BB56A102059CE378AFA6B4F	invalid_gender_value
1BC0EC874DC5D0E573D8789BFFFFFFFF	invalid_price_value
1BC16C8E19B56D74178E7A7218636CBE	invalid_price_value
1BC513BCC4E526B0111C3ACCFFFFFFFF	invalid_price_value
1BC5CEB4792269EC3E0DDDFF788A68AB	invalid_gender_value
1BC656D615EF707E83C235D3FFFFFFFF	invalid_price_value
1BC6C22632BF65F13E70D47233A16484	invalid_price_value
1BC7982A4E606DCC0DE68ECA4FC96CAF	invalid_price_value
1BC8739C426C6AB235DE66B343236B27	invalid_price_value
1BC90D426E1E7B74CD7652ACFFFFFFFF	invalid_price_value
1BC933BDD7F0E274A0862462FFFFFFFF	invalid_price_value
1BC9BF7C8FCB618C0504A9818EB46069	invalid_gender_value
1BCA140F183D6B332CCC02E7192A6A7C	invalid_gender_value
1BCE7C54B6D463471A556ABDB7626207	invalid_price_value
1BCEAEF8F11271ACCEA6155BFFFFFFFF	invalid_price_value
1BCEC0C1DB7E9B91D89404C8FFFFFFFF	invalid_price_value
1BCED4FE4201B2F721321FB1FFFFFFFF	invalid_price_value
1BCF3633A3B7CCA37B58C417FFFFFFFF	invalid_price_value
1BD22249E914F710493BD07CFFFFFFFF	invalid_price_value
1BD251D4B41C62D42CB24721B56C63F8	invalid_price_value
1BD43A8AF3367E01796255E6FFFFFFFF	invalid_price_value
1BD4B87BCBDBDDAFFFF1B9D3FFFFFFFF	invalid_price_value
1BD4F1A8CF20FFFB1D4331B1FFFFFFFF	invalid_price_value
1BD5210FAFB9049070DA2CF9FFFFFFFF	invalid_price_value
1BD521903B2D606D257C376E3A9C61E9	invalid_price_value
1BD5F02578FF5D902966D8E4FFFFFFFF	invalid_price_value
1BD5F75439936D290895E24838C46C53	invalid_price_value
1BD76B6C3BB26ADE1F467F9D3AC76BD1	invalid_price_value
1BD87BA1013F680334CB6CA600E369FB	invalid_gender_value
1BD896514C9F64D3F7373103FFFFFFFF	invalid_price_value
1BDB0D3A5188602E12061BC950106103	missing_fields
1BDB0F07B7FE6C03255D19FBB6BD6D48	invalid_price_value
1BDB3CAED3616079C5B19047FFFFFFFF	invalid_price_value
1BDDDB8DDF626D7421F7CDD0DEFC6C8D	invalid_price_value
1BDDE5B1A135EE221176B8F1FFFFFFFF	invalid_price_value
1BDFA906207831D6D3BF9F29FFFFFFFF	invalid_price_value
1BDFDD93A0FC1222CED3E29DFFFFFFFF	invalid_price_value
1BDFEB31B71F3285E0E6C9F9FFFFFFFF	invalid_price_value
1BE008C1876BE06B77FC2DA3FFFFFFFF	invalid_price_value
1BE0344B95AA68A8261C225594296913	invalid_price_value
1BE182110FA46F8819C297EE0ECB6E6B	invalid_price_value
1BE34CDB333A6CA424B05A2832C76D98	invalid_price_value
1BE3B0918BBDCBF086927EA4FFFFFFFF	invalid_price_value
1BE5A762C1036FF41A34B196C0436EBA	invalid_price_value
1BE646A7162FF7F69EC3BACEFFFFFFFF	invalid_price_value
1BE6CB9C53EA6D5D3D2CDD6752CF6CCA	invalid_price_value
1BE8CF7D332C6F693EEAD98932536E51	invalid_price_value
1BE8FB3DCD0F6E6216A0EE1DC90F60E1	invalid_price_value
1BE9E837189961B82C8CFE2A193760D4	invalid_price_value
1BEB4E1E90A26BF121475AB991E86A1C	invalid_price_value
1BEB81EDCEB73235B120E443FFFFFFFF	invalid_price_value
1BEC134394076B5E14E2055295156A47	invalid_price_value
1BEE352176329462B5EF8886FFFFFFFF	invalid_price_value
1BEE9837AD3160E10EEF89BBAC4F61CB	invalid_price_value
1BEF261BDE1287C9CB718647FFFFFFFF	invalid_price_value
1BF07DE8B9E360FC2B106BD4B807614C	missing_fields
1BF2D51EB6C068B11D10C3EFB77A698B	invalid_price_value
1BF2FB33B0E867813DA7EDDCB196663A	invalid_price_value
1BF2FB7EC8274AAD7A1F6777FFFFFFFF	invalid_price_value
1BF2FFDF98E9643B25E3E936999765E2	invalid_price_value
1BF394C35B466F152223823F5A1A6E16	invalid_price_value
1BF5048FCBC168FB35F11280CAC16910	invalid_price_value
1BF5A1DAE1E36DFE3AB7B736E07A6C44	invalid_price_value
1BF5C1E22641677305A3D71927276692	invalid_gender_value
1BF8EC8F25367906AC848DF2FFFFFFFF	invalid_price_value
1BFBD2D770AC63E80206DB26FFFFFFFF	invalid_price_value
1BFD59AF16FCFC7622083C10FFFFFFFF	invalid_price_value
1BFDE314AF9EB3717917B4CDFFFFFFFF	invalid_price_value
1BFE1CDC0AF963A006790A2D0B4962D4	invalid_price_value
1BFF06E32C85CDDE9FF595A4FFFFFFFF	invalid_price_value
1C0198A9D39D034B4D95766BFFFFFFFF	invalid_price_value
1C019DD7D97660351D3C940ADD766395	invalid_price_value
1C01E45BF28266F524E9F165F3AB673C	invalid_price_value
1C05A279DDD57BCD4D7083A9FFFFFFFF	invalid_price_value
1C06434A26DDC76E41BA41DBFFFFFFFF	invalid_price_value
1C080380965A64501F50151897F265AE	invalid_price_value
1C082D88E4ED3E6A9D2E7358FFFFFFFF	invalid_price_value
1C094B137AD66AF327815C1E7B5D6B57	missing_fields
1C097B0EFE6A61762ED568ACFF1A6054	invalid_price_value
1C0BF7B1FF70CFF34A47B8AFFFFFFFFF	invalid_price_value
1C0C05129B5E6ECD29DE134F9A356F97	invalid_price_value
1C0CCC53FDEB9E5DE685F9F0FFFFFFFF	invalid_price_value
1C0D986955AFBC9D43AD60C8FFFFFFFF	invalid_price_value
1C0DAC7EB4F31D52DA62944BFFFFFFFF	invalid_price_value
1C0E73E4495C87E0CAE4CDC4FFFFFFFF	invalid_price_value
1C1083736E14655E0C6B95AB6F84642C	invalid_price_value
1C110344AB9C65D2392E15E5AAA2649F	invalid_price_value
1C12D84C3FEF63C02D2BCEB93E1F62CA	invalid_price_value
1C145927831A6B5C320D48D982316ACB	invalid_price_value
1C1548946919696610905B87689D68FD	invalid_price_value
1C1605D6C4BE67F0149210FCC52866B9	invalid_price_value
1C17FFBD2D6D007D1B71A355FFFFFFFF	invalid_price_value
1C180F0E07C57466D3AA4217FFFFFFFF	invalid_price_value
1C1CF27F7DC06F0C386BE4807CBE6E9D	invalid_price_value
1C1E2A1C599A0FA1EFCF3E17FFFFFFFF	invalid_price_value
1C1FAA09D505873CF2E46594FFFFFFFF	invalid_price_value
1C2008803B9A507A632E8C21FFFFFFFF	invalid_price_value
1C203F868FECC64D834DAB08FFFFFFFF	invalid_price_value
1C22AF35292167AD253DB839285F66D6	missing_fields
1C22CD1B660E4032DDD0A478FFFFFFFF	invalid_price_value
1C22CD846834CF3C59B8A594FFFFFFFF	invalid_price_value
1C24A8F6D64A6477297FBE03D7F36558	invalid_price_value
1C2573C1F52462460EAA6633F4A76325	invalid_price_value
1C26CC55C4656E6001AED880C5326F21	missing_fields
1C2710B40F8062240ADB065F0EF56382	invalid_price_value
1C27454EA3D57F9107C9F27CFFFFFFFF	invalid_price_value
1C2838E421E96B7818892C8D25E9690D	invalid_gender_value
1C2861FFCA32ECD2153F63D6FFFFFFFF	invalid_gender_value
1C28D8C59E676CD029B3CE849F966DEC	invalid_price_value
1C2B59EC0FEB58A75A59B748FFFFFFFF	invalid_price_value
1C2C33A9D9ED6CDC24CB24A3D8636DDE	missing_fields
1C2D09B2FA0CD483A3208320FFFFFFFF	invalid_price_value
1C2DB04EEA0E6B6A1B3EA6A9EB376A0C	invalid_price_value
1C2EFFA1C494623D36FFE91CC54263BA	missing_fields
1C2F8A6572206DB6198E9D67731C6C5A	invalid_price_value
1C2F99F9088769CE2C348A1F090268A0	invalid_price_value
1C2FA4CE39808F98AD1C0164FFFFFFFF	invalid_price_value
1C307241E330643E1F656785E25B656C	invalid_price_value
1C30B86042EAE153C0EB3099FFFFFFFF	invalid_price_value
1C357736068167250576679507136691	invalid_price_value
1C369F799D202DFE2E67FAADFFFFFFFF	invalid_price_value
1C37AE1B03F9D3E5238B083EFFFFFFFF	invalid_price_value
1C3930E806AB78B60A4395FFFFFFFFFF	invalid_price_value
1C396EC24AE365C832E078254B896487	invalid_price_value
1C39A792A06D6D793734B16FA1956CBF	invalid_price_value
1C39AB5DFB9B652518C2BDF7FA946468	invalid_price_value
1C3BC3B9B744036050505E14FFFFFFFF	invalid_price_value
1C3BFE85698B6D90141FEAF3688F6C17	invalid_price_value
1C3C980C9A44661D08CA8C249BD6672A	invalid_price_value
1C3E93A90D83609000A086380C2B61B0	invalid_price_value
1C3F8EC5F66F64421175983BF70365D0	invalid_price_value
1C3FE0EFC5FC63862AFEF58AC41C62A1	invalid_price_value
1C40B03A1F4DC49690570AFAFFFFFFFF	invalid_price_value
1C41E38AB26F6F1B2F2FF5E0B3A86E44	invalid_price_value
1C424B8C2C3461451F235D632D536048	invalid_price_value
1C43A60452E88AF7FFDB4B8DFFFFFFFF	invalid_price_value
1C44506EBD5966CC0E8D4639BCE567A0	invalid_price_value
1C4702F7D03C16F8F4FA1346FFFFFFFF	invalid_price_value
1C47F4CCEDA1646E01F3E25FEC7865B6	invalid_gender_value
1C481D209DC86C77033B132D9CAA6D8D	invalid_price_value
1C488C8A71226A8313DC9A5070116B41	invalid_price_value
1C493114090064B625AB2610086665DD	invalid_price_value
1C49D91D23ABBEEBCF397D0BFFFFFFFF	invalid_price_value
1C4B3D00C23866B81DD12BF5C3646778	invalid_price_value
1C4BA7F1D822CAE18448AC8FFFFFFFFF	invalid_price_value
1C4F1DB662BA6C0702C30B15633A6DB5	missing_fields
1C4F5D5E42925D550787CE68FFFFFFFF	invalid_price_value
1C4FA78353786E073176B16E52AB6F14	invalid_price_value
1C50459289060ED8B6FFA827FFFFFFFF	invalid_price_value
1C504CF34450666C11F05A7645B16750	invalid_price_value
1C506EF9EAC3FB25799BEDBDFFFFFFFF	invalid_price_value
1C5101AB5B0963651FE50E385A2062AC	invalid_price_value
1C53E9334F016D9828F9FCEE4E8A6CA5	invalid_price_value
1C53FDB4C23D5C2B3A1A7763FFFFFFFF	invalid_price_value
1C5440CB70F96E5D067E55A971096F01	invalid_price_value
1C553C5B6EDB67BF0CF92AA46F766648	invalid_price_value
1C55629CB1746F970EBC77F0B0A26E79	invalid_price_value
1C577952552E64A71ADE6CA054AD6540	invalid_price_value
1C5826D6FF887E4F94C6D84DFFFFFFFF	invalid_price_value
1C5AA9B4DDB76D3919C5BF53DC226C7C	invalid_price_value
1C5AD0197BBA088ECB747EE1FFFFFFFF	invalid_price_value
1C5C6975F731643615DA78C7F65B65E0	invalid_price_value
1C5D487C56436517329F5A6C571464AA	missing_fields
1C5F7C2376E415B8445C0A49FFFFFFFF	invalid_price_value
1C5FC6E9ECDB6E753487D068EDB76FAC	invalid_price_value
1C614FE92AB7614B000459122B136031	missing_fields
1C6192981C546A060AFD85961D6E6B9C	invalid_price_value
1C62FB0FDA3D62883FA5EDF0DBE863D7	missing_fields
1C63D85F435C69C50B3FCDD7427C6870	invalid_price_value
1C651BEE5B7A6A7C181F0D9D5A1D6BC9	invalid_price_value
1C6598FF2C9C69F41B118E102DDF68F6	invalid_price_value
1C6696B2EF68674C31BE8532EE7A66CC	invalid_price_value
1C66C197B7706A04359FD733B6306B89	invalid_price_value
1C6A2AF17BCC6FDC2CD63C037AE16E8A	invalid_price_value
1C6A4887BB8262890A555D80BA736368	invalid_price_value
1C6B830DD2106A7511A19793D3036B03	invalid_price_value
1C6D0B6E4FDE774855FD6DEEFFFFFFFF	invalid_price_value
1C7085E5A274D949AD2B470FFFFFFFFF	invalid_price_value
1C7198727AB66DAE28D28E807B966C4D	invalid_price_value
1C729BD12A5162E932898CDF2BA163E9	invalid_gender_value
1C76EAE1790926BE0476E82FFFFFFFFF	invalid_price_value
1C76FC29912980E5DA9C42FEFFFFFFFF	invalid_price_value
1C79C444C29222DF7E650B24FFFFFFFF	invalid_price_value
1C7ADD1CF5AE4E5EDC745539FFFFFFFF	invalid_price_value
1C7CB67BFE3A6B5A211CA17FFF9D6A7D	invalid_price_value
1C803B5AEE5E1ABFFE74DC3AFFFFFFFF	invalid_price_value
1C8257E8C44E98072F84EF8DFFFFFFFF	invalid_price_value
1C87A479326865202E71B05433F164C3	invalid_price_value
1C88D3E021386C36158BC61F20AA6D30	invalid_price_value
1C88FCC0164583DB6FA48DE6FFFFFFFF	invalid_price_value
1C8A402FA7D46C851AE85726A6CD6DA1	invalid_price_value
1C8AC2F53BAD243FD3CD3DA7FFFFFFFF	invalid_price_value
1C8C1DB18706EF437D78A46CFFFFFFFF	invalid_price_value
1C8C33F86D3A60D63F8325C66C68615C	invalid_price_value
1C8D3744E85B0F83E8F2F64DFFFFFFFF	invalid_price_value
1C8EBE970445860929F03D04FFFFFFFF	invalid_price_value
1C90A55A42036A103597B25343DA6B85	invalid_price_value
1C921368B09D41CEA1B40B76FFFFFFFF	invalid_gender_value
1C92CC3A69DF6B0C0447DB38688B6AC3	missing_fields
1C938AE3CEAD596B4EADAD64FFFFFFFF	invalid_price_value
1C94DCD4FFF661C423E9CE73FEE460C7	invalid_price_value
1C95225628A667283C0737CBFFFFFFFF	invalid_price_value
1C9523FA4B5A6F94274F355D4AD46E4C	invalid_price_value
1C97A5938381630E3793B29482BA62E4	invalid_gender_value
1C98210EEBDB6C0B093632E0EA0D6DB7	invalid_gender_value
1C98A5242A4615C5C486AE7DFFFFFFFF	invalid_price_value
1C993ACF27CE5070AD5B62CEFFFFFFFF	invalid_price_value
1C9DE9E14B6A6D601481FF0F4A146CCD	invalid_price_value
1CA035CDFDD968B02B5E3A7FFCA76992	invalid_price_value
1CA0951849DE6F8C07A999A9480E6EB2	invalid_price_value
1CA4980FCE71C6CA6A6F2D00FFFFFFFF	json_parse_error
1CA51EDEAB839D2164B91920FFFFFFFF	invalid_price_value
1CA64BC054BA6DA1075D5B1C55F56C9D	invalid_gender_value
1CA78E51EC3187BBD053211AFFFFFFFF	invalid_price_value
1CA7A8CB534D62240846BD4152B363D4	invalid_price_value
1CA8DEF44F1C989FF9609580FFFFFFFF	invalid_price_value
1CAA474D153A6D8020B751BD143B6C78	invalid_price_value
1CAA4CC13E65AB3C27B9623AFFFFFFFF	invalid_price_value
1CAE35E0AD8F60540D1623E0AC386133	invalid_price_value
1CAF49A122B1AFA17EF286CBFFFFFFFF	invalid_gender_value
1CB10E9A31993EAAC4B6AD39FFFFFFFF	invalid_price_value
1CB3207BD0BA3B9CA14E29BAFFFFFFFF	invalid_price_value
1CB3556199CA6B412EDC439998746A42	invalid_price_value
1CB3DB5D7F4FC2612BF7685FFFFFFFFF	invalid_gender_value
1CB55E48128B6116325C486B137A60D8	invalid_price_value
1CB9AFC1872062BE3E07B91886716390	invalid_gender_value
1CBA1DA865386229240A0B34646E639C	invalid_price_value
1CBBCAC4AF856C2206B3DEE0AE7E6D5C	invalid_price_value
1CBC136238FA6EBB0BB8058439C36F41	invalid_price_value
1CBDA6F05ADA64E80D5DB3625BAB6512	invalid_price_value
1CC13CF478F330FDAD1ECAC0FFFFFFFF	invalid_price_value
1CC34736D61051A40BFA0E19FFFFFFFF	invalid_price_value
1CC3500FCCA76E100E394701CDCD6FDC	invalid_price_value
1CC45CB04A7F6BD3094F4A5D4B486A1C	invalid_price_value
1CC5BCC316A49825F8D183C5FFFFFFFF	invalid_price_value
1CC61236E9836077A4FCD6A7FFFFFFFF	invalid_price_value
1CC6346C7B52C15D99CDD5B7FFFFFFFF	invalid_price_value
1CC6C12DC4B2A6C5F860FCF2FFFFFFFF	invalid_price_value
1CC6ED02D2986C763342FB6BD3E66DB9	invalid_price_value
1CC75FBA14CC67431A074A5C152C666A	invalid_price_value
1CCA30066FD467350F6126F96E2866F9	missing_fields
1CCC7C8B91D789F4D4A8B6A5FFFFFFFF	invalid_price_value
1CCCF78B95476740094EE25094C96644	invalid_gender_value
1CCEB2FA55A562C12B8DA79354B26305	invalid_price_value
1CD4C6CFFA1F649A3E3DD1CAFBD56515	invalid_price_value
1CD4D0A8C4B74893E4DE0BDAFFFFFFFF	invalid_price_value
1CD504324C8E8BCF9C53736DFFFFFFFF	invalid_price_value
1CD692DD2C6664662B3286B82D3465C3	invalid_price_value
1CD69887F77F643224768F89F6D265FB	missing_fields
1CD69C25F3A0675227F68976F22F6601	invalid_price_value
1CD69FC63C256E11086588CC3D5B6F8E	missing_fields
1CD7E040785576D5CE3D6D2DFFFFFFFF	invalid_price_value
1CD7FB646BF3D92DE87FEE8EFFFFFFFF	invalid_price_value
1CD95547DD3169211E6A43B7DC4E6844	invalid_price_value
1CDA9DEE14EE7DC981059CFBFFFFFFFF	invalid_price_value
1CDB43B85EA66BCF08044E255F5B6A03	invalid_price_value
1CDB463F7BB699458D8F86F9FFFFFFFF	invalid_price_value
1CDBFC192056608B1B7EEAC0217F61B8	invalid_price_value
1CDC789462FB639C06EE6F90637162CF	invalid_price_value
1CDD6473103D61C334457024113960B1	invalid_price_value
1CDD6B88005519C98FE57666FFFFFFFF	invalid_price_value
1CDFF85A7DEF7D51450B9A5AFFFFFFFF	invalid_price_value
1CE075DED2EC604904976048D3066195	invalid_price_value
1CE08F6E552560C7269A9D4554AF61D0	invalid_gender_value
1CE372AF4AD0F3A43DD792EFFFFFFFFF	invalid_price_value
1CE5357615BD63A637AD2399143E6222	missing_fields
1CE7BE910E56643E11A4A8650F6C65D0	invalid_price_value
1CE7F1D945D46F9720A4E5A644506E13	invalid_price_value
1CE8905981EE6F640368A8C7FFFFFFFF	invalid_price_value
1CE97CF87C582B81B12A379AFFFFFFFF	invalid_price_value
1CE9868B93E6FC35FCC6F241FFFFFFFF	invalid_price_value
1CEBBD5EBA33681E364EA82EBB2B691D	invalid_price_value
1CEC223C7B729DFFF2A3BF8AFFFFFFFF	invalid_price_value
1CED94C20A6E72E8C033D8FDFFFFFFFF	invalid_price_value
1CEFD1A3B60B6371021FC6AAB76462C2	invalid_price_value
1CEFE794FEDA607A3338F272FF086177	invalid_price_value
1CF0753197E4647C3563668F969A6566	invalid_price_value
1CF14196F8E738C5E41814A3FFFFFFFF	invalid_price_value
1CF15699CFD86E741A064746CEF16FE9	invalid_price_value
1CF3A83EC86CF4BAC83E48C3FFFFFFFF	invalid_gender_value
1CF4C8D928C06C302473DE2E29EF6D02	invalid_gender_value
1CF56A4D828BDB3DAAAE9614FFFFFFFF	invalid_price_value
1CF5A015C20CF6617C3186E2FFFFFFFF	invalid_price_value
1CF7489A3EE4F70055E9AF35FFFFFFFF	invalid_price_value
1CF7EF787CF46F1BD309829AFFFFFFFF	invalid_price_value
1CF80A7E3960B8EE1E21CF69FFFFFFFF	invalid_price_value
1CF80FD921596D963FEC1A3D20706C42	invalid_price_value
1CF82EFDC8466EE018553C6EC9F16F4A	invalid_price_value
1CFA98E2D94BDD7A6003EA6EFFFFFFFF	invalid_gender_value
1CFB3F7B1144489518A934C6FFFFFFFF	invalid_price_value
1CFE4C7241526D473194586D455263BC	invalid_price_value
1CFF82FCE2316309105C9773E399621C	invalid_price_value
1D00706C4149267D5C30C27EFFFFFFFF	invalid_price_value
1D02D1D19BBC656333EBC47E9A066414	invalid_price_value
1D035F7AD4A1A2D89DF01CC8FFFFFFFF	invalid_price_value
1D03C1C7464A658F1C97D6CC473D64D3	invalid_price_value
1D05490AF608C46B745E5438FFFFFFFF	invalid_price_value
1D054EE6DF6DA6872798257EFFFFFFFF	invalid_price_value
1D05982AB8B84B984572366FFFFFFFFF	invalid_price_value
1D05ED81BE6E9A6AC8C1BCF5FFFFFFFF	invalid_gender_value
1D06C326F70D63CE2FFAD562F6116229	invalid_price_value
1D0727D4D7A14CB3B0D8CADDFFFFFFFF	invalid_gender_value
1D089B05D5256F74120A8DF5D44D6E57	invalid_price_value
1D089C2371A062270BC5891470016377	invalid_price_value
1D0A6EF0790561D4144D7AD078966085	invalid_price_value
1D0B433E2B4E8D29A234B6D8FFFFFFFF	invalid_price_value
1D0EA5994DA4ED96F06D0523FFFFFFFF	invalid_price_value
1D0FA484434743D7E9D4B8CDFFFFFFFF	invalid_price_value
1D110A23A5FE602130D21D28A4A361D1	missing_fields
1D11E43B3BC9636491EA627FFFFFFFFF	invalid_price_value
1D12AF78E349679B2F44BA81E25E66A8	invalid_gender_value
1D14A96AE63034522F327FBDFFFFFFFF	invalid_price_value
1D178A6B9398B0B7213876EDFFFFFFFF	invalid_price_value
1D182EB063DEC251F501B71AFFFFFFFF	invalid_price_value
1D19357355F766C60C63202154716716	invalid_price_value
1D1A00AE69B2EE2B896960E0FFFFFFFF	invalid_price_value
1D1B9F90D054663F3CBC8964D1176778	invalid_gender_value
1D20119F5FE16B8F3F321F255EAD6AFE	invalid_price_value
1D214863D5B309E009026D1AFFFFFFFF	invalid_gender_value
1D21B17E55B2BD30A4E14627FFFFFFFF	invalid_price_value
1D22A4F92D4781E151E4B1A5FFFFFFFF	invalid_price_value
1D2309C8969B6CF804D71F8097646DEA	invalid_price_value
1D232769ADB3C2ED6D000ED0FFFFFFFF	invalid_gender_value
1D235E74901767913F9E4977918366D1	invalid_price_value
1D23BA8B3774610E103BACF33668607E	invalid_price_value
1D27B132C9BA6F122153A7B8C8386EED	invalid_gender_value
1D290A6ACB54D213E5360E61FFFFFFFF	invalid_price_value
1D29366B468B64BB37B120A847FF6553	invalid_price_value
1D2AD47723DB61660AE5C2D7227460C2	invalid_price_value
1D2B05BBD16F6D8036221349D0536C2F	invalid_price_value
1D2B448DC7D665C92FC75262C6B064A6	invalid_price_value
1D2D5F13C0B2CE7B585411C2FFFFFFFF	invalid_price_value
1D2DFE8709796CF228E1E8B608D46D54	invalid_price_value
1D2E123A80696AA51E7D072B81C86B0B	invalid_price_value
1D2F1FB246536608277D0974476567CC	missing_fields
1D2FB2C28CD66E010B84A43B8D086F40	invalid_price_value
1D309A6BFAF660F402B78C93FB676129	invalid_price_value
1D309C3594BAAE61CEE8928BFFFFFFFF	invalid_gender_value
1D30D0B66A29C6187A105559FFFFFFFF	invalid_price_value
1D33A89279C26DE8359ABE7C78D06CEB	invalid_price_value
1D33B024E4939BEDDAB94654FFFFFFFF	invalid_price_value
1D356B96EDE144104351AB08FFFFFFFF	invalid_price_value
1D35CB1A145A6F5D0810DDF315946E27	invalid_price_value
1D3623B249736E9F0DA836B448A36F13	invalid_price_value
1D37253F23A561D606A33050220F6040	invalid_price_value
1D38C523DBB86433050DD3D2DA326574	invalid_price_value
1D39B6D2419C5D8F49B3326DFFFFFFFF	invalid_price_value
1D39CFB0DBB467ED3233D95EDAB26610	invalid_price_value
1D3A4A7EF579FC42D8D07C41FFFFFFFF	invalid_price_value
1D3BC130B66EED8821EECBBDFFFFFFFF	invalid_gender_value
1D3C92AC9F28D437C497FB1FFFFFFFFF	invalid_gender_value
1D3E0CA4E71260D6111A1BA9E6E66152	invalid_gender_value
1D3F233A0E3465C036E035470F076432	invalid_price_value
1D3FDEA8123B4F7CA9A52B6DFFFFFFFF	invalid_price_value
1D403D742DDC5909A10C2C04FFFFFFFF	invalid_price_value
1D406AEEBE786C8D11C17C1BBA786809	invalid_price_value
1D41830507ED68A43BA8957C06C4690B	invalid_price_value
1D440DA28A83EEA53017C962FFFFFFFF	invalid_price_value
1D447125B3EE6B7A0FD16731B26D6AA9	invalid_price_value
1D45570F2BD431716136BCB9FFFFFFFF	invalid_price_value
1D4585F0AD1F17E601797732FFFFFFFF	invalid_price_value
1D477CFD4DBD6C602D15692C4CD76DE7	invalid_price_value
1D4A7FF7399763AB14E16D0A386A62D6	invalid_price_value
1D4C8B3DF2E766250A8F9D0CF391670B	invalid_price_value
1D4F65554BBF681E2CE772514A536986	invalid_price_value
1D5070D2BBF66C130BE06624BA346D66	invalid_price_value
1D55F8E44A30B622945BCA95FFFFFFFF	invalid_price_value
1D5B3E317BA96CA4031229307A366D9F	invalid_gender_value
1D5C75F37C296C06228362F57D046D64	invalid_gender_value
1D5CAACACB44660C0C88BC34CA2B67D4	missing_fields
1D5D073EDC51A6BEA14F0B60FFFFFFFF	invalid_price_value
1D5D9C8DFE1B65ED1EA58B89FF3064BC	invalid_price_value
1D5E989137546F081CAA8E4D36DF6E12	invalid_price_value
1D5F3D7AB525668116942B88B4AA67E2	invalid_price_value
1D5F7782465F63971C166117476762D4	invalid_price_value
1D652645640267CF22B03060653666C1	invalid_price_value
1D665E246053A78AAA8182C1FFFFFFFF	invalid_price_value
1D6899076C896D9A39F48FEE6DE66CCB	invalid_price_value
1D68B1A455CB614C0D32A75F5466609D	missing_fields
1D6BDCF5A75A6590342ECFB3A64864BA	invalid_price_value
1D6D1C87C23668E60BA4092CC31669D2	invalid_price_value
1D6DE0A2D42B6A5A15F7F631D5E96B84	invalid_price_value
1D70DDDA2D15315DF9CB9796FFFFFFFF	invalid_price_value
1D718662FA696AED0B7D9094FBC46BE0	invalid_price_value
1D72320917CD6B181516215D13CD650E	invalid_price_value
1D73306EBB22653B11672690BAE06498	missing_fields
1D73BBB598CEDA9C057A59ECFFFFFFFF	invalid_price_value
1D73DF9B62036E491A22C96F63706FB4	invalid_price_value
1D748E3F1EED65151ACD9B111FBF642F	invalid_price_value
1D7643A86A1466911B7A54AD6BD56775	invalid_price_value
1D768AB685BF600108B89CC784A861FA	invalid_price_value
1D77C7DE21F062B53068D13D2071639C	invalid_price_value
1D786360D4FD843DA53CB327FFFFFFFF	invalid_price_value
1D7AD4D43C886E24116BC16D388865AB	invalid_price_value
1D7AD6B218C26F67126CC3E019AD6EAB	invalid_price_value
1D81CE5CEE9E6046092FD95CEFF9617A	invalid_gender_value
1D8201128B94499CB61563A2FFFFFFFF	invalid_price_value
1D82F480723D614B0D21E27473C9606A	missing_fields
1D83204202966F6C07CB331F03126EA1	invalid_price_value
1D8384B2E97E606B20E592CAE80F61C7	invalid_price_value
1D857BBE2A3560671DBE6D412B7961F8	invalid_price_value
1D8652DB0E338FE899B3E8D0FFFFFFFF	invalid_gender_value
1D8706C27A477C046C12A3E0FFFFFFFF	invalid_gender_value
1D870E27106A1854F28BCC85FFFFFFFF	invalid_price_value
1D87D8978372573BAAF43E27FFFFFFFF	invalid_price_value
1D8BD8242666840F9CDC71DCFFFFFFFF	invalid_price_value
1D8DE4D87FF16B281C55F2377EAF6A8F	invalid_price_value
1D90866E24A9637A28BC905F25D76209	invalid_price_value
1D91B2EAF41D6CFD2A04914BFFFFFFFF	invalid_price_value
1D9222A79B5D7A62E329E8E4FFFFFFFF	invalid_gender_value
1D93283094A2E36B916FF500FFFFFFFF	invalid_price_value
1D93DCA3F45661373DB0CA4BF5346081	invalid_price_value
1D94AB4ED052655E3DD9BD38D17B64ED	invalid_price_value
1D95EE866B8662701D17F87B6A8763F1	invalid_price_value
1D975839988A7CF55181200DFFFFFFFF	invalid_price_value
1D992D24B48E69910B933BBDB5C768CC	invalid_price_value
1D99AD3F73B2F7F5545138FDFFFFFFFF	invalid_price_value
1D9A0E027C391269B06152CAFFFFFFFF	invalid_price_value
1D9A91CCC8DE5A2DF4CD0C4BFFFFFFFF	invalid_price_value
1D9B2C4C7ABD13219D20717AFFFFFFFF	invalid_price_value
1D9D72FFE31E65A4083765FDE2FE644B	invalid_price_value
1D9DA05E2D376B5831F4B6A72C816A63	invalid_price_value
1D9EA6D9B7316FC700A3B02BB6BF6E8D	invalid_price_value
1D9F16A47401707CC7BC9FA7FFFFFFFF	invalid_price_value
1DA1B56525E26B04141EA39124646AAC	invalid_price_value
1DA2764AC335C90014C32D4AFFFFFFFF	invalid_price_value
1DA2810276D3608D237597EB777B61BB	invalid_price_value
1DA5FF9A80F9B1819CC4004FFFFFFFFF	invalid_price_value
1DA6019A7D4C6A982388169D7C236BBC	invalid_price_value
1DA61E3301FA650428E208CE003E64CE	invalid_gender_value
1DA6CA2AA10B19C036D07D5CFFFFFFFF	invalid_gender_value
1DA6CBF67A3F2C79758E4E8CFFFFFFFF	invalid_price_value
1DAB7510F1F26A6818D863F2F0B66BD0	invalid_price_value
1DABAF280692D152D2CD7E7AFFFFFFFF	invalid_price_value
1DAC01835CA86130025417F85D86608A	invalid_price_value
1DACCFFBF10AC791390F675AFFFFFFFF	invalid_price_value
1DAD3A687EE961E620DE2C937F1C6034	invalid_price_value
1DADB8A92115635B0CD7AFAC2018628E	invalid_gender_value
1DADBB391E556318218CADCE1F9762C2	invalid_price_value
1DB09367D74E483DFB9872B0FFFFFFFF	invalid_price_value
1DB0C9901B1462072D8CDC181A76632C	invalid_price_value
1DB37904BCA5D2049691D101FFFFFFFF	invalid_price_value
1DB396C8B06662F9249D803BB14363CF	invalid_price_value
1DB5437D4AE1213CE0FD34FFFFFFFFFF	invalid_price_value
1DB73CFF1E2567A6F382EBD7FFFFFFFF	invalid_price_value
1DB7E75C085DBD215F691A6CFFFFFFFF	invalid_price_value
1DB906ABAFD8AD5B613F6798FFFFFFFF	invalid_price_value
1DB90CB07F2EB1FD0A107E35FFFFFFFF	invalid_price_value
1DB932AB5E0563BC23C726D65FAE6293	invalid_price_value
1DB998FEB5E963CE296A8E03B4D3625F	invalid_price_value
1DBA21CAF4A1E0C269C54932FFFFFFFF	invalid_price_value
1DBAD314E9AF670735ABC58DE85566AF	invalid_price_value
1DBB73AC67C5607C05AC6744662B6166	invalid_price_value
1DBE66F5240E67179C3A81A1FFFFFFFF	invalid_price_value
1DC2AEB8BB17DCBFCC2AE33AFFFFFFFF	invalid_price_value
1DC46A9B5FD1609358BADFFCFFFFFFFF	invalid_price_value
1DC6ED8513E264222CDAFB6B125865FF	invalid_price_value
1DC755A8153D60C91061431D14B161A1	invalid_price_value
1DC7DCAF82898F39AC385810FFFFFFFF	invalid_price_value
1DCC421EFF6A690F01B954ECFECD6863	invalid_price_value
1DCD0D6CE83844563AC51C41FFFFFFFF	invalid_price_value
1DCD893E75A96C8E1C0E9FC074596D1D	invalid_price_value
1DCF7AF907F968F63B066F28065E69CD	invalid_price_value
1DD02B2E4A2A6287118E3DC14BB16328	invalid_price_value
1DD119A8DC8F43680EA7C158FFFFFFFF	invalid_price_value
1DD25684964E657D088942A397C464BB	invalid_price_value
1DD3B4602D366BA90429A2912C066A6E	invalid_price_value
1DD44A9788A170C9113F0FBCFFFFFFFF	invalid_price_value
1DD54FB82542D30DC69D57E7FFFFFFFF	missing_fields
1DD653858E7C62141557467A8FA863AA	invalid_price_value
1DD7875B72831AC9DFDF52B0FFFFFFFF	invalid_price_value
1DD9B1E0679164360AE1A6E7665F6560	invalid_gender_value
1DDA34B2CC066B9A252D272DCD2A6A59	invalid_price_value
1DDA75682042F171A935275CFFFFFFFF	invalid_gender_value
1DDA81D38D5261CD1B2295BF8CD66091	invalid_price_value
1DDAEF2A31CA64650808F9D430D0658E	invalid_price_value
1DDC7007CBED646F31716530CA5A65B6	invalid_price_value
1DDC74ADF299D463F6758AA2FFFFFFFF	invalid_price_value
1DDDA90790CE6B7E3225BFA0915A6A15	invalid_price_value
1DDE1EEAC03767A70B0B0B27C1B466FD	invalid_price_value
1DDF9DBAC8F7190F808AF260FFFFFFFF	invalid_price_value
1DE17C66CC10743B8766E21EFFFFFFFF	invalid_price_value
1DE1866F829C64D03566909683CA658B	missing_fields
1DE20C053F804E5725CCB857FFFFFFFF	invalid_price_value
1DE66177A5B86A441C1875B8A4D76B7D	invalid_gender_value
1DE6A68A6B94869DBAC07C15FFFFFFFF	invalid_price_value
1DEB06AC589A69461B34130859B7686E	invalid_price_value
1DEB3C3EE383FED51CF7D24EFFFFFFFF	invalid_price_value
1DEC1ACFEF0B600027920C3EEE26613A	missing_fields
1DEC615DE0796F9433DF77A9E1816E1C	invalid_price_value
1DECB71EBC676ADA0159A01FBDA56B28	invalid_price_value
1DED4B3C1250B10F384DB2BFFFFFFFFF	invalid_price_value
1DEF698B59DD4C89CB38CA25FFFFFFFF	invalid_price_value
1DEF8D26DA1B73589C0C49E7FFFFFFFF	invalid_price_value
1DF26E028123C3986CF24E65FFFFFFFF	invalid_price_value
1DF512327D0866352D5907687CB667B4	invalid_price_value
1DF74D82305AD4FF8ADE5AA0FFFFFFFF	invalid_price_value
1DFBC08D0F46626637D7D6700EDF63E0	missing_fields
1DFC8F74DEDE5B49517817C4FFFFFFFF	invalid_price_value
1DFCACF9A02FE5A2292059CAFFFFFFFF	invalid_price_value
1DFEDCB6E992EE2852250450FFFFFFFF	invalid_gender_value
1E01CCCF720A1208CAC23896FFFFFFFF	invalid_price_value
1E0219A3E90D625A38830EABE8E3631E	invalid_price_value
1E022DE339E1140967C6F9BDFFFFFFFF	invalid_price_value
1E026AA138296C3204447C1739CB6D08	invalid_price_value
1E04C8DCEE4F2FCA7E239458FFFFFFFF	invalid_price_value
1E05FE53438E610E12CCE8A4421A6022	invalid_gender_value
1E0773EC1B1A48C9B67EA7BFFFFFFFFF	invalid_gender_value
1E08D04A777761D02762C6A57621608F	invalid_price_value
1E09D120040063782C54DA9005176222	invalid_price_value
1E0A0849666D78A6097739CEFFFFFFFF	invalid_price_value
1E0A8EEFC8DF6AAAA1574B94FFFFFFFF	invalid_price_value
1E0B07A0F5406F0F0CD91407F46C6E40	invalid_price_value
1E0B612612D12793B9148950FFFFFFFF	invalid_price_value
1E0BD918688362BD2331CF9369D1632D	invalid_price_value
1E0CB7D4F9AC66661081A0DFF80167F4	invalid_price_value
1E0D459E1BFF6A8038B751A51A7B6B47	invalid_price_value
1E0EC1707BE9EEEFDE027F9CFFFFFFFF	invalid_price_value
1E0F3773A05000FBC8EC44A9FFFFFFFF	invalid_price_value
1E0FBEAB7E7F682E1E7FA8E67F0F6940	invalid_price_value
1E1101F4AA1F654C32311742ABA1643A	invalid_price_value
1E110710F94109CF91DE549EFFFFFFFF	invalid_price_value
1E13211D46F2669407A0361A47DF672E	invalid_price_value
1E165CB5290C60A01B2F4FD0286E6134	invalid_price_value
1E177CB41DC16C4D32086FF01CC56DE9	invalid_price_value
1E17CEF6D7210591740A7085FFFFFFFF	missing_fields
1E182BBDB226675D19E93FE0B3306666	invalid_price_value
1E189300F3AFAC8DDEA3504CFFFFFFFF	invalid_price_value
1E1A5B8041226B7911B24D7840A96AD5	invalid_price_value
1E1C1A82341061380C520C733546604A	invalid_price_value
1E1E7F41315198D92AA05A41FFFFFFFF	invalid_price_value
1E1FC471A3FB639D3C15D225A2A4629A	invalid_price_value
1E1FD36385AF6AC43AAAC46084766B67	invalid_price_value
1E2129578A87C1A14D834296FFFFFFFF	invalid_price_value
1E218487EAB733F6E8E0CAE8FFFFFFFF	invalid_price_value
1E218F0DB12767AB395D9AECB052667E	invalid_price_value
1E242581B73A649737E33368B65A65B2	invalid_price_value
1E2531BB90C268071B2A2720918B6907	missing_fields
1E26083F29FC6FFFEFD3317CFFFFFFFF	invalid_price_value
1E26E8FD388168E128D2FFF939726984	invalid_gender_value
1E279E30B8E5247F114B97E0FFFFFFFF	invalid_price_value
1E284FC512BB6E6913445B22134B6F0D	invalid_price_value
1E294C4533DEB6C6B21E9275FFFFFFFF	invalid_price_value
1E2A106CA5DD773066DC7D89FFFFFFFF	invalid_price_value
1E2B36BC5B616FC31EA7204E5A076EE6	invalid_price_value
1E2BAC31988E9BB5DF34C677FFFFFFFF	invalid_price_value
1E2BF17F88DB64BF159EE4AF8CDB6655	invalid_price_value
1E2C4429E99663BA3F7E52DDE8B3624D	invalid_price_value
1E2C4BCD2BEC660DF91439F5FFFFFFFF	invalid_price_value
1E2D0682B2CE6AEE2A481188B3D06B6B	missing_fields
1E2D6BBA59B96B5010C97D4B58D66AF7	missing_fields
1E2ED92FA6B166FA0617CFD7A7C9671E	invalid_price_value
1E30FB06A9A4675E3B98EDFFA8CB66F0	invalid_price_value
1E34FD24FCCD8148D2A588A8FFFFFFFF	invalid_price_value
1E3544EF0AC9676935EC52100BB766AB	invalid_price_value
1E36D098DDB0FFCF76008922FFFFFFFF	invalid_price_value
1E36F18367726D6B308AE77266E76C6A	invalid_gender_value
1E37801C381D54D178A89AEDFFFFFFFF	invalid_price_value
1E37F0EC2BD46A20212BE6172A906B4C	invalid_price_value
1E37F10DE63627A0F09706B5FFFFFFFF	missing_fields
1E395FA078E9602A1EBC4959791961ED	invalid_price_value
1E39E9FD76D86508044CFC7277AD64AA	invalid_price_value
1E3D82EA86BA5CDD348AFB22FFFFFFFF	invalid_price_value
1E3E311AF60DF7028BB6BE11FFFFFFFF	invalid_price_value
1E3EF1A82E0C648A1105E7D72FCF654B	invalid_price_value
1E3F4F48AF4E658B05F859B5AEC864D5	invalid_price_value
1E3FA48BF1B56F39078EB266F0D26E29	invalid_price_value
1E4041FBFC49972DD3657609FFFFFFFF	invalid_price_value
1E4094C7688C8AE28CDFB5A1FFFFFFFF	invalid_price_value
1E4106B6EFF03A7A3CC26837FFFFFFFF	invalid_price_value
1E419F0B18A0689617C18BA019176956	invalid_price_value
1E41EE064F51646026C3FA814E336510	invalid_price_value
1E42593E87B662C4189A4D07865863B1	invalid_gender_value
1E42610BE91E65071E5677D3E8026458	invalid_price_value
1E436D0CA10638DF22571922FFFFFFFF	invalid_price_value
1E4440007FE071FD17966893FFFFFFFF	invalid_price_value
1E46FD7B7FD8D5E711B60E82FFFFFFFF	invalid_price_value
1E47662C7A656A198921A9A7FFFFFFFF	invalid_price_value
1E4CDA16E97C655C0459CCDCE8E86479	invalid_price_value
1E4E6D2762E6B6033288637DFFFFFFFF	invalid_price_value
1E4F3D909A4C665313D52B809BB467F3	invalid_price_value
1E4FB176973261452FF2A67396006004	invalid_price_value
1E506D1A49A375DFD1C49736FFFFFFFF	invalid_price_value
1E51BA6940786D351C51AF7041C66CE9	invalid_price_value
1E521F5936B56BDE10EA09B537356AB8	invalid_price_value
1E52828DCD556F660EC197DACCD96E75	invalid_price_value
1E53AA7AA4180763C050D3EFFFFFFFFF	missing_fields
1E554AB6995C6EA436DE5CE6982C6FA1	invalid_price_value
1E56D297B38B020CC60D261DFFFFFFFF	invalid_price_value
1E57F3832E319A9073587D99FFFFFFFF	invalid_price_value
1E5A4C23DE7A5D4CE9F3E2CEFFFFFFFF	invalid_price_value
1E5A84EEBC496CFD3ACF9120BDC76D79	invalid_price_value
1E5BC611359E69CB3EBCD567319E6732	invalid_gender_value
1E5C32FAB9786C6B1EFF2417B8FE6DB7	invalid_price_value
1E5C4B40D66AD814F1F509CAFFFFFFFF	invalid_price_value
1E5FBAD427A662A33017AFBB26EA6386	invalid_price_value
1E613C19E85E66FA2FDB28FAE91D675B	invalid_price_value
1E6274ED0411FBAFBD45B338FFFFFFFF	invalid_price_value
1E6887DF9F226A020A9691349ED26B1C	invalid_price_value
1E696206C1536E1A3D1074F7C02D6FB4	invalid_price_value
1E6A78ADEB183A4C2EB1C4ECFFFFFFFF	invalid_price_value
1E6BFF5F233C6AC5113EEAAC22C46B1E	invalid_price_value
1E6F33D758F3EED248C182D9FFFFFFFF	invalid_price_value
1E71CEAF83E22279B74B9BF2FFFFFFFF	invalid_price_value
1E71F2ACD0693608C5E0B3E6FFFFFFFF	invalid_price_value
1E723B861D98635C15342DBE1C306252	invalid_price_value
1E72F070F457E68BFF2FED21FFFFFFFF	invalid_price_value
1E73038D13166D923956157A12946CB4	invalid_price_value
1E745EBFD44F6BC113BF484DD5E76A49	invalid_price_value
1E75199F45A767831D940F6344FE66F1	invalid_price_value
1E75F5BC3F5A69AC0CC7E3663E24688A	invalid_price_value
1E76B8FABA6A44D2FE66F3AAFFFFFFFF	invalid_price_value
1E77473FB6E0635C23B85236B7926252	invalid_price_value
1E78DF1A9DA3678212EEC9E29C2C667B	invalid_price_value
1E792C458A0C6005060F3AAF8BCE6150	invalid_price_value
1E7AD7D6A2B46B8D3B26C128A3706A63	invalid_price_value
1E7BAA242EB34065CD80A3EAFFFFFFFF	invalid_price_value
1E7C2BC4D95B6EC02BDA3CC7D8096FF4	invalid_gender_value
1E7C39C72A463957A7FFF76FFFFFFFFF	invalid_price_value
1E7E24876ACA6ACB1C4532BF6B986B44	invalid_price_value
1E7E605CD8D363822A3C74F3D9FA62CE	invalid_price_value
1E7F594940EC686336BA4C714117690E	invalid_price_value
1E81C6DB6942933D3845779FFFFFFFFF	invalid_price_value
1E826C2C712A2F066DA3CDF4FFFFFFFF	invalid_price_value
1E82B269479E6DEA2140A43A46B96C60	invalid_price_value
1E830AD53F3C1EC23ABFE3C2FFFFFFFF	invalid_price_value
1E8A470C7BDD649E36C450067A5365E2	invalid_price_value
1E8AE04E66BCBC4C4A46D7FEFFFFFFFF	invalid_price_value
1E8D5FC7D4226499348A49B1D502653A	invalid_gender_value
1E8E308F84F46AEA0BDA2447851A6B86	invalid_price_value
1E8E4EB38DA06F9409DF59B48CE16E32	invalid_price_value
1E8E7F10020D6E2B0A3469E203776F1E	invalid_price_value
1E8F34A297966A301E8D225A96756B0F	invalid_price_value
1E8F97A7124A650E1DC7823F13C16431	invalid_price_value
1E8FEE03A72F60FC271BF8D0A640610B	invalid_price_value
1E9002D29540637538E917A594B06239	invalid_gender_value
1E900B59D33B9DE98F4C768FFFFFFFFF	invalid_price_value
1E900F59A8E064A31B871949A9C765B3	invalid_price_value
1E90429F80F2627A06525400811C6326	invalid_price_value
1E90E4BB358B665A7D8C8012FFFFFFFF	invalid_price_value
1E90E684B84331E2F7136A78FFFFFFFF	invalid_price_value
1E9247891AB66C450DB851661BC86D86	invalid_price_value
1E929C03EBF5229F9FD4E638FFFFFFFF	invalid_price_value
1E93BC0F66EEF59AF11CF72DFFFFFFFF	invalid_price_value
1E96470DF0CE6D7C189451FEF4CE63AE	invalid_price_value
1E9652FF8A8765D413AE44178BE864D7	invalid_price_value
1E969622B0FF6624D9702F7BFFFFFFFF	invalid_price_value
1E96FD54CC872DD9EAD7E120FFFFFFFF	invalid_price_value
1E975FF080CB824106188FB2FFFFFFFF	invalid_price_value
1E9822740D8E63C6281C318E0CA762C4	invalid_gender_value
1E993381DD146E9D0ECE2577DCCB6F26	invalid_price_value
1E9965EBAB65615823DB7316AAC86049	missing_fields
1E9A614177A3C118ACDC3CF4FFFFFFFF	invalid_price_value
1E9A8829E79EFC1EF25720A1FFFFFFFF	invalid_gender_value
1E9AAEA50D9A65120338B8510C2464A0	invalid_price_value
1E9C1C6E561B63BC3FA50A9757F66290	invalid_price_value
1E9D7CCF800528C1BE0CA538FFFFFFFF	invalid_price_value
1E9E0E33D055696428231933D13F6801	invalid_price_value
1E9E2C9691476B25160F3A69906A6AE6	invalid_gender_value
1E9FBFAD0403DB025A38AD51FFFFFFFF	invalid_price_value
1EA04991BDCF6DDC2A405F24BC786CD9	invalid_price_value
1EA30C83F2EA648A2BCC1B8AF36265E2	invalid_gender_value
1EA5D921B88E79AE55EF2E56FFFFFFFF	invalid_price_value
1EA611F9931F646E0BFC07F49270653B	invalid_price_value
1EA670E51EE426CE55E6BAD8FFFFFFFF	invalid_price_value
1EA765042EB2ECCDC824AFACFFFFFFFF	invalid_price_value
1EA78757AF8668241EC5921BAE0A6991	invalid_price_value
1EA85F7AEAAFC18DD9CEB7A2FFFFFFFF	invalid_price_value
1EA926DAEEB162242BE433E8EF32631E	invalid_price_value
1EA9D66D766122662ED2E098FFFFFFFF	invalid_price_value
1EAAEF5C5166699E3CA1F9B15066689D	invalid_price_value
1EAAEFC7614265D50ABCF92E60D964F4	invalid_price_value
1EAD5BB24B946A0C2C484D4A4A2E6B02	invalid_price_value
1EAD640C5D2964970FBC72F25C3E659C	invalid_price_value
1EAD7901A4FA6C7337CD6F41A5636D4F	invalid_price_value
1EAE47EEC7AE65B03ECA51D4C685643C	invalid_price_value
1EB02323AD396411081CA80EFFFFFFFF	invalid_gender_value
1EB0720A1FDC2886144257EDFFFFFFFF	invalid_price_value
1EB34FBF24F1F16A985347B0FFFFFFFF	invalid_price_value
1EB49DBCECF0650808218BE2ED356452	invalid_price_value
1EB569CEE73671CBA7269D4AFFFFFFFF	invalid_price_value
1EB6971BC43268482ACF81ADC52F698C	invalid_price_value
1EB6BF9D96DD6C9E3DAA6C75FFFFFFFF	invalid_price_value
1EB6C773571E6F8CED6004EFFFFFFFFF	missing_fields
1EB912E0577869B023A9043B560368DC	invalid_price_value
1EBBB59073AB605B30DFA33E72EE61CF	invalid_price_value
1EBD1F02349E66303F40092B35706781	invalid_price_value
1EC15BB7ABF8AADFEE4C6EE0FFFFFFFF	invalid_price_value
1EC17D859EB605549A87F2E6FFFFFFFF	invalid_price_value
1EC295CACC0F663521CB82CFCDD967C4	invalid_price_value
1EC3552C5B02AE2EBFA01A19FFFFFFFF	invalid_price_value
1EC49C8DB73067B112528A79B65C6695	invalid_gender_value
1EC8A2F92524682534BBB411244B6946	invalid_price_value
1ECBD8B18FFF5EAD5B09EA71FFFFFFFF	invalid_gender_value
1ECBDA718819B05E216E95DAFFFFFFFF	invalid_price_value
1ECC180D9277842962E0C07DFFFFFFFF	invalid_price_value
1ECD425CEA306165077154AAEB5460D5	invalid_price_value
1ECDC0628B4961F70288D6C58ADC6019	missing_fields
1ECFCB8377FB63C8F5478AE0FFFFFFFF	invalid_price_value
1ED0C458AA2860B7239ED352ABE261DC	missing_fields
1ED4192C1B1060F11AA30FB51A4361C3	invalid_price_value
1ED570C4DA615A68F6944BC1FFFFFFFF	invalid_price_value
1ED64662E3D2573F02049C7AFFFFFFFF	invalid_price_value
1ED84B98CEF66C1029B45C9ACF516D6E	invalid_price_value
1ED8691428FF3D33F82561F7FFFFFFFF	invalid_price_value
1EDBDB4AA85F624506AECA0CA9B163E5	invalid_price_value
1EDCA378D2DA2A8E804DE97EFFFFFFFF	invalid_price_value
1EDD5209D6166D83310044FDD7716C32	missing_fields
1EDE76D043326C001553602642646D1F	invalid_price_value
1EE4843049856E5802A2929948DF6F9F	invalid_price_value
1EE6F109BDF9C21E632E9084FFFFFFFF	invalid_price_value
1EE794536BDD6220149783526AB26399	invalid_price_value
1EE79498E0320E8EC6D120EEFFFFFFFF	invalid_price_value
1EE99782289D6E823154816829A26F80	invalid_price_value
1EEC7C03B79567A933636AEFB6C966A8	invalid_price_value
1EECFC08E8CF6DBB3960EF2AE9A86C85	invalid_price_value
1EEDFAB18B306DBA1146E9118A1C6C89	invalid_price_value
1EEEEB45C31963CC0A0FFC41C241627D	invalid_price_value
1EF06A78490E6145265F7C8848FE6089	invalid_price_value
1EF0DB6290AF6B5B3878CDD791D76A18	invalid_price_value
1EF138D33CD26F7909772E263DE26E93	missing_fields
1EF4574C2EE1126DB9E372FBFFFFFFFF	invalid_price_value
1EF75A0A81F96A430F7C4C6080EE6B96	invalid_price_value
1EF7E78EDF296C1A30DCF29FDEA76D3D	invalid_price_value
1EF933172AF9482699CB4077FFFFFFFF	invalid_price_value
1EFB33982E356EAD17A125682FE66F0D	invalid_price_value
1EFBD6ABA42F66BF2E1FC4CEA5A16712	invalid_price_value
1EFC3C911C709739D5C89BD6FFFFFFFF	invalid_price_value
1EFC4AA3B5BB6B38373A5C5BB44B6A31	invalid_price_value
1EFC5A4DDFB8D8BA6DD719D9FFFFFFFF	invalid_price_value
1EFCA3B9A2C73CE4AE885E60FFFFFFFF	invalid_price_value
1EFD144BA4996BBD0CCF01A2A5316A76	invalid_price_value
1EFD5129573E62AF00FD4444569F63D1	invalid_price_value
1EFDABEA3867699315CDBD0839C168B5	invalid_gender_value
1EFDE30277AE6A591280F7FE76ED6B9F	invalid_price_value
1EFE0B3E7AA76A6C233C1E5B7B196BF9	invalid_price_value
1EFEC2180F0365A92079D64A0E1564F0	invalid_price_value
1EFF18A2A3F261EB29F38BABFFFFFFFF	invalid_price_value
1EFF22B06A556256473F2054FFFFFFFF	invalid_price_value
1EFFF35B69366DC79EAFD1FCFFFFFFFF	invalid_price_value
1F004E9893BED00C556F5E62FFFFFFFF	invalid_price_value
1F00C49726BE649029B0D04E27326523	invalid_price_value
1F01E36CCE82463D5D5AD243FFFFFFFF	invalid_price_value
1F02ECED68D2FA56EBB2ED71FFFFFFFF	invalid_price_value
1F03C4F3EBED469BF91AFAF5FFFFFFFF	invalid_price_value
1F057264411B6D5F152A649340C56C17	invalid_price_value
1F070F465CC7C17F4981F2DAFFFFFFFF	invalid_price_value
1F0766716F6F6EA92D25708F6EAD6FB7	invalid_price_value
1F08293BC26663F105713FE4C3CF62CB	invalid_price_value
1F083EC5F15B61A30BC62B8FF0DF60E2	invalid_price_value
1F0A87CAF0E06B1D34DF9213F1116AAE	invalid_price_value
1F0C45B972966D2E12BF53E573F06C48	invalid_price_value
1F0D4B7288E8602720665DFC892361DC	invalid_price_value
1F0DE8FB332690EB4FDED827FFFFFFFF	invalid_price_value
1F0DEC8834856A4F12C6F90335926BEC	invalid_price_value
1F0E7D00C22BBE35FD8E0C9BFFFFFFFF	invalid_price_value
1F0EFFB617426979289DE9431612683D	invalid_price_value
1F0F55067DAC68133C9743E97C046984	invalid_price_value
1F0F9128E7E86FD22C0F854DE6926ECD	invalid_price_value
1F100D1B63AA68EA23A87A4CFFFFFFFF	invalid_price_value
1F1381E8BBFB6C073FE49795BA6F6D03	missing_fields
1F1548EE88DB773AE263F53DFFFFFFFF	invalid_price_value
1F15D7FEECF46E3E0D8EC112EDFC6F70	invalid_price_value
1F17EAF2A04461D261C250AAFFFFFFFF	invalid_price_value
1F18BB4B497F624915FDADBD4817635C	invalid_price_value
1F1C43BEC3E26C4A3A5454B2C2CF6D1C	invalid_price_value
1F1C9BEAA56669DE2BD08D11A4106845	invalid_price_value
1F1CDD5E46E56C6528EDCBAA47F36DD9	invalid_price_value
1F24CA2F2815234297EAB0D6FFFFFFFF	invalid_price_value
1F24FE1AF510642213F9E8D4F4C665A9	invalid_price_value
1F25BD2FDB92057AE34F8552FFFFFFFF	invalid_price_value
1F26093559DD697C19B31BE85891680A	invalid_price_value
1F28928DDFDA2CBA5BE5D7A6FFFFFFFF	invalid_price_value
1F29B62F9A576CC9F5B62336FFFFFFFF	invalid_price_value
1F2A3AD60CB265253B212C2F0D866430	invalid_price_value
1F2AC692451A649123B0D00444EF65FF	invalid_price_value
1F2AD48B5586A2E63CBDAFCAFFFFFFFF	invalid_price_value
1F2B2301EC0D65A5018035E8EDB76450	invalid_price_value
1F2BC616D1DDF37EC981A1F6FFFFFFFF	invalid_price_value
1F3135947B9BFF561D1AB741FFFFFFFF	invalid_price_value
1F31CBDF28FB615A26E9DEB1298E60B9	invalid_price_value
1F321A0D016B609D2DC80D0600E4615D	invalid_price_value
1F35E08EE72566581873F59FE6A367DF	invalid_price_value
1F364E6625C4BFBF72B8E9EAFFFFFFFF	invalid_gender_value
1F37367BC5075CC3127FA5DAFFFFFFFF	invalid_price_value
1F38B80CFA3F6C2F3D48ADF6FB926D10	invalid_price_value
1F396368F3B22094C66876B3FFFFFFFF	invalid_price_value
1F3A145FE7409C0DCC207A5FFFFFFFFF	invalid_price_value
1F3C154A3CA063333E87024B3D6262D7	invalid_price_value
1F3D86D3C06895F61809C8EEFFFFFFFF	invalid_price_value
1F3D9FE93E3363FF3A25894B3F2D6233	missing_fields
1F3F4F67FF3963AF13FB5980FE5E623B	invalid_price_value
1F40A03FEB986B0600E4B6EAEA1D6A61	invalid_price_value
1F41B8E66C0661250DD4AE7F6D9260C7	invalid_price_value
1F428CB8E1BB90F9F1545DA1FFFFFFFF	invalid_price_value
1F4341ADF40E8674980E9203FFFFFFFF	invalid_price_value
1F44C22EC21762F4336BD4DCC3F0633A	invalid_price_value
1F4573A66F3C6B0F1625667B6EAF6A9D	invalid_price_value
1F462BA4495166830C853D56481B6762	invalid_price_value
1F4635B137330D998AE35182FFFFFFFF	invalid_price_value
1F48058DBC8C1B0E8854E993FFFFFFFF	invalid_price_value
1F4A5B997A96640F32A64D267B8E65E7	invalid_price_value
1F4B490D4E3263341FFC5CA04F206250	invalid_price_value
1F4B568EE60A63B018E64344E7D76273	invalid_price_value
1F4BE389CA293E3DFF69BFBFFFFFFFFF	invalid_price_value
1F4BFDFE25706647304FE890245967CF	invalid_price_value
1F4CFDA99C3FDD364C15A874FFFFFFFF	invalid_price_value
1F4D548110156B180D49424911216A0B	invalid_price_value
1F4E6E7817D96F7A155D7BA816576EC4	invalid_price_value
1F4EAE16924986FD686643BDFFFFFFFF	invalid_price_value
1F4F9892688464E81F808EED69D26564	invalid_price_value
1F4FF9C0006069890854EC5E011E6857	invalid_price_value
1F500D0F197466F30ED01B0D188567FE	invalid_price_value
1F50AF7E88EF6EDB0ECBB98E89806FA4	invalid_price_value
1F51B1E8F6C3B48CB6877D70FFFFFFFF	invalid_price_value
1F559D6C079566BE063F89B60645673E	invalid_price_value
1F55E78B43756C200781F16C42626D0C	invalid_gender_value
1F569336FFBC1F48725B21B3FFFFFFFF	invalid_price_value
1F56BA199B23680802EBAA7E9AC569A7	invalid_price_value
1F56CF7EA03668B4170DD993A4366C96	invalid_price_value
1F5BDE28638A65CF3965C8C062F4644C	invalid_price_value
1F5E6830ED016B7B3B9F7EDEEC646A42	invalid_price_value
1F5F98CA9CD068BA22B38D6D9D7D69B8	invalid_price_value
1F60813B86A596B77C1A78C7FFFFFFFF	invalid_gender_value
1F60EEB143E9676610EEFB3842476664	invalid_price_value
1F61DAC2FC3E67CF13C6CC31FD516676	invalid_price_value
1F62FB17D2B4E36080DEB644FFFFFFFF	invalid_price_value
1F641B72223D55F0B3E281EFFFFFFFFF	invalid_price_value
1F657DFAC932639A0ED26817C8A062CB	missing_fields
1F67FE9B674A67AD374DE86F66DB667E	invalid_price_value
1F68222A900EB49A632B3DF7FFFFFFFF	invalid_price_value
1F699CDD438166F923B58A3E427067D1	invalid_price_value
1F6ABE339AC06DBD377DA8CE9BF96C36	missing_fields
1F6CA4F20DE37D816018BB32FFFFFFFF	invalid_price_value
1F6D45F2B16654A2DD683442FFFFFFFF	invalid_price_value
1F6DAA7A825A0C0BADE5E495FFFFFFFF	invalid_price_value
1F6EAC41360F600B059CBAB8372A6167	invalid_gender_value
1F6F003C2307682B06085126FFFFFFFF	invalid_gender_value
1F71232810126E9C133835D911716F54	invalid_price_value
1F7498F9BFB069F90D278E10BE266808	invalid_price_value
1F75B9BC5EF769F815AFAC335FBE686A	invalid_price_value
1F760195F53C07695BF3860CFFFFFFFF	invalid_price_value
1F7AA7692A12FDDB0E0B80F6FFFFFFFF	invalid_price_value
1F7B3B0F2715C8078DA46602FFFFFFFF	invalid_price_value
1F7BBFEBE9B2FF29FBBAFE16FFFFFFFF	invalid_price_value
1F7BDB865EF36A1031FACD7D5F996BE2	invalid_price_value
1F7BE0960257614630C7E080FFFFFFFF	invalid_price_value
1F7CE47361B56FDE2318F22160FC6E76	invalid_gender_value
1F7E2D2B3259684D18573F1E3370699A	invalid_price_value
1F7FCF67790A6A1F050FD86778896B19	invalid_price_value
1F819879388C6DC211D38D8C39CC6C92	invalid_price_value
1F82E58D9E390233CB0276A0FFFFFFFF	invalid_price_value
1F84C7C7B43A01EA97089B8EFFFFFFFF	invalid_price_value
1F84CD89219762783F5AD8462013638B	invalid_price_value
1F85C0F370FC62433A05D2A6716E634B	invalid_price_value
1F8793970CBB183E6A963BE7FFFFFFFF	invalid_price_value
1F880CD84ACF504CB4854E95FFFFFFFF	invalid_price_value
1F8A34C8F6A763FB2EA323CCF7A762EC	invalid_price_value
1F8CF25D0F4F6635075EE6160E976723	invalid_price_value
1F8DB01D93C66E8B259CA5EC92B36F18	invalid_price_value
1F8E400D46F660D011B756E2473C61AE	invalid_price_value
1F8E82111B5330A68D12DEBDFFFFFFFF	invalid_price_value
1F8F0725A5FE63351E2911D9A491620A	invalid_price_value
1F8FE4BF436E6A3908D7F3BD42666B0E	invalid_price_value
1F90EC3ABA3C91E8B6F99BD6FFFFFFFF	invalid_price_value
1F9149ED857165DB3B525DCA845D64B7	invalid_price_value
1F918D198C9EFA58756197F6FFFFFFFF	invalid_price_value
1F9265374206683E0CD3723C4378690F	missing_fields
1F92C5C6147560DA0E69D4E715B761DB	invalid_price_value
1F96534B7C0C69140D6545BE7DA16803	invalid_price_value
1F975F8DDB90DF5C03E32A7DFFFFFFFF	invalid_price_value
1F9890160C1EF28795E34012FFFFFFFF	invalid_price_value
1F98F3C6DC46630808FBE5B8DDF662B5	invalid_price_value
1F9A289075AD621C013D3EFA74EB6382	invalid_price_value
1F9D094E5CB4472972C684A0FFFFFFFF	invalid_price_value
1F9D1932E7976A733F5B0FDCE64E6B54	invalid_price_value
1F9DBA28D10C69AF1EF4ACDCD00E68A4	invalid_price_value
1F9E1CEDD4F1625237170987D58363B1	invalid_price_value
1FA18F4FAD63688B3A0B99BDACBB69D9	invalid_price_value
1FA2F03CAB50658A3A77E6CAAADB64E0	invalid_price_value
1FA3FADADC3B67A70161EACADD126641	missing_fields
1FA5FD11981FF2BC27AC2032FFFFFFFF	invalid_price_value
1FA672DDE7DB696D1A60670BE6F068E2	invalid_price_value
1FA851100C996D3D2ABD47E20DF66C07	missing_fields
1FA88D15DB053517247CE365FFFFFFFF	invalid_price_value
1FA98AD0786969213B8B9FCF79AD68EC	invalid_price_value
1FAB7B153DDC6BE008356C113C556AF9	invalid_price_value
1FAD48CFBBB135B38C059455FFFFFFFF	invalid_price_value
1FAD53D9CAFB61C33DD845FACB8560F2	invalid_price_value
1FADC4915214685C039FD27853D3693D	invalid_price_value
1FAE21ECFE1862A5249D371DFF476368	missing_fields
1FAF2566CC52F3183481A475FFFFFFFF	invalid_price_value
1FB0DA0D616EC666FA84C7BDFFFFFFFF	invalid_price_value
1FB12A3B8E786A3D1DDA3D338F306B85	invalid_price_value
1FB1D70ECAB14ACC8385D7B3FFFFFFFF	invalid_price_value
1FB277E6962361771075611097B4604D	invalid_gender_value
1FB289970AD13CC90FEF272AFFFFFFFF	invalid_gender_value
1FB2C0B4A82B4450798545C7FFFFFFFF	invalid_price_value
1FB2F0CD473261043E5DE634469E603D	invalid_price_value
1FB427A58B6E6E0421BE315B8AD16F23	invalid_price_value
1FB45DCC0854669F1A144B380987677E	invalid_price_value
1FB7B929D1A962A11E0EAB29D0BB63B4	invalid_price_value
1FB81CA26ED79CBA43CD9278FFFFFFFF	invalid_price_value
1FB835544AF60CD3B4E89B0AFFFFFFFF	invalid_price_value
1FB8E1FD659667DB0E74F769645D669D	invalid_price_value
1FBB21F718788D0161CF33CBFFFFFFFF	invalid_price_value
1FBBFCD1596361F82084EA0B58F16046	invalid_price_value
1FBC469781456A2722BE504480CE6BE3	invalid_price_value
1FBC9899D33F80EAD8312881FFFFFFFF	invalid_price_value
1FBD351F794960623DB423E77826613C	invalid_price_value
1FBE7FB1C3366F222E33695DC2F16E02	invalid_price_value
1FC01EA206E0612727A30D1507F760AC	invalid_price_value
1FC0592D910E3B6FDA03A72AFFFFFFFF	invalid_price_value
1FC17D98876A6BD831F46B64861B6AC9	invalid_price_value
1FC1D1FBA053B5A9C2B5DDDFFFFFFFFF	invalid_price_value
1FC4BE726CD4656B1502AB996DD06492	invalid_price_value
1FC68B245E372BD235C97404FFFFFFFF	invalid_price_value
1FC6E346606DAA5EF7A459A7FFFFFFFF	invalid_price_value
1FC7095417A50FA934F338E5FFFFFFFF	invalid_price_value
1FC76F6B24B563F1278A7A99251E62D7	invalid_price_value
1FCA084012AB79DC5FCE2DF1FFFFFFFF	invalid_price_value
1FCA3644B75A6C7F1269279AB6246D01	invalid_price_value
1FCB0426C48B6E22106512D9C5CE6F2E	missing_fields
1FCCF1EEC72166582E59E71FC66067D8	invalid_price_value
1FCD10A840BC66F4234B06B44114676C	invalid_price_value
1FD02EEC1AD464F9217538121B7C650C	invalid_price_value
1FD0430D64EBB50D3BCB3A16FFFFFFFF	invalid_price_value
1FD30C8A9FAD6BD839CE1A689E516A88	invalid_price_value
1FD32EE5CCDC7839B15D8757FFFFFFFF	invalid_price_value
1FD34E1C76B6673F09C258F3772266CF	invalid_price_value
1FD3A44AB13461EB0D16B0A2B05E60BB	missing_fields
1FD3A4AD1B6E61FF097CB20D1A6F6055	invalid_price_value
1FD51984A7A367DD0F020F75A6F36682	invalid_price_value
1FD63B81C267621E10F92DCDC36E631B	invalid_price_value
1FD680E17FD56FFA2B4A94C57EC76ED5	invalid_price_value
1FD9BC06E34D6BD700DDAAE0E2336A1C	invalid_price_value
1FDCDA6041276B64377ACFAC40AC6ACC	invalid_price_value
1FDEB987D7415FB6DDF43EADFFFFFFFF	invalid_price_value
1FDEE4468822F63C01E259D7FFFFFFFF	invalid_price_value
1FDEFDA8F43A66B203F0EB45F54F671E	invalid_price_value
1FE087A78A72623A0827913B8B82637D	invalid_price_value
1FE0D2AF2186FCF4DD7F124DFFFFFFFF	invalid_price_value
1FE19DF0E509632E19C28BC1E4BE621B	invalid_price_value
1FE33C11A9C96D7A3C402AE8A8A66C94	invalid_price_value
1FE4D1E3CCED67D1100FC5DBCD796655	invalid_price_value
1FE57A60E732639A35E06D62E68C6266	missing_fields
1FE5BE7D5F1561440832A8855EFB6000	invalid_price_value
1FE6288FAE9D64E220953E61AF1B6569	invalid_price_value
1FE6DC2F5F166EAC2E57C8925EC06F86	invalid_price_value
1FE710FCE5436D0E1ABE060AE4286C82	invalid_price_value
1FE71A68F25763B717AD09ACF3F66200	invalid_price_value
1FE8B0E7FCF2563939C1EFA4FFFFFFFF	invalid_price_value
1FEA959FF030696B1E37836BF1B668CA	invalid_price_value
1FEAEE0B58B06D2C367EF90959E26CE1	invalid_price_value
1FEB7B49CFB1E03989724AFDFFFFFFFF	invalid_price_value
1FEB9EEC8E2B6E36036488058FA76F1F	invalid_price_value
1FED2A3ACCD293C5CC0CC253FFFFFFFF	invalid_price_value
1FED9F4388BA6BB62C2089BE89386A5E	invalid_price_value
1FEDE55DE8F86DB9050AF3A7E9F46CCA	invalid_price_value
1FEEFB2B0D1B51B788EE13A9FFFFFFFF	invalid_price_value
1FF0A1BE5156696720F3B74A50D168DD	invalid_gender_value
1FF0B3430A3966420253A4450B2E67A4	invalid_price_value
1FF23A5451A6BFF46B18D6ADFFFFFFFF	invalid_gender_value
1FF2BADADC666584052BADD9DD0164C2	invalid_price_value
1FF2C514EE17695C13C41471FFFFFFFF	invalid_price_value
1FF3409983336A1A328D564882646B0A	invalid_price_value
1FF49CF8017BA54E993DD23FFFFFFFFF	invalid_price_value
1FF5348B6E38CA5376281AC9FFFFFFFF	missing_fields
1FF6F32A7A823F9D821F4760FFFFFFFF	invalid_price_value
1FF6FEF553B4B3D9F32B8FABFFFFFFFF	invalid_price_value
1FF89C684F62AE1DE6C66F6DFFFFFFFF	invalid_price_value
1FF9487E1D6ED727BEC72EE3FFFFFFFF	invalid_price_value
1FF9DE7448459C7F5FF45399FFFFFFFF	invalid_gender_value
1FFACD95AE7765471954DB05AF9964D1	invalid_price_value
1FFBF107CD1E698D3747E7FCCCB9681C	invalid_price_value
1FFC3A9A86C861741E6B2C7487B96055	invalid_price_value
1FFCF79B3AA1664F15C7E1723B596734	invalid_price_value
1FFF35B91130687609EE235F10F26964	invalid_price_value
1FFFAA12B8FB6E1B323CBCCAB9186FC2	invalid_price_value
2000C051EE9571E799B16B67FFFFFFFF	invalid_price_value
200154F957F26D9A38E3415756EE6C03	invalid_price_value
2002010F19A468A9096315D618F36979	invalid_price_value
2002ABA9A01A0F51E4E4B3A5FFFFFFFF	invalid_price_value
2003B3CBCD16A652F287AEEAFFFFFFFF	invalid_price_value
2008914C3BD44760C9712055FFFFFFFF	invalid_gender_value
200939855ED1667510B02F7A5F1767C2	invalid_price_value
2009927AF101F3A987F4AE3DFFFFFFFF	invalid_price_value
200A742A5DB36394176360C35CD06245	invalid_price_value
200B1209427663640C1104D443C862DA	invalid_price_value
200C10A95B009CAC06C310A2FFFFFFFF	invalid_price_value
200F09A7AC8868AD3B7C1DD9AD05697A	invalid_price_value
200FA5271BD9685E0CFCB3971A3D69DE	invalid_price_value
20103B20174F65E1005A2D84168A64C3	missing_fields
20136F0CF7DA65E32B6C7805F62E6484	invalid_price_value
2013963DE65567663157813FE77866CD	invalid_gender_value
201763D0AEBC6406AF4A3EBEFFFFFFFF	invalid_price_value
2017D9A3E4C9665D1D94CC6AE5BF6764	invalid_price_value
2018B5BACFF0629E3BACA05FCE9F633E	invalid_price_value
201A4279E2B06E860CCE5492E3A56F15	invalid_price_value
201C049BB5E96AFC34B8126BB4196B73	invalid_price_value
201C3C1DF6BE6DC43AD72AE0F7BD6CB3	invalid_price_value
202307C62D240AF12BD95473FFFFFFFF	invalid_price_value
20238F65C66262100AEE998FC74B63E3	invalid_price_value
2024ED8C78D36D6B0277FBFD79E96C73	invalid_price_value
2027D54131547A90CD43ED1DFFFFFFFF	invalid_price_value
202932B832E49C6EF7239F75FFFFFFFF	invalid_price_value
2029E767FB476AE02CB3F184FAC66BA5	invalid_price_value
202AB83206F6CC6BD3F0B222FFFFFFFF	invalid_price_value
202ABAFCE7FE690F2112AFD3E6926847	invalid_price_value
202C95876DC061050EA780E26C5F60CA	invalid_gender_value
202E029E5923CB160FA11BB4FFFFFFFF	invalid_price_value
202E767A84A304971ABB78DAFFFFFFFF	invalid_price_value
202F8929C0316C3903B79B98C1A16D9E	missing_fields
2030181A6F5E4A49F524D320FFFFFFFF	invalid_price_value
2033B1E43D4B7ABEA9EFDC08FFFFFFFF	invalid_price_value
203413653D74234F89D06B1AFFFFFFFF	invalid_price_value
2034DAA621C5811FDB533F01FFFFFFFF	invalid_price_value
2035F113654F8D1CBE8D515EFFFFFFFF	invalid_price_value
2036204EEA636C401D94343FEB4F6D0F	invalid_price_value
20369793310A499F25F2D736FFFFFFFF	invalid_price_value
20376B4B1608890FCE43ABF1FFFFFFFF	invalid_price_value
203A945F8A156EAB3427807C8B866FA9	invalid_price_value
203BBAC4240D65D93D76AC2A25BB64B7	invalid_price_value
203BC6E91ED86CD7002FD0061F666DEB	invalid_price_value
203CF73B709967393855E19E715B660E	invalid_price_value
203ED18CCB3468983F77C78FCAC969A2	missing_fields
2040C19AF5C8F1DC19D3D2E3FFFFFFFF	invalid_price_value
204166E8059065D23082705404426426	invalid_price_value
20444D63987B6F3604B0581899446E83	invalid_price_value
204469B279D76A182E6A7EBB78386B86	missing_fields
204820821DE34F9006050705FFFFFFFF	invalid_price_value
204825A6D3F56D9D17FB371ED2806CAD	invalid_price_value
204895A95D11EC91D0D561EBFFFFFFFF	invalid_price_value
20494094D3E5612C01C1567BD2B960A2	invalid_price_value
204AE1FDBF61651037F0F704BE9464A4	missing_fields
204B1A1514A5651A4F5FDB13FFFFFFFF	invalid_gender_value
204B27787CEBFD516C0B8F2CFFFFFFFF	invalid_price_value
204BCFC1A3B8E53333991E36FFFFFFFF	invalid_price_value
204C94D8E8096ED71A57822BE9FB6FB7	invalid_price_value
204CD4C3E503CCD7BCD7AF47FFFFFFFF	invalid_price_value
204D694248AB620836217A60493C63CD	invalid_price_value
204DCD468C19646B04D9DBBD8DBF650E	invalid_price_value
2052D3FF97B26D34039CC515969B6C7E	invalid_price_value
20534C96ADDA62C703045A7CAC2A63B6	invalid_price_value
20543AC73964A80BFDEEC12CFFFFFFFF	invalid_price_value
20548EFFE9906D0830CE9802E8486C8E	invalid_price_value
20549F3D9980642F3E098CF998D66589	invalid_price_value
20550689AF15D423AAF295FAFFFFFFFF	invalid_gender_value
20569F1B251E3C5636B71561FFFFFFFF	invalid_price_value
2058E3D82F606CCE0872F0BF2E116DF5	invalid_price_value
20593EC3027363540CF729C503F56271	invalid_price_value
20597FD8588564F60F5E6929591D6528	invalid_price_value
20599ABFE163E2091316E92EFFFFFFFF	invalid_price_value
2059D57665A6AEF856658B31FFFFFFFF	invalid_price_value
205B6942D97D64E618B17E47D8A9653C	invalid_price_value
205B9E16C02B61B0005388F2C1A0606A	invalid_price_value
205D179040E8E62C5FC6F873FFFFFFFF	invalid_price_value
205D2D5439F06F3333BC3BB6386A6E62	invalid_price_value
205DDD4AAC1D65C72EC3CBBEADCB64E0	invalid_price_value
205E03CA585C6B8315FC153659E46A13	invalid_gender_value
205EEBE0A8ED640B273EFEEEA93965A6	invalid_price_value
206011B8C74E497D7FDB2F91FFFFFFFF	invalid_price_value
20608DE7E798B093A023A1AEFFFFFFFF	invalid_price_value
2060F70FFE8C7205D1776D3EFFFFFFFF	invalid_price_value
206194E1BF06655B023C8211BE8064D3	invalid_price_value
2061BB1D663964901CBEAD1267EF6594	invalid_price_value
2063316E6A9B6BA20D0526686BE56AC6	invalid_price_value
20636D7E7CD7649A2D5C7B817D32659D	invalid_price_value
20649533B8A81DF891C00CCEFFFFFFFF	invalid_price_value
20653784858E661229222169845A67E6	invalid_price_value
206595F7A0FA6ED17204313BFFFFFFFF	invalid_price_value
2065F51AC4345405AE29A26AFFFFFFFF	invalid_price_value
2067FFFF830745B86A76873DFFFFFFFF	missing_fields
206864F709173A2B08A4F1ECFFFFFFFF	invalid_price_value
2069002934FD5A28CE8CBD78FFFFFFFF	invalid_price_value
2069CEAE644B6F2000E7DC3D658C6E7F	invalid_price_value
206A46FA81BC0AC4855ECB32FFFFFFFF	invalid_price_value
206A954291BB63931263830A90ED6207	invalid_price_value
206D9D28384F6D1E20D18BD839836CEA	missing_fields
206E65EAB20F62010B4A712AB39D63B9	invalid_price_value
206E7BEAE85F84E7238EF0B4FFFFFFFF	invalid_price_value
206EA9E62690414312E31E99FFFFFFFF	invalid_price_value
207013A6B8C3BB8BE86AB3F4FFFFFFFF	invalid_price_value
2070315AD8D32637A5B61A6DFFFFFFFF	invalid_price_value
2070BC4C10C818268BAE3199FFFFFFFF	invalid_price_value
20712C4019F767BE30FB380318A066C2	invalid_gender_value
20752DD2AE6A66A50ABF3B80AF3D67C9	invalid_price_value
2075867227946F9515EC917D267A6EA5	invalid_gender_value
20772EB1F18A8DA7D62CC0F8FFFFFFFF	invalid_price_value
20787EBAB8C06EFD05926845B9A26FC6	invalid_price_value
2078BDFF60CB6D6E2193AB18618F6CE7	invalid_gender_value
207A1B93BA0F6DA3084E0D66BB1D6C3F	invalid_price_value
207A7E1E64346C90001D68C0652A6DF5	invalid_price_value
207E768996B28F24A8BEB7D6FFFFFFFF	invalid_price_value
207F928A00006C0F0B9F858901946DFE	invalid_price_value
207FD063757663932C58C761743262D6	invalid_price_value
208067163F3661BD0C5071ED3E2C6064	invalid_price_value
2081E86520496E2733BBFE0E21516FF3	invalid_price_value
208247F3CC8C6C6921B850F0CD746D31	missing_fields
2082B18F63DB6D311DFEA29462C16CF0	invalid_price_value
2082B298ECF19A428846D7CAFFFFFFFF	invalid_gender_value
208301AA0B7D61DA2A5E174F0A2A6096	invalid_price_value
208370D9FC6403286D221856FFFFFFFF	invalid_price_value
20852BEB6C416FD52B7F380E6DF66EB7	missing_fields
20853B4A1900631D2CDE33C3181762C9	invalid_price_value
20863C1D9D1F3AB893DB31A1FFFFFFFF	invalid_price_value
2086FDF58902675A0167EB0E88846625	invalid_price_value
20874A8626774B8D29772492FFFFFFFF	invalid_price_value
2087DC5536FB030DB50CE209FFFFFFFF	invalid_price_value
20883C6CEA916A6301B02ACBEB906BD2	invalid_price_value
2088DE5640456BCD0452C8DD41346A66	invalid_price_value
2088F73A9C0C6F692BC2E3C89DFD6ECE	invalid_price_value
208997DD0D9ED05734D15E1DFFFFFFFF	invalid_price_value
2089FC8FE8BC8981FF53F742FFFFFFFF	invalid_price_value
208CCCAD2A9D6F90347E6796FFFFFFFF	invalid_price_value
208EE55C5EBCE0F85C837B20FFFFFFFF	invalid_price_value
20903513E5525DF9EFE7FA44FFFFFFFF	invalid_price_value
20939090153601582FF2F174FFFFFFFF	invalid_price_value
20956B80E285651C079F7DD7E32264D3	invalid_price_value
209621C363176DBC3FAD35A8620B6C88	invalid_price_value
2097A688A77A6F862B26B34CA6C46ED6	invalid_gender_value
2099745B896ABA45C897A000FFFFFFFF	invalid_price_value
209B0951812B695D3C5D1B7580DE68CB	invalid_price_value
209B34EC25D56E481221228F24246FAB	invalid_price_value
209CDB6D97A16EF42B04CDC596126F40	invalid_price_value
209E637E4CCC5D33E8787720FFFFFFFF	invalid_price_value
209F2428CF17649B13EF321ACED86537	invalid_price_value
