{
  "recall@1": 0.023255813953488372,
  "recall@5": 0.058789263789935924,
  "recall@10": 0.0820450777434243,
  "recall@20": 0.11390419859300085
}